t_wall,t_sim,scenario_name,control_source,control_mode,external_found,drone_found,ext_red_u,ext_red_v,ext_blue_u,ext_blue_v,drone_red_u,drone_red_v,ex_px,ev_px,cmd_vx,cmd_vy,cmd_vz,cmd_yaw_rate,cmd_frame,cmd_valid,uav_x,uav_y,uav_z,platform_x,platform_y,platform_z,world_ex,world_ey,world_sep
3.7815401554107666,0.0,breakaway,drone,tracking,1,1,391.6606321264253,299.4651596986064,399.5,299.5,377.0110327005268,299.5026712056456,-22.988967299473188,-0.49732879435441646,-0.4597793459894638,0.009946575887088329,0.0,0.0,world_xy,1,0.0,0.0,1.5,-0.18,0.0,0.25,-0.18,0.0,0.18
3.8666036128997803,0.01,breakaway,drone,tracking,1,1,391.46566065029424,299.4204227898872,398.5,299.5,378.1518348960756,299.33938844958016,-21.848165103924373,-0.6606115504198442,-0.4472305218384268,0.011742686203808035,0.0,0.0,world_xy,1,-0.004597793459894638,9.94657588708833e-05,1.5,-0.1885,0.0016199781300885736,0.25,-0.18390220654010536,0.0015205123712176904,0.1839084922677324
4.000091552734375,0.02,breakaway,drone,tracking,1,1,391.2684500648508,299.3092736705577,398.5,299.5,379.18055639442883,299.20474413023607,-20.819443605571166,-0.7952558697639347,-0.4302676144885749,0.014032023359116899,0.0,0.0,world_xy,1,-0.009070098678278907,0.00021689262090896367,1.5,-0.197,0.0032398250428343303,0.25,-0.1879299013217211,0.0030229324219253665,0.18795421232635187
4.11439323425293,0.03,breakaway,drone,tracking,1,1,368.39721232577034,298.7771735733483,397.5,299.5,380.1061210038032,299.061850543435,-19.893878996196804,-0.9381494565649859,-0.41245309547802356,0.01663405453381745,0.0,0.0,world_xy,1,-0.013372774823164657,0.00035721285450013263,1.5,-0.2055,0.0048594095315229865,0.25,-0.19212722517683534,0.0045021966770228536,0.1921799688548965
4.281461954116821,0.04,breakaway,drone,tracking,1,1,367.38210165263484,298.5517305893358,396.5,299.5,381.000149478595,298.94924808333036,-18.999850521404994,-1.0507519166696397,-0.3946022487005655,0.019043595623583893,0.0,0.0,world_xy,1,-0.017497305777944894,0.0005235533998383072,1.5,-0.214,0.006478600410696466,0.25,-0.1965026942220551,0.005955047010858159,0.19659290786146894
4.540036201477051,0.05,breakaway,drone,tracking,1,1,366.46659242761694,298.25767136847315,396.5,299.5,381.7264802317376,298.84165506809046,-18.273519768262418,-1.1583449319095394,-0.37857972936614104,0.021311412281617686,0.0,0.0,world_xy,1,-0.02144332826495055,0.0007139893560741461,1.5,-0.2225,0.008097266526778843,0.25,-0.20105667173504946,0.0073832771707046975,0.2011921917743203
4.685054540634155,0.06,breakaway,drone,tracking,1,1,365.4744822485207,297.95247781065086,395.5,299.5,382.384812398926,298.7410107012698,-17.615187601074012,-1.2589892987302278,-0.36412794182657765,0.023439017812760463,0.0,0.0,world_xy,1,-0.02522912555861196,0.000927103478890323,1.5,-0.23099999999999998,0.009715276768699719,0.25,-0.20577087444138803,0.008788173289809395,0.2059584539613395
4.828344821929932,0.07,breakaway,drone,tracking,1,1,364.60215643274853,297.73489278752436,395.5,299.5,382.9313275795003,298.6372581868879,-17.068672420499695,-1.362741813112109,-0.35161297044745654,0.025537717959975406,0.0,0.0,world_xy,1,-0.028870404976877737,0.0011614936570179277,1.5,-0.2395,0.011332500078514145,0.25,-0.21062959502312226,0.010171006421496218,0.2108750238203439
4.948829174041748,0.08,breakaway,drone,tracking,1,1,363.6164658634538,297.5907873919922,394.5,299.5,383.06904487031477,298.55503732779187,-16.93095512968523,-1.4449626722081348,-0.344466343127893,0.027386562476278416,0.0,0.0,world_xy,1,-0.0323865346813523,0.0014168708366176818,1.5,-0.248,0.012948805462018239,0.25,-0.2156134653186477,0.011531934625400557,0.2159216338001364
5.05940318107605,0.09,breakaway,drone,tracking,1,1,362.7909451659452,297.4074074074074,394.5,299.5,323.78878673788046,295.1147243382074,-76.21121326211954,-4.885275661792605,-0.9933332002908669,0.06606198539404394,0.0,0.0,world_xy,1,-0.03583119811263123,0.001690736461380466,1.5,-0.2565,0.014564061999359649,0.25,-0.22066880188736876,0.012873325537979183,0.2210439834892902
5.19873571395874,0.1,breakaway,drone,tracking,1,1,361.30382614018976,297.13149678604225,392.7428425357873,299.2387525562372,324.2948423884813,294.7389502681817,-75.7051576115187,-5.261049731818275,-1.2797566738575958,0.08759944047732081,0.0,0.0,world_xy,1,-0.0457645301155399,0.0023513563153209054,1.5,-0.265,0.01617813885564199,0.25,-0.2192354698844601,0.013826782540321084,0.21967105219140126
5.33484959602356,0.11,breakaway,drone,tracking,1,1,360.1580743222284,296.8732551647125,391.217125382263,299.0474006116208,325.7930941871599,294.5039760386744,-74.20690581284009,-5.496023961325591,-1.3921664671771592,0.09987601178937587,0.0,0.0,world_xy,1,-0.05856209685411586,0.0032273507200941136,1.5,-0.27349999999999997,0.017790905291522396,0.25,-0.2149379031458841,0.014563554571428283,0.21543072977294678
5.4495158195495605,0.12,breakaway,drone,tracking,1,1,359.0228215767635,296.5387903935621,389.1175394846218,298.6829592684954,327.65154246970195,294.29641558865916,-72.34845753029805,-5.703584411340842,-1.4223079430630003,0.10768363382996839,0.0,0.0,world_xy,1,-0.07248376152588745,0.004226110837987873,1.5,-0.282,0.019402230673801344,0.25,-0.20951623847411252,0.015176119835813472,0.21006515369668563
5.5522894859313965,0.13,breakaway,drone,tracking,1,1,358.0221088435374,296.5454144620811,387.0079004874769,298.5076483442595,329.57563761210764,294.1011712911061,-70.42436238789236,-5.898828708893916,-1.4147065606451663,0.11334475102131884,0.0,0.0,world_xy,1,-0.08670684095651746,0.005302947176287556,1.5,-0.2905,0.02101198448600385,0.25,-0.20379315904348252,0.015709037309716293,0.20439771409220853
5.660508155822754,0.14,breakaway,drone,tracking,1,1,356.77513430544894,296.21808646712714,384.5,298.5,331.51974560235476,293.9597203728362,-68.48025439764524,-6.040279627163784,-1.3899007506644225,0.11744821385839511,0.0,0.0,world_xy,1,-0.10085390656296912,0.006436394686500745,1.5,-0.299,0.02262003633895127,0.25,-0.19814609343703088,0.016183641652450523,0.1988058967975837
5.766110897064209,0.15,breakaway,drone,tracking,1,1,355.5982079546187,295.93966350802555,382.5,298.5,333.37217174104615,293.7782563276549,-66.62782825895385,-6.221743672345099,-1.3583614486474824,0.1212908766320739,0.0,0.0,world_xy,1,-0.11475291406961335,0.007610876825084696,1.5,-0.3075,0.024226255981322695,0.25,-0.19274708593038664,0.016615379156238,0.1934619082898786
5.849102258682251,0.16,breakaway,drone,tracking,1,1,354.4715526814292,295.66411914560064,380.5078951934756,298.49210480652437,335.1470703250395,293.6632114070261,-64.85292967496048,-6.336788592973903,-1.3246448783159324,0.12428556900714618,0.0,0.0,world_xy,1,-0.12833652855608818,0.008823785591405436,1.5,-0.316,0.02583051331020531,0.25,-0.18766347144391182,0.017006727718799873,0.188432500652306
5.953788757324219,0.17,breakaway,drone,tracking,1,1,353.14764109791287,295.4623179652372,379.0776397515528,298.09610075914424,336.74588389099966,293.5746094000782,-63.254116109000336,-6.425390599921798,-1.2918854724411732,0.12660780265235555,0.0,0.0,world_xy,1,-0.14158297733924752,0.010066641281476899,1.5,-0.3245,0.027432678381632592,0.25,-0.1829170226607525,0.017366037100155694,0.18373953418804082
6.038317918777466,0.18,breakaway,drone,tracking,1,1,352.05252442996743,295.2220412595005,377.073089145342,297.58772369961525,338.2632475938669,293.4035883338294,-61.73675240613312,-6.596411666170582,-1.2604527390659923,0.12953403952143638,0.0,0.0,world_xy,1,-0.15450183206365925,0.011332719308000455,1.5,-0.33299999999999996,0.029032621421109735,0.25,-0.1784981679363407,0.017699902113109282,0.17937358359425098
6.144088983535767,0.19,breakaway,drone,tracking,1,1,351.102333809621,295.01918758930395,375.5,297.5,339.68586702149383,293.32411249423694,-60.314132978506166,-6.675887505763058,-1.2306591953432644,0.13172508034804,0.0,0.0,world_xy,1,-0.16710635945431918,0.012628059703214818,1.5,-0.3415,0.030630212834125318,0.25,-0.17439364054568085,0.018002153130910498,0.1753203336185649
6.228556156158447,0.2,breakaway,drone,tracking,1,1,350.09454965044455,294.8507432294848,373.5,297.5,340.9485742637831,293.24937104164843,-59.05142573621691,-6.7506289583515695,-1.2033623210028552,0.13353320469848526,0.0,0.0,world_xy,1,-0.17941295140775182,0.01394531050669522,1.5,-0.35,0.03222532321664836,0.25,-0.17058704859224816,0.01828001270995314,0.17156369083255957
6.320923089981079,0.21,breakaway,drone,tracking,1,1,348.9587891296869,294.52837977296184,371.5,297.5,342.2146354558771,293.16774923986435,-57.7853645441229,-6.832250760135651,-1.1771520544366367,0.13524470047581053,0.0,0.0,world_xy,1,-0.19144657461778036,0.015280642553680073,1.5,-0.3585,0.03381782336560999,0.25,-0.16705342538221962,0.01853718081192992,0.16807877321180983
6.409259796142578,0.22,breakaway,drone,tracking,1,1,347.62955107811945,294.39498055850123,369.59054030726736,297.5568789918867,343.35033465325716,293.05634789921857,-56.649665346742836,-6.943652100781435,-1.1528647433106578,0.1372402883227105,0.0,0.0,world_xy,1,-0.20321809516214673,0.016633089558438178,1.5,-0.367,0.035407584289368854,0.25,-0.16378190483785326,0.018774494730930676,0.16485446310220833
6.504801988601685,0.23,breakaway,drone,tracking,1,1,346.48328289378867,294.06304943075367,368.5,296.5,344.3822364732268,292.990731006448,-55.61776352677322,-7.009268993551984,-1.1305845332843014,0.13886008867429156,0.0,0.0,world_xy,1,-0.2147467425952533,0.018005492441665282,1.5,-0.3755,0.03699447721815933,0.25,-0.1607532574047467,0.018988984776494047,0.1618709093972066
6.584431171417236,0.24,breakaway,drone,tracking,1,1,345.7533092659446,294.03836624902664,366.5,296.5,345.3519271198318,292.9215195047886,-54.64807288016817,-7.078480495211409,-1.1098918416597856,0.1403503253507567,0.0,0.0,world_xy,1,-0.22605258792809632,0.019394093328408198,1.5,-0.384,0.03857837361452181,0.25,-0.1579474120719037,0.01918428028611361,0.15910820717457635
6.671924591064453,0.25,breakaway,drone,tracking,1,1,344.71129228348707,293.740828148466,365.0,296.5,346.21922589758407,292.8328692921475,-53.78077410241593,-7.167130707852493,-1.0910398438734787,0.14199608419421794,0.0,0.0,world_xy,1,-0.23715150634469417,0.020797596581915764,1.5,-0.39249999999999996,0.04015914518371418,0.25,-0.15534849365530579,0.01936154860179842,0.15655038819891948
6.7676990032196045,0.26,breakaway,drone,tracking,1,1,343.70764499749697,293.4694271615533,363.5,296.5,347.06482438167285,292.7856446538127,-52.93517561832715,-7.21435534618729,-1.073254861544664,0.14325614669545825,0.0,0.0,world_xy,1,-0.24806190478342896,0.022217557423857944,1.5,-0.401,0.041736663884103624,0.25,-0.15293809521657106,0.01951910646024568,0.15417865119879393
6.8505072593688965,0.27,breakaway,drone,tracking,1,1,342.33222517730496,293.42582742316785,361.5,296.5,347.7834614195099,292.74846675886533,-52.21653858049012,-7.251533241134666,-1.0573466120804902,0.14423213166543755,0.0,0.0,world_xy,1,-0.2587944533988756,0.023650118890812526,1.5,-0.4095,0.04331080193753792,0.25,-0.1507055466011244,0.019660683046725393,0.15198257871942913
6.940677642822266,0.28,breakaway,drone,tracking,1,1,341.14803149606297,292.9923509561305,360.5,295.5,348.5146822063559,292.67534649307015,-51.48531779364413,-7.324653506929849,-1.042144471166306,0.14547564782567524,0.0,0.0,world_xy,1,-0.2693679195196805,0.025092440207466902,1.5,-0.41800000000000004,0.04488143183969539,0.25,-0.14863208048031956,0.019788991632228487,0.14994365454306027
7.016631841659546,0.29,breakaway,drone,tracking,1,1,342.11635487528343,293.0287698412698,358.5,295.5,349.2003665633518,292.67357183299185,-50.79963343664821,-7.326428167008146,-1.0277609798279679,0.14605475135864346,0.0,0.0,world_xy,1,-0.27978936423134354,0.026547196685723654,1.5,-0.4265,0.04644842637041269,0.25,-0.14671063576865645,0.019901229684689034,0.1480542792039667
7.122854948043823,0.3,breakaway,drone,tracking,1,1,341.68288060644346,292.70878079595707,357.5,295.5,349.76685050628845,292.6378301088447,-50.23314949371155,-7.362169891155304,-1.0150570853534127,0.1467085069140979,0.0,0.0,world_xy,1,-0.2900669740296232,0.028007744199310087,1.5,-0.435,0.04801165860398961,0.25,-0.14493302597037677,0.02000391440467952,0.14630700122837476
7.23066520690918,0.31,breakaway,drone,tracking,1,1,340.431339031339,292.68084045584044,355.5,295.5,350.3319503043247,292.63006016467966,-49.66804969567528,-7.369939835320338,-1.0031242350614638,0.1470881662998678,0.0,0.0,world_xy,1,-0.30021754488315733,0.029474829268451064,1.5,-0.4435,0.0495710019194699,0.25,-0.14328245511684268,0.020096172651018835,0.14468489243708063
7.316672086715698,0.32,breakaway,drone,tracking,1,1,339.9256497656583,292.3360318136628,354.5,295.0,350.8837695479018,292.5639255807435,-49.11623045209819,-7.436074419256499,-0.9916844407507388,0.147986493446762,0.0,0.0,world_xy,1,-0.31024878723377197,0.03094571093144974,1.5,-0.452,0.05112633001089759,0.25,-0.14175121276622804,0.02018061907944785,0.14318052837982626
7.42454719543457,0.33,breakaway,drone,tracking,1,1,339.052731092437,292.3244397759103,352.99209951252305,294.5076483442595,351.37662746745065,292.5490165196696,-48.623372532549354,-7.450983480330422,-0.9811150961958753,0.14855474033467755,0.0,0.0,world_xy,1,-0.32016563164127937,0.032425575865917364,1.5,-0.4605,0.05267751689754765,0.25,-0.14033436835872065,0.020251941031630284,0.14178813793187964
7.529075384140015,0.34,breakaway,drone,tracking,1,1,342.5601521635758,292.88820732287206,351.5,294.5,351.82043602139237,292.51849646185104,-48.17956397860763,-7.4815035381489565,-0.971476997052828,0.14914617207024342,0.0,0.0,world_xy,1,-0.32997678260323815,0.03391112326926414,1.5,-0.46900000000000003,0.05422443693413035,0.25,-0.13902321739676188,0.02031331366486621,0.14049941525641504
7.640642881393433,0.35000000000000003,breakaway,drone,tracking,1,1,341.5365101944049,292.7461830251304,350.0,294.5,352.20235551039946,292.52263251935676,-47.79764448960054,-7.477367480643238,-0.9629387380593785,0.14936681971868518,0.0,0.0,world_xy,1,-0.33969155257376643,0.035402584989966575,1.5,-0.47750000000000004,0.055766964820968525,0.25,-0.1378084474262336,0.02036437983100195,0.13930497531649869
7.896175146102905,0.36,breakaway,drone,tracking,1,1,340.53896165527715,292.522446848899,348.5,294.5,352.5967030659387,292.49459260814785,-47.4032969340613,-7.505407391852145,-0.9547586984013947,0.1497745501837819,0.0,0.0,world_xy,1,-0.3493209399543602,0.03689625318715343,1.5,-0.486,0.057304975614146686,0.25,-0.1366790600456398,0.020408722426993257,0.138194360977797
8.061161994934082,0.37,breakaway,drone,tracking,1,1,339.52404028886355,292.3002185480806,347.5,293.5,352.9859840919444,292.49593538666386,-47.014015908055626,-7.504064613336141,-0.9467955892692395,0.14994325832939942,0.0,0.0,world_xy,1,-0.3588685269383741,0.038393998688991245,1.5,-0.4945,0.058838344735631536,0.25,-0.13563147306162587,0.02044434604664029,0.13716365323999402
8.24863314628601,0.38,breakaway,drone,tracking,1,1,338.5009001326511,292.1335986355884,345.99209951252305,293.5076483442595,353.34988101070905,292.47823195912366,-46.650118989290945,-7.5217680408763385,-0.9392093240533582,0.15021391469786946,0.0,0.0,world_xy,1,-0.3683364828310665,0.039893431272285236,1.5,-0.503,0.060366947983362576,0.25,-0.1346635171689335,0.02047351671107734,0.13621096777729175
8.381586074829102,0.39,breakaway,drone,tracking,1,1,337.4862572268031,291.9743152307838,344.5,293.5,353.5972489587344,292.47968219523295,-46.40275104126562,-7.520317804767046,-0.9330744572779329,0.15031975746647877,0.0,0.0,world_xy,1,-0.3777285760716001,0.04139557041926393,1.5,-0.5115000000000001,0.061890661541312494,0.25,-0.13377142392839997,0.020495091122048566,0.13533234136721634
8.487794637680054,0.4,breakaway,drone,tracking,1,1,336.49732443055353,291.8756452147559,343.0079004874769,293.49235165574044,353.90464510552806,292.475314481937,-46.09535489447194,-7.524685518062995,-0.9269324096142612,0.1504154315586084,0.0,0.0,world_xy,1,-0.3870593206443794,0.042898767993928714,1.5,-0.52,0.0634093619895162,0.25,-0.1329406793556206,0.020510593995587488,0.1345136004037724
8.644777774810791,0.41000000000000003,breakaway,drone,tracking,1,1,335.45249917245945,291.6602354943964,342.0,293.0,354.14195541230185,292.46878394002033,-45.858044587698146,-7.53121605997967,-0.9215580747910971,0.15053032086115015,0.0,0.0,world_xy,1,-0.39632864474052204,0.0444029223095148,1.5,-0.5285,0.06492292631406772,0.25,-0.13217135525947793,0.020520004004552922,0.1337547670756971
8.771658658981323,0.42,breakaway,drone,tracking,1,1,334.4224084860538,291.43704124638913,340.5,292.5,354.4264613230662,292.4606405320266,-45.57353867693382,-7.539359467973384,-0.9160100591022657,0.1506715985352248,0.0,0.0,world_xy,1,-0.405544225488433,0.0459082255181263,1.5,-0.5369999999999999,0.06643123191708433,0.25,-0.13145577451156693,0.02052300639895803,0.13304816588020896
8.849590301513672,0.43,breakaway,drone,tracking,1,1,333.4200906772457,291.2204118258241,339.0,292.5,354.61291564578227,292.4746762338117,-45.387084354217734,-7.525323766188308,-0.9114624544924146,0.15058078076892253,0.0,0.0,world_xy,1,-0.4147043260794557,0.04741494150347855,1.5,-0.5455,0.06793415662663682,0.25,-0.1307956739205443,0.02051921512315827,0.1323954172379082
8.954584121704102,0.44,breakaway,drone,tracking,1,1,332.3940340909091,291.0616477272727,338.0,292.5,354.85588221552547,292.4626462961665,-45.14411778447453,-7.537353703833503,-0.9067434001508065,0.1506722420881837,0.0,0.0,world_xy,1,-0.4238189506243798,0.04892074931116778,1.5,-0.554,0.06943157870664546,0.25,-0.13018104937562025,0.02051082939547768,0.13178694828786375
9.078755140304565,0.45,breakaway,drone,tracking,1,1,331.36095346197504,290.9435300794552,336.5,292.5,355.03007044474816,292.4810044509866,-44.96992955525184,-7.518995549013425,-0.9027037551756331,0.15051145997883034,0.0,0.0,world_xy,1,-0.43288638462588785,0.05042747173204962,1.5,-0.5625,0.07092337686674048,0.25,-0.12961361537411215,0.020495905134690864,0.13122412665984304
9.168756008148193,0.46,breakaway,drone,tracking,1,1,330.30415423239066,290.75553029226467,335.0079004874769,291.5076483442595,355.2000502095958,292.48174939573335,-44.799949790404185,-7.518250604266655,-0.8990161375234809,0.15043091363740688,0.0,0.0,world_xy,1,-0.4419134221776442,0.05193258633183792,1.5,-0.571,0.07240943027208654,0.25,-0.12908657782235577,0.020476843940248624,0.1307005956820412
9.280136585235596,0.47000000000000003,breakaway,drone,tracking,1,1,329.26434988179665,290.5258156028369,333.99209951252305,291.5076483442595,355.3991005494698,292.48428586427747,-44.60089945053022,-7.515714135722533,-0.8951671558413989,0.15036676662978096,0.0,0.0,world_xy,1,-0.45090358355287896,0.05343689546821199,1.5,-0.5795,0.0738896185531703,0.25,-0.12859641644712105,0.020452723084958317,0.13021271905859033
9.587762594223022,0.48,breakaway,drone,tracking,1,1,328.21371158392435,290.37787234042554,332.5,291.5,355.5385678787667,292.4934553599552,-44.461432121233315,-7.506544640044808,-0.891900973462196,0.15023703602389432,0.0,0.0,world_xy,1,-0.45985525511129294,0.0549405631345098,1.5,-0.588,0.0753638218155503,0.25,-0.12814474488870703,0.02042325868104051,0.12976203272816167
9.777629375457764,0.49,breakaway,drone,tracking,1,1,327.2371256348189,290.14675589728984,331.5,291.5,355.64441450269476,292.49947504724577,-44.35558549730524,-7.500524952754233,-0.889266878528346,0.150112440691049,0.0,0.0,world_xy,1,-0.4687742648459149,0.05644293349474874,1.5,-0.5965,0.0768319206495683,0.25,-0.12772573515408514,0.020388987154819557,0.1293428553026834
9.977743148803711,0.5,breakaway,drone,tracking,1,1,326.25269886363634,289.9947443181818,330.0,291.0,355.8320312043817,292.5107031496339,-44.16796879561832,-7.489296850366088,-0.8860177520895574,0.14993286366499903,0.0,0.0,world_xy,1,-0.47766693363119833,0.057944057901659234,1.5,-0.605,0.07829379614002144,0.25,-0.12733306636880165,0.020349738238362204,0.1289489109579895
10.298092603683472,0.51,breakaway,drone,tracking,1,1,325.157479941129,289.87527892512935,328.99209951252305,290.5076483442595,355.9634783218254,292.519382426133,-44.03652167817461,-7.4806175738669936,-0.8831097269002214,0.1497565819617865,0.0,0.0,world_xy,1,-0.4865271111520939,0.059443386538309224,1.5,-0.6134999999999999,0.07974932987579424,0.25,-0.12697288884790603,0.020305943337485012,0.1285863361217196
10.401423692703247,0.52,breakaway,drone,tracking,1,1,324.0905343945424,289.63004548038657,327.5,290.5,356.0430699141405,292.5360960224286,-43.95693008585948,-7.4639039775714195,-0.8809256080495539,0.14949340563608954,0.0,0.0,world_xy,1,-0.4953582084210961,0.06094095235792709,1.5,-0.622,0.08119840395944992,0.25,-0.12664179157890387,0.020257451601522834,0.128251735737582
10.492905139923096,0.53,breakaway,drone,tracking,1,1,323.0923928470054,289.5043996593812,326.0,290.5,356.14996087774,292.55642364152334,-43.85003912226,-7.443576358476662,-0.8787669539671592,0.14915137247948357,0.0,0.0,world_xy,1,-0.5041674645015917,0.06243588641428799,1.5,-0.6305000000000001,0.08264090101678001,0.25,-0.1263325354984084,0.020205014602492022,0.12793807932177007
10.580256938934326,0.54,breakaway,drone,tracking,1,1,322.0475447062163,289.3383479988646,324.5,290.5,356.2644640157816,292.6101004441487,-43.735535984218416,-7.3898995558512866,-0.8765360251116242,0.14840701273013177,0.0,0.0,world_xy,1,-0.5129551340412632,0.06392740013908282,1.5,-0.639,0.08407670420631153,0.25,-0.12604486595873676,0.0201493040672287,0.1276452219589498
10.772507905960083,0.55,breakaway,drone,tracking,1,1,321.04124004550624,289.1357129313614,323.5,289.5,356.33494394939396,292.62496571605305,-43.66505605060604,-7.375034283946945,-0.8747568278568975,0.14790853285197572,0.0,0.0,world_xy,1,-0.5217204942923795,0.06541147026638414,1.5,-0.6475,0.08550569722877115,0.25,-0.12577950570762042,0.02009422696238701,0.12737449514431545
10.939944505691528,0.56,breakaway,drone,tracking,1,1,320.00542082738946,288.9921540656205,322.0079004874769,289.5076483442595,356.4486735265295,292.6114727705446,-43.55132647347051,-7.388527229455406,-0.8727051637437795,0.14783263930739854,0.0,0.0,world_xy,1,-0.5304680625709485,0.0668905555949039,1.5,-0.656,0.08692776433650536,0.25,-0.12553193742905155,0.02003720874160146,0.12712103307024303
11.130800724029541,0.5700000000000001,breakaway,drone,tracking,1,1,318.98051763367465,288.7967387182404,321.0,289.5,356.51918095904796,292.6283689184459,-43.48081904095204,-7.371631081554085,-0.8710063331351734,0.1476126295854243,0.0,0.0,world_xy,1,-0.5391951142083863,0.06836888198797789,1.5,-0.6645000000000001,0.08834279034285593,0.25,-0.1253048857916138,0.019973908354878042,0.1268868449375996
11.367043733596802,0.58,breakaway,drone,tracking,1,1,317.98652099886493,288.6238649262202,319.99209951252305,289.49235165574044,356.60359003985684,292.68219510629484,-43.39640996014316,-7.3178048937051585,-0.8693133594724027,0.14692153714419767,0.0,0.0,world_xy,1,-0.547905177539738,0.06984500828383212,1.5,-0.6729999999999999,0.08975066063149,0.25,-0.12509482246026193,0.01990565234765787,0.12666866069296806
11.831037282943726,0.59,breakaway,drone,tracking,1,1,316.93909710391824,288.4478989210676,318.5,289.5,356.66026415468747,292.69769871424484,-43.33973584531253,-7.3023012857551635,-0.8679281060610191,0.14644000585819578,0.0,0.0,world_xy,1,-0.556598311134462,0.0713142236552741,1.5,-0.6815,0.09115126116568398,0.25,-0.12490168886553799,0.019837037510409883,0.12646714964232042
11.936106204986572,0.6,breakaway,drone,tracking,1,1,315.95609548167096,288.32082978118785,317.0079004874769,288.5076483442595,356.7072266867424,292.70817211454846,-43.29277331325761,-7.291827885451539,-0.8667881541732924,0.14610810937615504,0.0,0.0,world_xy,1,-0.5652775921950722,0.07277862371385606,1.5,-0.69,0.09254447849756035,0.25,-0.12472240780492772,0.019765854783704295,0.1262789294537659
12.035081386566162,0.61,breakaway,drone,tracking,1,1,314.88616844602603,288.0825148279952,316.0,288.5,356.7574033552151,292.7379722830051,-43.242596644784896,-7.262027716994908,-0.8657232324706154,0.14563095410621377,0.0,0.0,world_xy,1,-0.5739454737368052,0.07423970480761762,1.5,-0.6984999999999999,0.09393019977727698,0.25,-0.12455452626319474,0.01969049496965937,0.1261013307019361
12.12359094619751,0.62,breakaway,drone,tracking,1,1,313.8515884305358,287.97837837837835,314.5,288.5,356.8057126515271,292.7714997752993,-43.194287348472926,-7.228500224700724,-0.8647126154449792,0.14504743181950416,0.0,0.0,world_xy,1,-0.5826027060615113,0.07569601434867976,1.5,-0.7070000000000001,0.09530831276216786,0.25,-0.12439729393848875,0.019612298413488105,0.12593382781555748
12.210731983184814,0.63,breakaway,drone,tracking,1,1,312.8248780256738,287.8242622329591,313.5,288.5,356.8434284179989,292.782472668266,-43.156571582001106,-7.217527331734004,-0.8638429643522528,0.14466414496785093,0.0,0.0,world_xy,1,-0.5912498322159612,0.0771464886668748,1.5,-0.7155,0.09667870582583468,0.25,-0.12425016778403886,0.019532217158959878,0.12577603786694258
12.301764965057373,0.64,breakaway,drone,tracking,1,1,311.8231678486997,287.6158865248227,312.0,288.0,356.91304017885807,292.807604971134,-43.08695982114193,-7.192395028865974,-0.8626858919910749,0.14421521055305864,0.0,0.0,world_xy,1,-0.5998882618594837,0.07859313011655332,1.5,-0.724,0.09804126796718854,0.25,-0.12411173814051624,0.01944813785063522,0.12562624570573372
12.38814377784729,0.65,breakaway,drone,tracking,1,1,310.8237852145963,287.4686613726602,311.0,287.5,356.9746726878107,292.8604168125277,-43.02532731218929,-7.139583187472283,-0.8614872518300659,0.1434322598110715,0.0,0.0,world_xy,1,-0.6085151207793945,0.0800352822220839,1.5,-0.7324999999999999,0.09939588881944098,0.25,-0.12398487922060542,0.01936060659735707,0.12548738328280554
12.478193759918213,0.66,breakaway,drone,tracking,1,1,309.7519038834492,287.27463223120947,309.5,287.5,357.00201316434425,292.89600401465816,-42.99798683565575,-7.1039959853418395,-0.8606471185157429,0.1426884727537424,0.0,0.0,world_xy,1,-0.6171299932976951,0.08146960482019462,1.5,-0.7410000000000001,0.10074245865904359,0.25,-0.12387000670230497,0.01927285383884897,0.12536036636641867
12.581599712371826,0.67,breakaway,drone,tracking,1,1,308.6994039171161,287.09267669599774,308.5,287.5,357.0353979202409,292.93793984804455,-42.96460207975912,-7.06206015195545,-0.8599018262094348,0.14189247441069405,0.0,0.0,world_xy,1,-0.6257364644828526,0.08289648954773204,1.5,-0.7495,0.10208086841457563,0.25,-0.12376353551714747,0.019184378866843585,0.12524157902314556
12.665088891983032,0.68,breakaway,drone,tracking,1,1,307.66145981255323,286.9779892076115,307.0079004874769,287.49235165574044,357.0622417536242,292.95274529028643,-42.93775824637578,-7.04725470971357,-0.8592711625043792,0.1413714152916616,0.0,0.0,world_xy,1,-0.6343354827449469,0.08431541429183899,1.5,-0.758,0.10341100967557865,0.25,-0.12366451725505312,0.019095595383739658,0.12513015060721708
12.746490955352783,0.6900000000000001,breakaway,drone,tracking,1,1,306.62084635046864,286.90613462084633,306.0,287.0,357.10520756742875,292.98198592486256,-42.89479243257125,-7.018014075137444,-0.8585147398852544,0.1408152917077596,0.0,0.0,world_xy,1,-0.6429281943699907,0.08572912844475561,1.5,-0.7665,0.10473277470133775,0.25,-0.12357180563000925,0.019003646256582143,0.12502451646659585
12.854830026626587,0.7000000000000001,breakaway,drone,tracking,1,1,305.6335935651762,286.66084693636145,305.0,286.5,357.13903768278306,293.00647691068866,-42.860962317216945,-6.9935230893113385,-0.8578022184377508,0.14029563525091654,0.0,0.0,world_xy,1,-0.6515133417688432,0.0871372813618332,1.5,-0.7750000000000001,0.10604605642960853,0.25,-0.1234866582311569,0.01890877506777533,0.1249259642174607
12.97147512435913,0.71,breakaway,drone,tracking,1,1,304.6195878237852,286.50467952353944,303.99209951252305,286.5076483442595,357.15888853878556,293.0444631166194,-42.84111146121444,-6.955536883380603,-0.8572632243703467,0.13964394158009907,0.0,0.0,world_xy,1,-0.6600913639532208,0.08854023771434237,1.5,-0.7834999999999999,0.10735074848528901,0.25,-0.1234086360467791,0.018810510770946642,0.12483399683736111
13.067107200622559,0.72,breakaway,drone,tracking,1,1,303.5490780141844,286.29839243498816,302.0,286.5,357.20386229764677,293.1038488706749,-42.796137702353235,-6.896151129325119,-0.8565259656925416,0.1386974361336209,0.0,0.0,world_xy,1,-0.6686639961969242,0.08993667713014336,1.5,-0.792,0.10864674518903608,0.25,-0.12333600380307586,0.01871006805889272,0.12474709006979176
13.150517702102661,0.73,breakaway,drone,tracking,1,1,302.50993471473174,286.1132557479421,300.99209951252305,286.49235165574044,357.2349857869146,293.14293052223604,-42.76501421308541,-6.857069477763957,-0.8558518409055833,0.13784161051553295,0.0,0.0,world_xy,1,-0.6772292558538496,0.09132365149147957,1.5,-0.8005,0.1099339415658253,0.25,-0.12327074414615036,0.018610290074345726,0.12466763517046818
13.347674131393433,0.74,breakaway,drone,tracking,1,1,301.4985811577753,286.0178774120318,299.99209951252305,285.5076483442595,357.25987661886666,293.17926449903405,-42.740123381133344,-6.820735500965952,-0.8552746855999793,0.1370568152426153,0.0,0.0,world_xy,1,-0.6857877742629055,0.09270206759663491,1.5,-0.8089999999999999,0.11121223335345388,0.25,-0.12321222573709445,0.018510165756818978,0.12459485867175112
13.49591875076294,0.75,breakaway,drone,tracking,1,1,300.48240635641315,285.89245175936435,298.99209951252305,285.5076483442595,357.2621094593569,293.20599067313356,-42.73789054064309,-6.794009326866444,-0.8549904044670648,0.13640966945470775,0.0,0.0,world_xy,1,-0.6943405211189053,0.09407263574906106,1.5,-0.8174999999999999,0.11248151701098598,0.25,-0.12315947888109458,0.018408881261924914,0.12452768426168709
13.589484930038452,0.76,breakaway,drone,tracking,1,1,299.46399206124187,285.7624515641244,297.0,285.5,357.2745764096817,293.22857826571646,-42.725423590318314,-6.771421734283535,-0.8547253415036806,0.13586999033173738,0.0,0.0,world_xy,1,-0.7028904251635759,0.09543673244360815,1.5,-0.8260000000000001,0.11374168972713927,0.25,-0.12310957483642415,0.018304957283531126,0.1244630020430048
13.703285932540894,0.77,breakaway,drone,tracking,1,1,298.402231995082,285.57875821629545,296.0,285.5,357.29568678256504,293.26576679096854,-42.70431321743496,-6.7342332090314585,-0.8543738490684407,0.13521806094862787,0.0,0.0,world_xy,1,-0.7114376785786127,0.09679543234692552,1.5,-0.8345,0.11499264942861279,0.25,-0.12306232142138729,0.01819721708168727,0.12440045684457468
13.799679040908813,0.78,breakaway,drone,tracking,1,1,297.33796296296293,285.42899659863946,294.99209951252305,285.49235165574044,357.31034462633863,293.2994368087776,-42.68965537366137,-6.700563191222386,-0.8540544411910733,0.13455432253032878,0.0,0.0,world_xy,1,-0.7199814170692972,0.09814761295641179,1.5,-0.843,0.11623429478835462,0.25,-0.12301858293070278,0.018086681831942827,0.12434106242898252
13.89342212677002,0.79,breakaway,drone,tracking,1,1,296.3725212464589,285.21808309726157,293.5,285.0,357.31812001423873,293.3246675186592,-42.68187998576127,-6.675332481340774,-0.853825178379357,0.1339781024333965,0.0,0.0,world_xy,1,-0.728521961481208,0.09949315618171509,1.5,-0.8514999999999999,0.11746652523376953,0.25,-0.12297803851879197,0.017973369052054447,0.12428451212042001
14.133643865585327,0.8,breakaway,drone,tracking,1,1,295.3394886363636,285.0764204545454,292.0079004874769,284.5076483442595,357.3251454616547,293.35886572007166,-42.6748545383453,-6.6411342799283375,-0.8536447301925089,0.13334262317424014,0.0,0.0,world_xy,1,-0.7370602132650015,0.10083293720604905,1.5,-0.8600000000000001,0.11868924095486517,0.25,-0.12293978673499861,0.017856303748816124,0.12422978204125179
14.302337408065796,0.81,breakaway,drone,tracking,1,1,294.30400227079195,284.9879364178257,291.0,284.5,357.3340278628917,293.4024536153473,-42.66597213710833,-6.597546384652674,-0.8534658220948206,0.13257719065958745,0.0,0.0,world_xy,1,-0.7455966605669265,0.10216636343779145,1.5,-0.8685,0.11990234291233663,0.25,-0.12290333943307352,0.01773597947454518,0.12417647044316718
14.503210067749023,0.8200000000000001,breakaway,drone,tracking,1,1,293.28255319148934,284.9017021276596,290.0,284.5,357.3752580927384,293.46292213473316,-42.62474190726158,-6.537077865266838,-0.8529317809225466,0.13156759231474957,0.0,0.0,world_xy,1,-0.7541313187878748,0.10349213534438732,1.5,-0.877,0.1211057328455886,0.25,-0.12286868121212524,0.017613597501201284,0.12412474225448036
14.621038436889648,0.8300000000000001,breakaway,drone,tracking,1,1,292.19604231604796,284.6578350807594,288.5,284.5,357.3858712770798,293.5053547054912,-42.61412872292021,-6.494645294508814,-0.8525747173672684,0.13064651478123426,0.0,0.0,world_xy,1,-0.7626606365971003,0.10480781126753481,1.5,-0.8855,0.12229931328069449,0.25,-0.12283936340289969,0.017491502013159674,0.12407845036067311
14.723872184753418,0.84,breakaway,drone,tracking,1,1,291.1727624988186,284.54011908137227,287.0,284.0,357.38878583178746,293.5281929228938,-42.61121416821254,-6.4718070771061775,-0.8523819786656088,0.12998080949972338,0.0,0.0,world_xy,1,-0.771186383770773,0.10611427641534715,1.5,-0.8939999999999999,0.12348298753829158,0.25,-0.12281361622922693,0.017368711122944427,0.12403570638075202
14.82150912284851,0.85,breakaway,drone,tracking,1,1,290.1584893174513,284.40555870674984,285.99209951252305,283.5076483442595,357.40065796381197,293.56080915549643,-42.599342036188034,-6.439190844503571,-0.8521646527975923,0.1293224635644148,0.0,0.0,world_xy,1,-0.779710203557429,0.10741408451034438,1.5,-0.9024999999999999,0.12465665974141221,0.25,-0.12278979644257082,0.017242575231067828,0.1239945180683687
14.936249732971191,0.86,breakaway,drone,tracking,1,1,289.1310097289128,284.2972513459904,285.0,283.5,357.370490348865,293.6432377850543,-42.62950965113498,-6.356762214945718,-0.8523986999214015,0.12811949296838954,0.0,0.0,world_xy,1,-0.788231850085405,0.10870730914598853,1.5,-0.911,0.12582023482324967,0.25,-0.12276814991459506,0.017112925677261137,0.12395511630702441
15.03874945640564,0.87,breakaway,drone,tracking,1,1,288.0886358244365,284.1085646500593,284.0,283.5,357.38300095133036,293.68199300801336,-42.61699904866964,-6.3180069919866355,-0.8523664044999967,0.12715184874762828,0.0,0.0,world_xy,1,-0.796755837084619,0.10998850407567243,1.5,-0.9195,0.12697361853485845,0.25,-0.12274416291538104,0.016985114459186018,0.1239137750332434
15.150646209716797,0.88,breakaway,drone,tracking,1,1,287.10809401952423,284.00156383281205,282.0079004874769,283.49235165574044,357.38951048542896,293.71493524306464,-42.61048951457104,-6.2850647569353555,-0.85228026668528,0.12635404426272165,0.0,0.0,world_xy,1,-0.8052795011296189,0.11126002256314871,1.5,-0.9279999999999999,0.12811671745278855,0.25,-0.12272049887038106,0.01685669488963984,0.12387279364573
15.247746229171753,0.89,breakaway,drone,tracking,1,1,286.01365576102415,283.86069227121857,280.99209951252305,283.49235165574044,357.397733307655,293.7490531132003,-42.60226669234498,-6.250946886799682,-0.852151053624171,0.12561973567302123,0.0,0.0,world_xy,1,-0.8138023037964717,0.11252356300577593,1.5,-0.9364999999999999,0.1292494389866526,0.25,-0.12269769620352822,0.01672587598087666,0.12383246577929782
15.317001342773438,0.9,breakaway,drone,tracking,1,1,285.00866231184324,283.68815677364387,280.0,282.5,357.40142402754674,293.7803320785549,-42.59857597245326,-6.21966792144508,-0.8520523098278627,0.12494522818875543,0.0,0.0,world_xy,1,-0.8223238143327134,0.11377976036250614,1.5,-0.9450000000000001,0.13037169138662566,0.25,-0.12267618566728666,0.016591931024119516,0.1237931286662702
15.416373014450073,0.91,breakaway,drone,tracking,1,1,283.99914893617023,283.58879432624116,279.0,282.5,357.43885988577836,293.87047288695794,-42.561140114221644,-6.129527113042059,-0.8515960806789764,0.1236501509284026,0.0,0.0,world_xy,1,-0.8308443374309921,0.1150292126443937,1.5,-0.9535,0.13148338375087693,0.25,-0.12265566256900795,0.01645417110648323,0.12375439914218712
15.515682220458984,0.92,breakaway,drone,tracking,1,1,282.9736245036869,283.4285309132161,277.4920945395273,282.50741646291766,357.4416164517937,293.90354073243645,-42.55838354820628,-6.096459267563546,-0.8513604553358084,0.12270361986098018,0.0,0.0,world_xy,1,-0.8393602982377818,0.11626571415367773,1.5,-0.962,0.13258442603293275,0.25,-0.12263970176221817,0.016318711879255016,0.12372064017666558
15.595150709152222,0.93,breakaway,drone,tracking,1,1,281.9653409090909,283.32301136363634,276.0,282.5,357.4385820424756,293.96437583234035,-42.561417957524384,-6.035624167659648,-0.8512878024338821,0.1216084947816972,0.0,0.0,world_xy,1,-0.8478739027911398,0.11749275035228753,1.5,-0.9704999999999999,0.1336747290489702,0.25,-0.12262609720886009,0.016181978696682683,0.12368919173160076
15.671912908554077,0.9400000000000001,breakaway,drone,tracking,1,1,280.9605082254776,283.1682074621912,275.0,282.5,357.4570367255397,293.9998598261845,-42.542963274460305,-6.00014017381551,-0.8510521071143103,0.12072536456373435,0.0,0.0,world_xy,1,-0.8563867808154787,0.1187088353001045,1.5,-0.9790000000000001,0.1347542044850412,0.25,-0.1226132191845214,0.016045369184936695,0.12365862441040011
15.750694990158081,0.9500000000000001,breakaway,drone,tracking,1,1,279.8701834210152,283.03559410398594,274.0,282.0,357.45819462452255,294.0375302239198,-42.54180537547745,-5.962469776080184,-0.8509333073316916,0.11991358159056248,0.0,0.0,world_xy,1,-0.8648973018866218,0.11991608894574184,1.5,-0.9875,0.1358227649042255,0.25,-0.1226026981133782,0.015906675958483676,0.12363027106954168
15.824370384216309,0.96,breakaway,drone,tracking,1,1,278.85787451984635,282.9787072603974,272.5,281.51484018264836,357.46271637816244,294.0942544443665,-42.53728362183756,-5.905745555633473,-0.8508301081394742,0.11892431282772131,0.0,0.0,world_xy,1,-0.8734066349599388,0.12111522476164746,1.5,-0.996,0.1368803237537135,0.25,-0.12259336504006124,0.015765098992066046,0.1236028781949488
15.893075704574585,0.97,breakaway,drone,tracking,1,1,277.84371444823665,282.83854759196055,271.4920945395273,281.50741646291766,357.4580573951435,294.12992162771405,-42.5419426048565,-5.8700783722859455,-0.850834917316185,0.11808680286761998,0.0,0.0,world_xy,1,-0.8819149360413335,0.12230446788992468,1.5,-1.0045,0.1379267953718166,0.25,-0.12258506395866642,0.01562232748189192,0.12357651484688266
15.96811842918396,0.98,breakaway,drone,tracking,1,1,276.8507116848725,282.6632619284059,270.0,281.5,357.4589684291671,294.17729539694216,-42.5410315708329,-5.8227046030578435,-0.8508270600714452,0.11718881192406527,0.0,0.0,world_xy,1,-0.8904232852144954,0.12348533591860088,1.5,-1.013,0.1389620949949058,0.25,-0.12257671478550447,0.015476759076304927,0.12354991331082713
16.038133144378662,0.99,breakaway,drone,tracking,1,1,275.834043157297,282.57136096914627,269.0,281.5,357.4281570453895,294.24830307168827,-42.571842954610474,-5.7516969283117305,-0.8511624495328656,0.11600363157725842,0.0,0.0,world_xy,1,-0.8989315558152099,0.12465722403784153,1.5,-1.0215,0.13998613876427776,0.25,-0.12256844418479018,0.01532891472643623,0.12352327366359094
16.129820823669434,1.0,breakaway,drone,tracking,1,1,274.8556486345781,282.49581144398695,267.50790546047267,281.4925835370823,357.42742166115124,294.29533264464015,-42.57257833884876,-5.704667355359845,-0.8513214640171259,0.11495297511872458,0.0,0.0,world_xy,1,-0.9074431803105385,0.12581726035361412,1.5,-1.03,0.14099884373294702,0.25,-0.12255681968946153,0.015181583379332897,0.12349354042337121
16.206167221069336,1.01,breakaway,drone,tracking,1,1,273.8041642952001,282.33314361601214,266.0,280.5,357.47171561592046,294.37082997864667,-42.52828438407954,-5.629170021353332,-0.8509057870325816,0.11364970903831272,0.0,0.0,world_xy,1,-0.9159563949507098,0.12696679010480136,1.5,-1.0385,0.1420001278723648,0.25,-0.12254360504929018,0.015033337767563437,0.12346228729012786
16.280417442321777,1.02,breakaway,drone,tracking,1,1,272.70596859629205,282.20251608021186,265.0,280.5,357.47112658803763,294.41845448500334,-42.528873411962365,-5.581545514996662,-0.8507252116962478,0.112539369732204,0.0,0.0,world_xy,1,-0.9244654528210356,0.1281032871951845,1.5,-1.047,0.1429899100790633,0.25,-0.12253454717896428,0.01488662288387882,0.12343551674149807
16.353041887283325,1.03,breakaway,drone,tracking,1,1,271.74385615333523,282.08848088053895,264.0,280.5,357.46796374706935,294.4526717290128,-42.53203625293065,-5.54732827098718,-0.8506787440455486,0.11166332736035077,0.0,0.0,world_xy,1,-0.9329727049379981,0.12922868089250653,1.5,-1.0554999999999999,0.1439681101812249,0.25,-0.12252729506200177,0.014739429288718381,0.12341065112447942
16.44152069091797,1.04,breakaway,drone,tracking,1,1,270.71984805318135,282.00080721747383,262.4920945395273,280.50741646291766,357.46989954849323,294.4982149732246,-42.53010045150677,-5.501785026775394,-0.8506365397870712,0.11076813260668718,0.0,0.0,world_xy,1,-0.9414794923784536,0.13034531416611003,1.5,-1.064,0.14493464894517621,0.25,-0.12252050762154643,0.014589334779066182,0.12338607489152528
16.513617515563965,1.05,breakaway,drone,tracking,1,1,269.67891388968,281.9425614734643,261.0,280.5,357.4755713435761,294.5416827074511,-42.52442865642388,-5.458317292548884,-0.8505551581248447,0.10988714989104698,0.0,0.0,world_xy,1,-0.9499858577763244,0.1314529954921769,1.5,-1.0725,0.14588944808180573,0.25,-0.12251414222367563,0.014436452589628834,0.12336176963782426
16.595455408096313,1.06,breakaway,drone,tracking,1,1,272.8964109176875,282.7782792463643,259.9920995125231,280.49235165574044,357.47137057258857,294.58685076298474,-42.52862942741143,-5.413149237015261,-0.850564744857706,0.108993859058139,0.0,0.0,world_xy,1,-0.9584914093575728,0.13255186699108737,1.5,-1.081,0.1468324302529055,0.25,-0.12250859064242714,0.014280563261818119,0.12333810955365165
16.663734436035156,1.07,breakaway,drone,tracking,1,1,272.37271202508566,282.60737985852836,259.0,280.0,357.4752615556877,294.6339794954337,-42.52473844431228,-5.366020504566279,-0.8505262580734027,0.10807346212639163,0.0,0.0,world_xy,1,-0.9669970568061499,0.13364180558166877,1.5,-1.0895,0.14776351907743518,0.25,-0.12250294319385002,0.014121713495766408,0.12331420795355318
16.75027561187744,1.08,breakaway,drone,tracking,1,1,271.34003313882283,282.2561054679058,257.5,279.51484018264836,357.46131937270553,294.7103753377806,-42.53868062729447,-5.28962466221941,-0.8506623030332703,0.10681892924128975,0.0,0.0,world_xy,1,-0.9755023193868839,0.1347225402029327,1.5,-1.098,0.14868263913770904,0.25,-0.12249768061311617,0.013960098934776344,0.12329057594910392
16.845417737960815,1.09,breakaway,drone,tracking,1,1,270.15180467091295,282.30007077140834,256.5,279.5,357.4899285363974,294.79586165020197,-42.51007146360263,-5.204138349798029,-0.8504088224646006,0.1053140400063587,0.0,0.0,world_xy,1,-0.9840089424172166,0.1357907294953456,1.5,-1.1065,0.1495897159855048,0.25,-0.12249105758278345,0.013798986490159204,0.12326585583974325
16.941401720046997,1.1,breakaway,drone,tracking,1,1,269.08764855687605,282.1634833050368,255.0,279.5,357.4892968503661,294.8320312043817,-42.51070314963391,-5.167968795618322,-0.8503017047550432,0.10423897475466294,0.0,0.0,world_xy,1,-0.9925130306418626,0.13684386989540917,1.5,-1.115,0.15048467614809372,0.25,-0.12248696935813741,0.013640806252684545,0.12324418549272242
17.02864360809326,1.11,breakaway,drone,tracking,1,1,268.6786695589298,281.97671728127256,254.0,279.5,357.4974600616592,294.8896674140508,-42.50253993834082,-5.110332585949209,-0.8501637064615184,0.10312119708503963,0.0,0.0,world_xy,1,-1.001016047689413,0.1378862596429558,1.5,-1.1235,0.15136744713419187,0.25,-0.12248395231058695,0.013481187491236057,0.12322362188231605
17.113765001296997,1.12,breakaway,drone,tracking,1,1,267.9219858156028,282.1644232160949,252.50790546047267,279.4925835370823,357.4920109324083,294.92912038497025,-42.50798906759172,-5.070879615029753,-0.8501615476511922,0.10218421445359513,0.0,0.0,world_xy,1,-1.0095176847540281,0.13891747161380621,1.5,-1.1320000000000001,0.1522379574398321,0.25,-0.12248231524597197,0.01332048582602588,0.1232045165188964
17.20885181427002,1.1300000000000001,breakaway,drone,tracking,1,1,266.8633867938159,282.0676925299812,251.5,279.5,357.50017520498983,294.9937977433597,-42.49982479501017,-5.006202256640279,-0.8500707691881485,0.10105112132716088,0.0,0.0,world_xy,1,-1.01801930023054,0.13993931375834218,1.5,-1.1405,0.15309613655415555,0.25,-0.12248069976946008,0.013156822795813372,0.12318532299790041
17.302340984344482,1.1400000000000001,breakaway,drone,tracking,1,1,265.84447821681863,281.9761904761905,250.4920945395273,278.50741646291766,357.485774351787,295.0300630693763,-42.51422564821303,-4.969936930623703,-0.8501883282650101,0.10014231083408312,0.0,0.0,world_xy,1,-1.0265200079224215,0.1409498249716138,1.5,-1.149,0.15394191496512322,0.25,-0.12247999207757854,0.012992089993509426,0.12316713385365087
17.38831663131714,1.1500000000000001,breakaway,drone,tracking,1,1,267.07087460646545,281.818091069646,248.9920995125231,278.5076483442595,357.48037910374546,295.0979935297758,-42.51962089625454,-4.902006470224194,-0.8503005775780546,0.09898611104780354,0.0,0.0,world_xy,1,-1.0350218912050715,0.14195124807995463,1.5,-1.1575,0.15477522416514625,0.25,-0.12247810879492849,0.012823976085191618,0.12314764105177128
17.48148250579834,1.16,breakaway,drone,tracking,1,1,263.97364109140125,281.73840564223127,247.5,278.5,357.491432776201,295.1519791630166,-42.50856722379899,-4.84802083698338,-0.8502294993719134,0.09787197917832878,0.0,0.0,world_xy,1,-1.043524896980852,0.14294110919043265,1.5,-1.166,0.15559599665663498,0.25,-0.12247510301914799,0.01265488746620233,0.12312715799665465
17.571349143981934,1.17,breakaway,drone,tracking,1,1,262.94795008912655,281.6273796791444,246.5,278.5,357.48349858108816,295.2003234885377,-42.516501418911844,-4.79967651146228,-0.8502847903253914,0.09683883225633304,0.0,0.0,world_xy,1,-1.0520271919745712,0.14391982898221595,1.5,-1.1744999999999999,0.15640416595746642,0.25,-0.1224728080254287,0.012484336975250476,0.12310746271183205
17.66154718399048,1.18,breakaway,drone,tracking,1,1,261.93524666238307,281.4838295138145,245.5,278.5,357.45344188625285,295.28443199393035,-42.54655811374715,-4.715568006069645,-0.8506402948976448,0.09544872258211598,0.0,0.0,world_xy,1,-1.060530039877825,0.14488821730477927,1.5,-1.1829999999999998,0.15719966660636908,0.25,-0.12246996012217481,0.01231144930158981,0.12308721670519934
17.757588386535645,1.19,breakaway,drone,tracking,1,1,261.1390033991466,281.65039415636073,244.4920945395273,278.4925835370823,357.4883627327454,295.3617527649447,-42.51163726725463,-4.638247235055303,-0.8504161426437411,0.09397264474756054,0.0,0.0,world_xy,1,-1.0690364428268015,0.14584270453060044,1.5,-1.1914999999999998,0.1579824341682253,0.25,-0.12246355717319823,0.012139729637624858,0.1230637878142381
17.833915948867798,1.2,breakaway,drone,tracking,1,1,261.7496601721794,281.60293007098625,243.0,278.5,357.4911801763965,295.4081793364133,-42.50881982360352,-4.591820663586702,-0.8502842822493222,0.09279771743585596,0.0,0.0,world_xy,1,-1.077540604253239,0.14678243097807606,1.5,-1.2,0.15875240523929054,0.25,-0.12245939574676101,0.011969974261214489,0.12304301642302162
17.91359043121338,1.21,breakaway,drone,tracking,1,1,260.7091099633206,281.37951942510665,241.4920945395273,277.50741646291766,357.49256316931474,295.4582137607615,-42.507436830685265,-4.5417862392384905,-0.8502097321497328,0.09171862147775858,0.0,0.0,world_xy,1,-1.086043447075732,0.1477104081524346,1.5,-1.2085,0.15950951745232905,0.25,-0.12245655292426783,0.011799109299894445,0.12302368200620913
18.00543785095215,1.22,breakaway,drone,tracking,1,1,259.75593627892994,281.2020589119327,240.4769130363844,277.52210801109476,357.49084768304635,295.5168696626067,-42.509152316953646,-4.483130337393277,-0.8501950549538699,0.09058781337631741,0.0,0.0,world_xy,1,-1.0945455443972294,0.1486275943672122,1.5,-1.2169999999999999,0.16025370948166553,0.25,-0.12245445560277046,0.011626115114453328,0.12300512285927527
18.082993745803833,1.23,breakaway,drone,tracking,1,1,258.4859295368934,281.2835512223945,239.4920945395273,277.50741646291766,357.50194239316835,295.55552444615546,-42.49805760683165,-4.444475553844541,-0.8500664084043896,0.08965374711163278,0.0,0.0,world_xy,1,-1.1030474949467681,0.14953347250097537,1.5,-1.2254999999999998,0.16098492104815246,0.25,-0.12245250505323169,0.011451448547177084,0.12298679468804924
18.16214632987976,1.24,breakaway,drone,tracking,1,1,257.3224067921742,281.1270579549649,238.0,277.5,357.49679778819905,295.6106600405964,-42.503202211800954,-4.389339959403628,-0.8500651081117857,0.08862692575367467,0.0,0.0,world_xy,1,-1.111548159030812,0.1504300099720917,1.5,-1.234,0.16170309292405277,0.25,-0.12245184096918793,0.011273082951961083,0.1229696538011923
18.25111222267151,1.25,breakaway,drone,tracking,1,1,256.26580804773334,280.9732954958888,236.4920945395273,277.50741646291766,357.50691236175277,295.65532689346213,-42.49308763824723,-4.3446731065378685,-0.8499532626710231,0.08767352076107014,0.0,0.0,world_xy,1,-1.12004881011193,0.15131627922962843,1.5,-1.2425,0.16240816693783713,0.25,-0.12245118988807002,0.011091887708208709,0.12295252692781752
18.321218967437744,1.26,breakaway,drone,tracking,1,1,255.2474758480424,280.7764218784049,235.5,277.5,357.49921177088805,295.79210603141235,-42.50078822911195,-4.207893968587655,-0.8499876387221919,0.08573991799694577,0.0,0.0,world_xy,1,-1.1285483427386402,0.15219301443723912,1.5,-1.251,0.16310008597889597,0.25,-0.12245165726135965,0.010907071541656849,0.12293645747160731
18.407833099365234,1.27,breakaway,drone,tracking,1,1,254.53116950025756,280.98888643556336,233.9920995125231,277.49235165574044,357.5022423095789,295.8303961413589,-42.49775769042111,-4.169603858641096,-0.8499697720196185,0.08444860554367767,0.0,0.0,world_xy,1,-1.1370482191258622,0.15305041361720859,1.5,-1.2594999999999998,0.16377879400216525,0.25,-0.12245178087413766,0.01072838038495666,0.12292085577692724
18.497617959976196,1.28,breakaway,drone,tracking,1,1,253.50758915414087,280.9242558208075,233.0,277.5,357.50029779630734,295.8914152915484,-42.499702203692664,-4.108584708451588,-0.8499831216494477,0.08319630428762242,0.0,0.0,world_xy,1,-1.1455479168460583,0.15389489967264536,1.5,-1.268,0.16444423603266617,0.25,-0.12245208315394174,0.010549336360020811,0.1229056596189806
18.584807872772217,1.29,breakaway,drone,tracking,1,1,252.4974234393404,280.77414605418136,231.4920945395273,276.50741646291766,357.49779233976943,295.9519921505414,-42.50220766023057,-4.0480078494586,-0.8500166890047877,0.08196642327347468,0.0,0.0,world_xy,1,-1.1540477480625528,0.15472686271552158,1.5,-1.2765,0.16509635816995807,0.25,-0.12245225193744713,0.010369495454436495,0.12289052217535576
18.678016901016235,1.3,breakaway,drone,tracking,1,1,251.42607937200174,280.6324320395406,230.4920945395273,276.50741646291766,357.49982479501017,296.0062022566403,-42.50017520498983,-3.993797743359721,-0.8500094373070425,0.08081666565002055,0.0,0.0,world_xy,1,-1.1625479149526008,0.15554652694825633,1.5,-1.285,0.1657351075925044,0.25,-0.12245208504739913,0.010188580644248074,0.12287522251454853
18.763681650161743,1.31,breakaway,drone,tracking,1,1,250.09453164194076,280.76535512076254,229.5,276.5,357.4892264031953,296.07414803914696,-42.51077359680471,-3.925851960853038,-0.8501227563530209,0.07955187111189266,0.0,0.0,world_xy,1,-1.1710480093256712,0.15635469360475654,1.5,-1.2934999999999999,0.16636043256195118,0.25,-0.12245199067432866,0.010005738957194643,0.12286010268669563
18.86598300933838,1.32,breakaway,drone,tracking,1,1,249.09611936016066,280.66422781722974,227.9012036108325,276.43731193580743,357.49463929084476,296.1198568141737,-42.50536070915524,-3.8801431858262845,-0.8501142081595672,0.07847991704444082,0.0,0.0,world_xy,1,-1.1795492368892013,0.15715021231587548,1.5,-1.302,0.16697228242731776,0.25,-0.12245076311079872,0.009822070111442288,0.12284405743743176
19.17794156074524,1.33,breakaway,drone,tracking,1,1,247.93830610490113,280.4492691315563,226.4920945395273,276.50741646291766,357.4949022493168,296.1734403101861,-42.505097750683206,-3.826559689813905,-0.8501074689293205,0.07740811925795132,0.0,0.0,world_xy,1,-1.188050378970797,0.1579350114863199,1.5,-1.3105,0.16757060762909956,0.25,-0.12244962102920298,0.009635596142779673,0.12282814988113343
19.358506202697754,1.34,breakaway,drone,tracking,1,1,246.89431239388796,280.274688737974,225.5,276.5,357.4943591899657,296.23242356293645,-42.50564081003432,-3.7675764370635534,-0.8501104099285718,0.07627699447377718,0.0,0.0,world_xy,1,-1.1965514536600903,0.1587090926788994,1.5,-1.319,0.1681553597032824,0.25,-0.12244854633990965,0.009446267024383004,0.12281237096259051
19.694666624069214,1.35,breakaway,drone,tracking,1,1,246.14288783841857,280.4929093253116,224.5,276.5,357.4961502117384,296.3558079305638,-42.50384978826162,-3.644192069436201,-0.8500920321387352,0.07441076027699794,0.0,0.0,world_xy,1,-1.205052557759376,0.1594718626236372,1.5,-1.3275,0.16872649128526795,0.25,-0.12244744224062387,0.009254628661630765,0.12279667855009596
19.91840624809265,1.36,breakaway,drone,tracking,1,1,245.11714039621017,280.4065460809647,222.87627146906786,276.4118726029681,357.49165237478564,296.4048860732911,-42.508347625214356,-3.5951139267089047,-0.8501332383397889,0.07303109531844702,0.0,0.0,world_xy,1,-1.2135534780807633,0.16021597022640716,1.5,-1.336,0.1692839561137104,0.25,-0.12244652191923677,0.009067985887303232,0.12278183537547588
20.12812304496765,1.37,breakaway,drone,tracking,1,1,244.11106324933587,280.3326871993682,221.46052631578948,276.4078947368421,357.4934553599552,296.4614321212333,-42.50654464004481,-3.5385678787666848,-0.850131948293398,0.07178823955973469,0.0,0.0,world_xy,1,-1.222054810464161,0.16094628117959162,1.5,-1.3445,0.16982770903426334,0.25,-0.12244518953583894,0.00888142785467172,0.12276686931418127
20.244837284088135,1.3800000000000001,breakaway,drone,tracking,1,1,243.03144921376966,280.2498937526562,220.4920945395273,275.50741646291766,357.5027125406881,296.5253228798432,-42.497287459311906,-3.474677120156798,-0.85002953878446,0.07052615612360538,0.0,0.0,world_xy,1,-1.230556129947095,0.16166416357518895,1.5,-1.353,0.17035770600323757,0.25,-0.12244387005290491,0.008693542428048623,0.12275210382507075
20.34383773803711,1.3900000000000001,breakaway,drone,tracking,1,1,241.98683651804672,280.1418966737438,219.4920945395273,275.50741646291766,357.5040422776747,296.5617541035243,-42.49595772232527,-3.438245896475678,-0.849968827398585,0.06955747511685488,0.0,0.0,world_xy,1,-1.2390564253349396,0.162369425136425,1.5,-1.3615,0.17087390409116837,0.25,-0.12244357466506028,0.008504478954743377,0.12273856418848098
20.41168737411499,1.4000000000000001,breakaway,drone,tracking,1,1,240.70503949115815,280.2692388341371,218.31945788964182,275.40319457889643,357.50041993281076,296.63002169652856,-42.49958006718924,-3.3699783034714414,-0.8499813530684449,0.06837062514077057,0.0,0.0,world_xy,1,-1.2475561136089255,0.16306499988759354,1.5,-1.37,0.17137626148629284,0.25,-0.12244388639107462,0.008311261598699299,0.12272563865758614
20.471769094467163,1.41,breakaway,drone,tracking,1,1,239.69962295768747,280.16554950425916,216.4920945395273,275.50741646291766,357.5035875538133,296.68195022925346,-42.496412446186696,-3.3180497707465406,-0.8499521457888538,0.0672653287915587,0.0,0.0,world_xy,1,-1.25605592713961,0.16374870613900125,1.5,-1.3784999999999998,0.1718647374979366,0.25,-0.12244407286038994,0.00811603135893535,0.12271275786836389
20.53726816177368,1.42,breakaway,drone,tracking,1,1,238.67926376933303,280.0747428091539,215.5,275.5,357.50063056119944,296.797805880567,-42.49936943880056,-3.2021941194329884,-0.8499715294317903,0.0654935332699643,0.0,0.0,world_xy,1,-1.2645554485974984,0.16442135942691682,1.5,-1.3869999999999998,0.17233929255980987,0.25,-0.12244455140250143,0.007917933132893046,0.12270029271870864
20.64108896255493,1.43,breakaway,drone,tracking,1,1,237.60006908462864,279.94279792746113,214.5,275.5,357.4988963245857,296.86288730831666,-42.5011036754143,-3.137112691683342,-0.849999328673863,0.06398032958000069,0.0,0.0,world_xy,1,-1.2730551638918162,0.16507629475961647,1.5,-1.3955,0.17279988823321205,0.25,-0.1224448361081838,0.00772359347359558,0.12268818926736737
20.711898803710938,1.44,breakaway,drone,tracking,1,1,236.45227241331673,279.77503798867247,213.0,275.5,357.506288977647,296.9172681194964,-42.49371102235301,-3.0827318805036157,-0.8499305191491214,0.06270119899654009,0.0,0.0,world_xy,1,-1.2815551571785548,0.16571609805541648,1.5,-1.404,0.1732464872101454,0.25,-0.12244484282144508,0.0075303891547289226,0.12267618470750567
20.77696943283081,1.45,breakaway,drone,tracking,1,1,235.67818740399383,279.9432341851697,211.90786163522012,275.39481132075474,357.49949188772473,296.99052107789885,-42.50050811227527,-3.0094789221011524,-0.8499743228521327,0.06131980769155572,0.0,0.0,world_xy,1,-1.290054462370046,0.16634311004538188,1.5,-1.4124999999999999,0.17367905331633698,0.25,-0.1224455376299538,0.007335943270955103,0.12266509588779974
20.850818395614624,1.46,breakaway,drone,tracking,1,1,234.66387200447144,279.91839586389995,210.41638335761695,275.3990610328638,357.4953747503416,297.03223658852795,-42.504625249658375,-2.967763411472049,-0.8500393230297019,0.060239310987392616,0.0,0.0,world_xy,1,-1.2985542055985675,0.16695630812229745,1.5,-1.4209999999999998,0.17409755151416872,0.25,-0.12244579440143233,0.007141243391871277,0.12265386224566996
20.927240133285522,1.47,breakaway,drone,tracking,1,1,233.5617334986909,279.7713931376602,209.3933203631647,275.37694552529183,357.49703945063413,297.1106206058907,-42.502960549365866,-2.889379394109312,-0.8500502614063905,0.05889086327952911,0.0,0.0,world_xy,1,-1.3070545988288644,0.16755870123217137,1.5,-1.4295,0.1745019479055154,0.25,-0.12244540117113556,0.0069432466733440334,0.12264210101888841
20.98868227005005,1.48,breakaway,drone,tracking,1,1,232.5860471548088,279.68001106271174,207.98479087452472,274.5286755386565,357.4977576904211,297.16960385864104,-42.50224230957889,-2.8303961413589604,-0.8500472830382435,0.057635246030736664,0.0,0.0,world_xy,1,-1.3155551014429283,0.16814760986496666,1.5,-1.438,0.1748922097344904,0.25,-0.12244489855707164,0.006744599869523749,0.12263051337269833
21.09250259399414,1.49,breakaway,drone,tracking,1,1,231.58629966887418,279.5980270419426,206.4920945395273,274.50741646291766,357.49406159128336,297.22910462576925,-42.505938408716645,-2.770895374230747,-0.8500865998630925,0.05641570983036972,0.0,0.0,world_xy,1,-1.3240555742733107,0.16872396232527404,1.5,-1.4465,0.17526830539009897,0.25,-0.12244442572668923,0.006544343064824931,0.12261919025050214
21.20678424835205,1.5,breakaway,drone,tracking,1,1,230.59593866556153,279.5187871252935,205.9920898591995,274.50719822812846,357.49947504724577,297.35558549730524,-42.50052495275423,-2.644414502694758,-0.8500447444186883,0.054475628953308715,0.0,0.0,world_xy,1,-1.3325564402719416,0.16928811942357774,1.5,-1.4549999999999998,0.17563020440879862,0.25,-0.1224435597280582,0.006342084985220875,0.12260769698855908
21.70140552520752,1.51,breakaway,drone,tracking,1,1,229.27603418803415,279.59801709401705,204.5,274.5,357.4911801763965,297.4081793364133,-42.50881982360352,-2.5918206635867023,-0.8501171530480484,0.053024060328442646,0.0,0.0,world_xy,1,-1.3410568877161286,0.16983287571311084,1.5,-1.4634999999999998,0.17597787747696672,0.25,-0.12244311228387117,0.0061450017638558785,0.1225972136405982
21.9367196559906,1.52,breakaway,drone,tracking,1,1,228.17868719611022,279.54193679092384,203.4769130363844,274.52210801109476,357.4979526126063,297.46610436426,-42.5020473873937,-2.5338956357400093,-0.8500752401329525,0.05173367914093929,0.0,0.0,world_xy,1,-1.3495580592466092,0.17036311631639528,1.5,-1.472,0.17631129643327484,0.25,-0.12244194075339077,0.005948180116879559,0.12258633570736868
22.086283922195435,1.53,breakaway,drone,tracking,1,1,227.16227714748786,279.4732576985413,201.97688044338875,274.52145684877274,357.5015049699006,297.53060688786223,-42.49849503009938,-2.469393112137766,-0.8500173033909217,0.05044347984693811,0.0,0.0,world_xy,1,-1.3580588116479388,0.17088045310780467,1.5,-1.4805,0.17663043427096978,0.25,-0.12244118835206108,0.005749981163165108,0.12257612691075555
22.152499198913574,1.54,breakaway,drone,tracking,1,1,226.1390916463909,279.4381589618816,200.4920945395273,274.50741646291766,357.50733260998913,297.57001855027823,-42.492667390010865,-2.4299814497217653,-0.8499271278160344,0.04942936187806156,0.0,0.0,world_xy,1,-1.366558984681848,0.17138488790627404,1.5,-1.4889999999999999,0.17693526514006122,0.25,-0.12244101531815188,0.005550377233787179,0.12256675291275872
22.208976984024048,1.55,breakaway,drone,tracking,1,1,225.070364350535,279.3969930922389,199.5,274.5,357.5025023623701,297.6417247051412,-42.49749763762992,-2.3582752948587995,-0.8499396815311446,0.0481842410885745,0.0,0.0,world_xy,1,-1.3750582559600084,0.17187918152505466,1.5,-1.4974999999999998,0.17722576434941542,0.25,-0.12244174403999142,0.005346582824360763,0.12255842129960928
22.281803846359253,1.56,breakaway,drone,tracking,1,1,223.95632691278757,279.33105939004815,198.5,274.5,357.50371382523997,297.76158526615745,-42.49628617476003,-2.2384147338425464,-0.8499320046113755,0.046305470562126534,0.0,0.0,world_xy,1,-1.38355765277532,0.1723610239359404,1.5,-1.506,0.17750190836875523,0.25,-0.12244234722468006,0.005140884432814824,0.12255022271150989
22.368836641311646,1.57,breakaway,drone,tracking,1,1,222.94687541817208,279.3259735046166,197.0,274.5,357.5018042952738,297.82709128916605,-42.498195704726186,-2.1729087108339513,-0.8499495548271071,0.0447394575721304,0.0,0.0,world_xy,1,-1.3920569728214336,0.17282407864156168,1.5,-1.5145,0.17776367483056607,0.25,-0.12244302717856637,0.004939596189004386,0.12254262325885458
22.513832807540894,1.58,breakaway,drone,tracking,1,1,222.02322598069,279.41138343123356,195.3919289749798,274.3528652138821,357.50296054936587,297.88937939410926,-42.497039450634134,-2.1106206058907446,-0.8499447336291737,0.04334958257225687,0.0,0.0,world_xy,1,-1.4005564683697047,0.17327147321728298,1.5,-1.523,0.17801104253190767,0.25,-0.1224435316302952,0.0047395693146246864,0.12253522740578414
22.63007378578186,1.59,breakaway,drone,tracking,1,1,221.00432023761306,279.39017145943023,194.36889751050757,274.33074684772066,357.49779233976943,297.9519921505414,-42.50220766023057,-2.0480078494585996,-0.8499994143956644,0.042035398501560184,0.0,0.0,world_xy,1,-1.4090559157059965,0.17370496904300556,1.5,-1.5314999999999999,0.17824399143613145,0.25,-0.12244408429400333,0.004539022393125897,0.12252818656489735
22.74542498588562,1.6,breakaway,drone,tracking,1,1,219.9830497028633,279.3591301998919,193.3919289749798,274.3528652138821,357.49982479501017,298.0062022566403,-42.50017520498983,-1.9937977433597212,-0.8500016637329371,0.04084770450265902,0.0,0.0,world_xy,1,-1.4175559098499533,0.17412532302802117,1.5,-1.54,0.17846250267450356,0.25,-0.12244409015004676,0.004337179646482392,0.12252088124054054
22.926317930221558,1.61,breakaway,drone,tracking,1,1,218.86305116403173,279.25235141084653,191.90619607843135,274.3574901960784,357.49062817503415,298.08146772705504,-42.509371824965854,-1.918532272944958,-0.8501038387544461,0.039485322028591105,0.0,0.0,world_xy,1,-1.4260559264872827,0.17453380007304775,1.5,-1.5485,0.17866655854773314,0.25,-0.12244407351271724,0.0041327584746853885,0.12251379853305418
23.094997882843018,1.62,breakaway,drone,tracking,1,1,217.8591615010331,279.2269546090782,190.98526703499078,274.01427255985266,357.4991941699951,298.14038376194145,-42.50080583000488,-1.8596162380585497,-0.8500555915695543,0.038224173531510044,0.0,0.0,world_xy,1,-1.4345569648748273,0.17492865329333365,1.5,-1.557,0.17885614252740603,0.25,-0.12244303512517263,0.003927489234072379,0.12250600810714556
23.22714352607727,1.6300000000000001,breakaway,drone,tracking,1,1,216.8603612610811,279.2013597280544,189.4186121919585,273.59289883268485,357.49288817264573,298.2037147328101,-42.507111827354265,-1.7962852671898872,-0.8501032463071962,0.03696001602826828,0.0,0.0,world_xy,1,-1.443057520790523,0.17531089502864874,1.5,-1.5655,0.1790312392573235,0.25,-0.12244247920947693,0.00372034422867476,0.12249898642904367
23.345991611480713,1.6400000000000001,breakaway,drone,tracking,1,1,215.83639754862776,279.20137223554485,188.4186121919585,273.59289883268485,357.49544993174896,298.32961744426166,-42.504550068251035,-1.6703825557383425,-0.8500965115889997,0.03500621532584249,0.0,0.0,world_xy,1,-1.4515585532535948,0.17568049518893142,1.5,-1.574,0.17919183455474624,0.25,-0.12244144674640522,0.003511339365814825,0.12249178497146128
23.512983322143555,1.6500000000000001,breakaway,drone,tracking,1,1,214.704878208916,279.06545860416253,187.0,273.51440329218104,357.49457491862375,298.3878233173498,-42.505425081376245,-1.6121766826502153,-0.8501031061101886,0.033486740405781486,0.0,0.0,world_xy,1,-1.4600595183694849,0.17603055734218984,1.5,-1.5825,0.1793379154115429,0.25,-0.12244048163051513,0.0033073580693530613,0.12248514260640524
23.654499530792236,1.6600000000000001,breakaway,drone,tracking,1,1,213.6662722671399,279.0523236705449,185.9920898591995,273.50719822812846,357.495187933086,298.446174844264,-42.504812066913985,-1.5538251557359786,-0.8500993304856387,0.03216110989569743,0.0,0.0,world_xy,1,-1.4685605494305867,0.17636542474624764,1.5,-1.591,0.17946946999524396,0.25,-0.1224394505694133,0.0031040452489963233,0.12247879062371418
23.843512058258057,1.67,breakaway,drone,tracking,1,1,212.65134477543234,279.02512001052145,184.9920898591995,273.50719822812846,357.5007699307062,298.51422621964025,-42.49923006929379,-1.4857737803597502,-0.8500362294807691,0.030816011037021095,0.0,0.0,world_xy,1,-1.477061542735443,0.17668703584520462,1.5,-1.5995,0.17958648765000007,0.25,-0.12243845726455693,0.00289945180479545,0.12247278325445644
23.978166818618774,1.68,breakaway,drone,tracking,1,1,211.24824492979718,279.2710608424337,183.5,273.5,357.50353468187865,298.55846223839853,-42.49646531812135,-1.4415377616014666,-0.849977421765681,0.029724120344275625,0.0,0.0,world_xy,1,-1.4855619050302507,0.17699519595557484,1.5,-1.6079999999999999,0.17968895889744518,0.25,-0.12243809496974922,0.002693762941870348,0.1224677241505219
24.082808017730713,1.69,breakaway,drone,tracking,1,1,210.0937962070074,279.18450658952105,182.0,273.5,357.5067889137738,298.62841195408737,-42.49321108622621,-1.371588045912631,-0.8499151617430448,0.028463322659962972,0.0,0.0,world_xy,1,-1.4940616792479076,0.1772924371590176,1.5,-1.6164999999999998,0.1797768754374643,0.25,-0.12243832075209227,0.002484438278446688,0.12246352445586253
24.28389048576355,1.7,breakaway,drone,tracking,1,1,209.0937962070074,279.18450658952105,181.0,273.5,357.5035875538133,298.68195022925346,-42.496412446186696,-1.3180497707465406,-0.8499223596924239,0.027307042675195285,0.0,0.0,world_xy,1,-1.502560830865338,0.17757707038561724,1.5,-1.6249999999999998,0.17985023014886567,0.25,-0.1224391691346618,0.0022731597632484335,0.1224602686331186
24.5605685710907,1.71,breakaway,drone,tracking,1,1,208.076631308261,279.180456444873,180.0,273.5,357.50283782363454,298.8100468299291,-42.497162176365464,-1.1899531700709076,-0.8499338458016109,0.025377654074617863,0.0,0.0,world_xy,1,-1.5110600544622623,0.1778501408123692,1.5,-1.6335,0.17990901708995788,0.25,-0.12243994553773763,0.0020588762775886893,0.1224572547251104
24.720523834228516,1.72,breakaway,drone,tracking,1,1,207.0727459674828,279.16708437761065,178.9920898591995,273.50719822812846,357.50536070915524,298.8801431858262,-42.49463929084476,-1.1198568141737724,-0.8499112628100173,0.023738369289489535,0.0,0.0,world_xy,1,-1.5195593929202784,0.17810391735311537,1.5,-1.642,0.17995323149903075,0.25,-0.12244060707972149,0.0018493141459153817,0.12245457208639057
24.82639718055725,1.73,breakaway,drone,tracking,1,1,206.04812455767868,279.1500997233481,176.9920898591995,273.50719822812846,357.501173996846,298.9500438058525,-42.49882600315402,-1.0499561941475122,-0.8499471542992021,0.022231784315892924,0.0,0.0,world_xy,1,-1.5280585055483786,0.17834130104601026,1.5,-1.6504999999999999,0.17998286979474137,0.25,-0.12244149445162122,0.0016415687487311148,0.12245249818400276
24.967058897018433,1.74,breakaway,drone,tracking,1,1,204.89272322847154,279.0809659993644,175.9920898591995,273.50719822812846,357.49982479501017,299.0062022566403,-42.50017520498983,-0.9937977433597212,-0.8499781466895291,0.02093607811910875,0.0,0.0,world_xy,1,-1.5365579770913707,0.1785636188891692,1.5,-1.6589999999999998,0.17999792957640404,0.25,-0.12244202290862916,0.0014343106872348466,0.12245042352358272
25.047022104263306,1.75,breakaway,drone,tracking,1,1,203.89272322847154,279.0809659993644,174.9920898591995,273.50719822812846,357.4933078728846,299.0794237529635,-42.5066921271154,-0.9205762470364789,-0.8500637794085575,0.019547573871000205,0.0,0.0,world_xy,1,-1.5450577585582659,0.17877297967036027,1.5,-1.6675,0.17999840962418456,0.25,-0.1224422414417341,0.0012254299538242974,0.12244837347979612
25.125580549240112,1.76,breakaway,drone,tracking,1,1,202.89077500158942,279.0933943670926,173.9920898591995,273.50719822812846,357.4991941699951,299.14038376194145,-42.50080583000488,-0.8596162380585497,-0.8500375648639045,0.01825218686059414,0.0,0.0,world_xy,1,-1.5535583963523514,0.17896845540907028,1.5,-1.676,0.17998430989919942,0.25,-0.12244160364764856,0.0010158544901291422,0.12244581766705215
25.21127963066101,1.77,breakaway,drone,tracking,1,1,201.85074151868116,279.09120998026856,172.0,273.5,357.49618146785775,299.20318211011846,-42.50381853214225,-0.7968178898815381,-0.8500589080423216,0.016978480875964284,0.0,0.0,world_xy,1,-1.5620587720009904,0.1791509772776762,1.5,-1.6844999999999999,0.17995563154351857,0.25,-0.12244122799900947,0.0008046542658423639,0.12244387196749766
25.327674627304077,1.78,breakaway,drone,tracking,1,1,200.67823681066463,279.0250267245174,171.0,273.5,357.4934376312474,299.3322833543329,-42.50656236875261,-0.6677166456670989,-0.8500986946753235,0.014985199496522016,0.0,0.0,world_xy,1,-1.5705593610814137,0.17932076208643585,1.5,-1.6929999999999998,0.1799123768800732,0.25,-0.12244063891858614,0.0005916147936373406,0.12244206820719603
25.443928480148315,1.79,breakaway,drone,tracking,1,1,199.64579010249636,279.04879582468715,169.9920898591995,273.50719822812846,357.49457491862375,299.3878233173498,-42.505425081376245,-0.6121766826502153,-0.8501040884990343,0.013477283282587276,0.0,0.0,world_xy,1,-1.5790603480281669,0.17947061408140108,1.5,-1.7015,0.17985454941246737,0.25,-0.12243965197183315,0.0003839353310662874,0.12244025392542301
25.576026916503906,1.8,breakaway,drone,tracking,1,1,198.6376455775889,279.08133459238275,168.5,273.5,357.495187933086,299.446174844264,-42.504812066913985,-0.5538251557359786,-0.8500997725606193,0.012156854190260039,0.0,0.0,world_xy,1,-1.5875613889131572,0.17960538691422695,1.5,-1.71,0.1797821538246943,0.25,-0.12243861108684273,0.00017676691046736304,0.12243873868762192
25.776206731796265,1.81,breakaway,drone,tracking,1,1,197.61422725841987,279.08624488511174,167.0,273.5,357.5005075076126,299.5193027895418,-42.49949249238739,-0.4806972104581746,-0.85003931506854,0.010758253700656938,0.0,0.0,world_xy,1,-1.5960623866387633,0.17972695545612954,1.5,-1.7185,0.1796951959807571,0.25,-0.1224376133612366,-3.1759475372455936e-05,0.12243761748033133
26.010156631469727,1.82,breakaway,drone,tracking,1,1,196.60769860769858,279.10161910161906,166.0,273.5,357.5040422776747,299.5617541035243,-42.49595772232527,-0.4382458964756779,-0.8499732267264211,0.009661919026528078,0.0,0.0,world_xy,1,-1.6045627797894486,0.17983453799313612,1.5,-1.7269999999999999,0.17959368292419353,0.25,-0.12243722021055126,-0.0002408550689425859,0.12243745711199354
26.229515075683594,1.83,breakaway,drone,tracking,1,1,195.58378750861365,279.171458998935,164.86772734362813,273.2829511776634,357.5067898642027,299.6368297634047,-42.49321013579731,-0.3631702365952947,-0.8499132635206599,0.008342736164485876,0.0,0.0,world_xy,1,-1.6130625120567128,0.17993115718340139,1.5,-1.7355,0.17947762287750568,0.25,-0.12243748794328724,-0.0004535343058957031,0.1224383279338183
26.600269317626953,1.84,breakaway,drone,tracking,1,1,194.57025621750296,279.1703313913425,163.86772734362813,273.2829511776634,357.5060262069932,299.75545395090273,-42.493973793006774,-0.2445460490972664,-0.8498946803073715,0.0064442378140885746,0.0,0.0,world_xy,1,-1.6215616446919194,0.18001458454504624,1.5,-1.744,0.17934702524149387,0.25,-0.12243835530808056,-0.0006675593035523619,0.12244017513043477
26.884514808654785,1.85,breakaway,drone,tracking,1,1,193.50503723171263,279.15193041737064,162.37076305220882,273.2764658634538,357.50197933088106,299.82069247387165,-42.498020669118944,-0.17930752612835477,-0.8499308334986256,0.004872289803751761,0.0,0.0,world_xy,1,-1.630060591494993,0.1800790269231871,1.5,-1.7525,0.17920190059449523,0.25,-0.1224394085050069,-0.0008771263286918851,0.12244255022520742
27.026055097579956,1.86,breakaway,drone,tracking,1,1,192.4915052347815,279.23340229452697,160.8737137511693,273.275647022139,357.504449738972,299.88637982784996,-42.49555026102797,-0.11362017215003561,-0.8499199279456892,0.003442352305338684,0.0,0.0,world_xy,1,-1.6385598998299793,0.18012774982122462,1.5,-1.761,0.17904226069152682,0.25,-0.1224401001700206,-0.001085489129697803,0.12244491176155656
27.18340039253235,1.87,breakaway,drone,tracking,1,1,191.3077684927267,279.18941504178275,159.86598098800062,273.2681938600592,357.50084104289317,299.95335716288196,-42.49915895710683,-0.046642837118042735,-0.8499547161037353,0.002062129745700878,0.0,0.0,world_xy,1,-1.6470590991094363,0.180162173344278,1.5,-1.7695,0.17886811846333348,0.25,-0.12244090089056381,-0.0012940548809445285,0.12244773901108899
27.300259590148926,1.8800000000000001,breakaway,drone,tracking,1,1,190.2890620169418,279.2385457243554,158.86598098800062,273.2681938600592,357.4981604120677,300.0090928203511,-42.501839587932295,0.009092820351099817,-0.8499998577139363,0.0008279373617032969,0.0,0.0,world_xy,1,-1.6555586462704737,0.180182794641735,1.5,-1.778,0.17867948801534048,0.25,-0.12244135372952636,-0.0015033066263945294,0.12245058200732228
27.44676637649536,1.8900000000000001,breakaway,drone,tracking,1,1,189.2074570382778,279.2652149637074,157.3694431070454,273.2612742737923,357.4954454682409,300.0855843230681,-42.504554531759084,0.08558432306807617,-0.8500500358206213,-0.0005688557409823544,0.0,0.0,world_xy,1,-1.6640586448476131,0.18019107401535203,1.5,-1.7865,0.17847638462651097,0.25,-0.12244135515238685,-0.001714689388841062,0.12245336096348329
27.577970027923584,1.9000000000000001,breakaway,drone,tracking,1,1,188.1305452292441,279.28593556381657,155.87289719626168,273.26090342679123,357.4947266993693,300.1514482597523,-42.50527330063068,0.15144825975232834,-0.850080522426217,-0.0019219159407176712,0.0,0.0,world_xy,1,-1.6725591452058193,0.18018538545794222,1.5,-1.795,0.17825882474810845,0.25,-0.12244085479418065,-0.001926560709833769,0.1224560107095536
27.738313913345337,1.9100000000000001,breakaway,drone,tracking,1,1,186.95669484258238,279.2363714320715,154.86517203798846,273.25346411334266,357.49749509529147,300.2084267563527,-42.50250490470853,0.2084267563527078,-0.8500637890435914,-0.003157556493202738,0.0,0.0,world_xy,1,-1.6810599504300814,0.18016616629853505,1.5,-1.8035,0.17802682600236405,0.25,-0.12244004956991872,-0.002139340296170994,0.12245873801238918
27.893259525299072,1.92,breakaway,drone,tracking,1,1,185.94434228270197,279.24224592374645,153.86517203798846,273.25346411334266,357.49356035418054,300.34796836174013,-42.506439645819455,0.34796836174012924,-0.8500995411736301,-0.005248552401082653,0.0,0.0,world_xy,1,-1.6895605883205174,0.18013459073360302,1.5,-1.8119999999999998,0.17778040718104937,0.25,-0.12243941167948247,-0.0023541835525536514,0.1224620419257204
27.963767766952515,1.93,breakaway,drone,tracking,1,1,184.874732268527,279.3029190380026,152.86517203798846,273.25346411334266,357.4967625647487,300.3971020579588,-42.50323743525132,0.3971020579588185,-0.8500804053158981,-0.006729971218034198,0.0,0.0,world_xy,1,-1.6980615837322537,0.1800821052095922,1.5,-1.8204999999999998,0.17751958824395422,0.25,-0.1224384162677461,-0.002562516965637973,0.1224652288257898
28.092936992645264,1.94,breakaway,drone,tracking,1,1,183.82505518763796,279.3529556046112,151.361022847632,273.26009986382206,357.4945229929306,300.4582837544621,-42.50547700706937,0.45828375446211567,-0.8500964294699174,-0.008069608347198663,0.0,0.0,world_xy,1,-1.7065623877854126,0.18001480549741186,1.5,-1.829,0.17724439031726988,0.25,-0.12243761221458738,-0.002770415180141983,0.12246895151457791
28.334484338760376,1.95,breakaway,drone,tracking,1,1,182.78043398308202,279.3840872869927,149.86529786903094,273.2387618603204,357.5027125406881,300.5253228798432,-42.497287459311906,0.5253228798432019,-0.8500135553138938,-0.009409875434514619,0.0,0.0,world_xy,1,-1.7150633520801117,0.17993410941393986,1.5,-1.8375,0.17695483569187795,0.25,-0.12243664791988818,-0.0029792737220619148,0.12247289016663902
28.465102434158325,1.96,breakaway,drone,tracking,1,1,181.4613019891501,279.21790235081374,149.0,273.5,357.50733260998913,300.57001855027823,-42.492667390010865,0.5700185502782347,-0.8499254411813718,-0.010504647998592161,0.0,0.0,world_xy,1,-1.7235634876332506,0.1798400106595947,1.5,-1.8459999999999999,0.17665094782154475,0.25,-0.12243651236674924,-0.0031890628380499553,0.12247803755089388
28.691745281219482,1.97,breakaway,drone,tracking,1,1,180.43218806509947,279.2524412296564,147.9920898591995,273.50719822812846,357.5025023623701,300.6417247051412,-42.49749763762992,0.6417247051412005,-0.8499389225455465,-0.011786063355919679,0.0,0.0,world_xy,1,-1.7320627420450643,0.1797349641796088,1.5,-1.8544999999999998,0.17633275132102166,0.25,-0.12243725795493554,-0.0034022128585871336,0.12248451815580025
28.996434688568115,1.98,breakaway,drone,tracking,1,1,179.43756786102063,279.2757871878393,146.49208544644227,273.506992469648,357.5056408100343,300.7675764370635,-42.49435918996568,0.7675764370634965,-0.8499104662351183,-0.013747069317862317,0.0,0.0,world_xy,1,-1.7405621312705197,0.1796171035460496,1.5,-1.863,0.1760002719640512,0.25,-0.12243786872948026,-0.003616831581998381,0.12249127793320624
29.3095383644104,1.99,breakaway,drone,tracking,1,1,178.42145178764898,279.3870831828578,145.0,273.5,357.5022423095789,300.8303961413589,-42.49775769042111,0.8303961413589036,-0.8499350444004355,-0.015320538747985984,0.0,0.0,world_xy,1,-1.749061235932871,0.17947963285287097,1.5,-1.8715,0.17565353668127964,0.25,-0.12243876406712895,-0.0038260961715913255,0.12249853043281919
29.484074354171753,2.0,breakaway,drone,tracking,1,1,177.28837209302327,279.4026237328563,143.9920898591995,273.50719822812846,357.50029779630734,300.8914152915484,-42.499702203692664,0.8914152915484124,-0.8499674942208154,-0.016699810643626228,0.0,0.0,world_xy,1,-1.7575605863768753,0.1793264274653911,1.5,-1.88,0.17529257355807512,0.25,-0.1224394136231246,-0.004033853907315976,0.12250584470024342
29.609145641326904,2.0100000000000002,breakaway,drone,tracking,1,1,176.28093705293276,279.477229375298,142.9920898591995,273.50719822812846,357.5038019482795,300.9771707898241,-42.49619805172051,0.977170789824072,-0.8499435509682925,-0.018263793477696594,0.0,0.0,world_xy,1,-1.7660602613190834,0.17915942935895485,1.5,-1.8885,0.1749174118322534,0.25,-0.12243973868091662,-0.004242017526701447,0.12251320059874361
29.716323137283325,2.02,breakaway,drone,tracking,1,1,175.26671433678942,279.5056608270766,141.49208544644227,273.506992469648,357.49593538666386,301.0140159080556,-42.50406461333614,1.014015908055626,-0.8500193086824291,-0.019372882053575353,0.0,0.0,world_xy,1,-1.7745596968287665,0.17897679142417788,1.5,-1.8969999999999998,0.17452808189170907,0.25,-0.12244030317123333,-0.004448709532468814,0.1225210955597762
29.804216861724854,2.0300000000000002,breakaway,drone,tracking,1,1,174.23115398356555,279.5817553888293,140.49208544644227,273.506992469648,357.49910661107805,301.0904366511345,-42.50089338892195,1.090436651134496,-0.8500185161852346,-0.020712600086588366,0.0,0.0,world_xy,1,-1.7830598899155907,0.17878306260364213,1.5,-1.9055000000000002,0.1741246152719545,0.25,-0.12244011008440947,-0.004658447331687632,0.12252869741013497
29.875405311584473,2.04,breakaway,drone,tracking,1,1,173.22351467430207,279.6303984729181,139.0,273.5,357.4943239550121,301.15475397965497,-42.50567604498792,1.15475397965497,-0.8500707687782227,-0.022022963815169435,0.0,0.0,world_xy,1,-1.791560075077443,0.17857593660277624,1.5,-1.914,0.1737070446535653,0.25,-0.12243992492255695,-0.004868891949210946,0.12253669378539014
29.940192222595215,2.05,breakaway,drone,tracking,1,1,172.01238499646144,279.62396791696153,137.97688044338875,273.52145684877274,357.4959009214168,301.2113594693386,-42.50409907858318,1.2113594693386176,-0.8500769358146153,-0.02323528787955104,0.0,0.0,world_xy,1,-1.8000607827652253,0.17835570696462455,1.5,-1.9224999999999997,0.1732754038595332,0.25,-0.12243921723477436,-0.0050803031050913605,0.12254456902165786
30.052589654922485,2.06,breakaway,drone,tracking,1,1,170.99876150035385,279.6620075489502,136.4768497154284,273.52084294723886,357.495047599048,301.3509729805404,-42.50495240095199,1.350972980540405,-0.8500890975270489,-0.02531658233174242,0.0,0.0,world_xy,1,-1.8085615521233716,0.17812335408582905,1.5,-1.9309999999999998,0.17282972785252654,0.25,-0.12243844787662828,-0.005293626233302512,0.12255282941301571
30.194634675979614,2.07,breakaway,drone,tracking,1,1,169.89498525073745,279.79557522123895,135.0,273.5,357.4932796639832,301.40197759887997,-42.506720336016826,1.4019775988799665,-0.8501140175833571,-0.02681421563696372,0.0,0.0,world_xy,1,-1.817062443098642,0.17787018826251164,1.5,-1.9394999999999998,0.17237005273205824,0.25,-0.12243755690135782,-0.005500135530453393,0.12256103308485365
30.274584770202637,2.08,breakaway,drone,tracking,1,1,168.8011303426351,279.88231484752146,134.0,273.5,357.5012424751505,301.46661066778665,-42.49875752484951,1.4666106677866537,-0.8500376406858553,-0.028199114382286866,0.0,0.0,world_xy,1,-1.8255635832744754,0.177602046106142,1.5,-1.948,0.17189641573156172,0.25,-0.12243641672552452,-0.005705630374580273,0.12256928799074275
30.369640827178955,2.09,breakaway,drone,tracking,1,1,167.6221950224398,279.8986419537215,133.0,273.5,357.5033075496132,301.52780791711876,-42.496692450386774,1.5278079171187642,-0.8499805552628894,-0.0294954885603355,0.0,0.0,world_xy,1,-1.834063959681334,0.17732005496231912,1.5,-1.9564999999999997,0.17140885521537505,0.25,-0.12243604031866573,-0.005911199746944068,0.12257865332659766
30.438720703125,2.1,breakaway,drone,tracking,1,1,166.599743724154,279.95183178985377,131.49208544644227,273.506992469648,357.51039479210414,301.57929091418174,-42.48960520789586,1.5792909141817404,-0.8498769071551547,-0.030645169908150117,0.0,0.0,world_xy,1,-1.8425637652339628,0.17702510007671576,1.5,-1.9649999999999999,0.17090741067563348,0.25,-0.12243623476603704,-0.006117689401082288,0.12258897873500804
30.499261379241943,2.11,breakaway,drone,tracking,1,1,165.80747278611355,279.94280670785525,129.91557223264542,273.67995622263913,357.5025023623701,301.6417247051412,-42.49749763762992,1.6417247051412005,-0.8499170822337487,-0.031849298215220756,0.0,0.0,world_xy,1,-1.8510625343055143,0.17671864837763426,1.5,-1.9734999999999998,0.17039212272907053,0.25,-0.12243746569448555,-0.00632652564856373,0.12260080722601406
30.557807683944702,2.12,breakaway,drone,tracking,1,1,164.75874639854177,279.98535896983594,128.89467104235035,273.701984685107,357.5056408100343,301.7675764370635,-42.49435918996568,1.7675764370634965,-0.8499006380948094,-0.03377552500454781,0.0,0.0,world_xy,1,-1.8595617051278517,0.17640015539548207,1.5,-1.982,0.16986303311372822,0.25,-0.1224382948721483,-0.006537122281753849,0.12261268294481506
30.668978214263916,2.13,breakaway,drone,tracking,1,1,163.73228762777583,280.0452355774879,127.86585556075494,273.73155513960376,357.5022423095789,301.8303961413589,-42.49775769042111,1.8303961413589036,-0.8499306217372964,-0.035333343806994454,0.0,0.0,world_xy,1,-1.8680607115087997,0.1760624001454366,1.5,-1.9904999999999997,0.16932018468557603,0.25,-0.1224392884912,-0.006742215459860562,0.12262478067478239
30.728611946105957,2.14,breakaway,drone,tracking,1,1,162.5230357038849,280.0438581163725,126.35395814376706,273.7602365787079,357.50296054936587,301.88937939410926,-42.497039450634134,1.8893793941092554,-0.8499362137387588,-0.036683178048349314,0.0,0.0,world_xy,1,-1.8765600177261728,0.17570906670736663,1.5,-1.9989999999999999,0.16876362141503984,0.25,-0.12243998227382713,-0.006945445292326796,0.12263681531059019
30.80474829673767,2.15,breakaway,drone,tracking,1,1,161.5116698678773,280.06460625109133,125.3319678349264,273.76710666059773,357.5016820857864,301.9720353238015,-42.4983179142136,1.9720353238014923,-0.8499527932387911,-0.038199818683573604,0.0,0.0,world_xy,1,-1.8850593798635604,0.17534223492688314,1.5,-2.0075,0.16819338838344033,0.25,-0.12244062013643942,-0.007148846543442805,0.12264913968837103
30.879559993743896,2.16,breakaway,drone,tracking,1,1,160.48093824573655,280.1169896979221,123.95514592933947,274.0,357.4988436470671,302.01236947228256,-42.501156352932924,2.0123694722825576,-0.8499914768397181,-0.039325982602716254,0.0,0.0,world_xy,1,-1.8935589077959483,0.1749602367400474,1.5,-2.016,0.16760953177934124,0.25,-0.12244109220405175,-0.007350704960706167,0.12266154215376739
30.941243410110474,2.17,breakaway,drone,tracking,1,1,159.30201458839875,280.3029408359384,122.84295468653009,274.12988826815644,357.4983883399902,302.0871639455305,-42.501611660009814,2.0871639455305058,-0.8500138928379812,-0.04065549557205788,0.0,0.0,world_xy,1,-1.9020588225643456,0.17456697691402023,1.5,-2.0244999999999997,0.1670120988948083,0.25,-0.12244117743565419,-0.007554878019211925,0.12267403194529201
31.027019262313843,2.18,breakaway,drone,tracking,1,1,158.06775674125072,280.31589213998853,121.34886175184681,274.1332730287954,357.4947266993693,302.1514482597523,-42.50527330063068,2.1514482597523283,-0.850064258084029,-0.04196090386470166,0.0,0.0,world_xy,1,-1.9105589614927254,0.17416042195829964,1.5,-2.033,0.16640113812157847,0.25,-0.1224410385072745,-0.00775928383672117,0.1226866512559483
31.104159593582153,2.19,breakaway,drone,tracking,1,1,157.0557277318641,280.40363865932045,120.38583032490975,274.16802045728036,357.49749509529147,302.2084267563527,-42.50250490470853,2.208426756352708,-0.8500564700896069,-0.04317510105899554,0.0,0.0,world_xy,1,-1.9190596040735657,0.17374081291965263,1.5,-2.0415,0.1657766989471404,0.25,-0.12244039592643441,-0.007964113972512232,0.12269913474018136
31.17583918571472,2.2,breakaway,drone,tracking,1,1,156.02658416408846,280.50469806348116,119.37033694344161,274.153880866426,357.49447030413324,302.34163371014597,-42.505529695866755,2.3416337101459703,-0.8500862381948574,-0.04518676628815367,0.0,0.0,world_xy,1,-1.9275601687744617,0.17330906190906267,1.5,-2.0500000000000003,0.16513883195072573,0.25,-0.12243983122553859,-0.008170229958336939,0.12271212217263003
31.307591438293457,2.21,breakaway,drone,tracking,1,1,154.9364997713763,280.52960676726104,118.0,274.5,357.4969199537993,302.3937734066011,-42.503080046200694,2.393773406601099,-0.8500726876958935,-0.046665552302281234,0.0,0.0,world_xy,1,-1.9360610311564102,0.17285719424618112,1.5,-2.0585,0.16448758879921252,0.25,-0.12243896884358985,-0.008369605446968603,0.12272469754217971
31.452316761016846,2.22,breakaway,drone,tracking,1,1,153.72039175724638,280.51251132246375,116.99208985919948,274.50719822812846,357.495187933086,302.446174844264,-42.504812066913985,2.4461748442640214,-0.850085642199206,-0.04790742182293079,0.0,0.0,world_xy,1,-1.9445617580333692,0.17239053872315832,1.5,-2.067,0.1638230222429399,0.25,-0.122438241966631,-0.008567516480218418,0.12273762843772928
31.582068920135498,2.23,breakaway,drone,tracking,1,1,152.62359550561797,280.5910225854046,115.49208544644229,274.506992469648,357.5007699307062,302.51422621964025,-42.49923006929379,2.51422621964025,-0.8500300697518745,-0.04921482823636161,0.0,0.0,world_xy,1,-1.9530626144553613,0.171911464504929,1.5,-2.0755,0.16314518611143558,0.25,-0.12243738554463857,-0.00876627839349342,0.12275080861598713
31.713140726089478,2.24,breakaway,drone,tracking,1,1,151.6175068119891,280.74954586739324,114.5,274.5,357.50353468187865,302.55846223839853,-42.49646531812135,2.5584622383985334,-0.8499746498876783,-0.0502897573287466,0.0,0.0,world_xy,1,-1.9615629151528802,0.1714193162225654,1.5,-2.084,0.16245413530905561,0.25,-0.1224370848471199,-0.008965180913509785,0.12276487370039037
31.779993772506714,2.25,breakaway,drone,tracking,1,1,150.6308835204718,280.8535783146195,113.49208544644229,274.506992469648,357.5069643732064,302.62219150276474,-42.493035626793585,2.6221915027647356,-0.8499119843441847,-0.051474497328348065,0.0,0.0,world_xy,1,-1.970062661651757,0.17091641864927792,1.5,-2.0925,0.16174992581053724,0.25,-0.12243733834824289,-0.009166492838740686,0.12277999190733314
31.874680757522583,2.2600000000000002,breakaway,drone,tracking,1,1,149.57646792367362,280.94513334465773,111.5,274.5,357.5038501925096,302.6786314315716,-42.49614980749038,2.6786314315716027,-0.8499180408372773,-0.05262846954504426,0.0,0.0,world_xy,1,-1.9785617814951988,0.17040167367599443,1.5,-2.101,0.16103261465646468,0.25,-0.12243821850480119,-0.009369059019529752,0.12279615880613233
32.019620418548584,2.27,breakaway,drone,tracking,1,1,148.35535704253047,280.99129164559804,110.46250962278675,274.5347190146266,357.503748204715,302.7989689517871,-42.49625179528499,2.798968951787117,-0.8499218881249097,-0.0544714697649282,0.0,0.0,world_xy,1,-1.9870609619035715,0.169875388980544,1.5,-2.1095,0.16030225994864933,0.25,-0.12243903809642864,-0.009573129031894667,0.12281271452679486
32.120601654052734,2.2800000000000002,breakaway,drone,tracking,1,1,147.45054200542006,281.0197606142728,109.34862941087384,274.79569892473114,357.49971971130265,302.8661329502721,-42.500280288697354,2.8661329502721173,-0.8499679328318803,-0.056039623847210986,0.0,0.0,world_xy,1,-1.9955601807848207,0.16933067428289472,1.5,-2.1180000000000003,0.1595589208454231,0.25,-0.12243981921517966,-0.009771753437471609,0.12282913536571287
32.18661284446716,2.29,breakaway,drone,tracking,1,1,146.42675913396482,281.16396030672075,107.83131030189853,274.82633053221286,357.5066921271154,302.9205762470364,-42.4933078728846,2.920576247036422,-0.8499119563760767,-0.057344169448645586,0.0,0.0,world_xy,1,-2.0040598601131396,0.1687702780444226,1.5,-2.1265,0.1588026575568471,0.25,-0.12244013988686042,-0.00996762048757549,0.12284519247287735
32.27126145362854,2.3000000000000003,breakaway,drone,tracking,1,1,145.4078583911156,281.24167089463896,106.35040024165534,274.8103005588279,357.50017520498983,302.9937977433597,-42.49982479501017,2.993797743359721,-0.8499584531143464,-0.05873665142884745,0.0,0.0,world_xy,1,-2.0125589796769003,0.16819683634993615,1.5,-2.1350000000000002,0.15803353133983403,0.25,-0.12244102032309989,-0.010163305010102125,0.12286210248278404
32.34202599525452,2.31,breakaway,drone,tracking,1,1,144.16421650517876,281.25748969818466,105.39871045134203,275.1186084870295,357.4975996075271,303.0436801345621,-42.50240039247291,3.0436801345621234,-0.8500077082186579,-0.059911974623164714,0.0,0.0,world_xy,1,-2.021058564208044,0.16760946983564767,1.5,-2.1435,0.15725160449318706,0.25,-0.1224414357919561,-0.01035786534246061,0.12287876371956326
32.40142035484314,2.32,breakaway,drone,tracking,1,1,143.14066154360174,281.35154248802763,104.36188758641418,275.0838593327322,357.49703945063413,303.1106206058907,-42.502960549365866,3.110620605890688,-0.8500360347414205,-0.06117721524522168,0.0,0.0,world_xy,1,-2.0295586412902304,0.16701035008941603,1.5,-2.1519999999999997,0.15645694035255323,0.25,-0.12244135870976924,-0.010553409736862807,0.12289532448294563
32.460681438446045,2.33,breakaway,drone,tracking,1,1,142.13439065108514,281.45063995548134,103.36188758641418,275.0838593327322,357.4977576904211,303.16960385864104,-42.50224230957889,3.1696038586410396,-0.850040881039007,-0.06239538930540119,0.0,0.0,world_xy,1,-2.0380590016376448,0.1663985779369638,1.5,-2.1605,0.15564960328529345,0.25,-0.12244099836235511,-0.010748974651670351,0.12291191372699596
32.53542184829712,2.34,breakaway,drone,tracking,1,1,141.0228470027172,281.5382354572173,101.5,275.5,357.49406159128336,303.22910462576925,-42.505938408716645,3.229104625769253,-0.8500837189634362,-0.06359807607089232,0.0,0.0,world_xy,1,-2.046559410448035,0.1657746240439098,1.5,-2.169,0.15482965868526874,0.25,-0.12244058955196513,-0.010944965358641062,0.12292880149311895
32.60436773300171,2.35,breakaway,drone,tracking,1,1,139.96100713012478,281.7183600713012,100.5,275.5,357.49947504724577,303.35558549730524,-42.50052495275423,3.355585497305242,-0.8500434480138429,-0.06553057470225922,0.0,0.0,world_xy,1,-2.055060247637669,0.16513864328320088,1.5,-2.1775,0.1539971729675434,0.25,-0.12243975236233107,-0.011141470315657487,0.12294561935808707
32.69448184967041,2.36,breakaway,drone,tracking,1,1,138.6888448626933,281.7406306752518,99.5,275.5,357.4932796639832,303.40197759887997,-42.506720336016826,3.4019775988799665,-0.8500934753024144,-0.06691051220369629,0.0,0.0,world_xy,1,-2.0635606821178074,0.16448333753617828,1.5,-2.186,0.15315221356300543,0.25,-0.12243931788219253,-0.011331123973172846,0.1229625184109044
32.81345558166504,2.37,breakaway,drone,tracking,1,1,137.67880885665622,281.80913136640845,98.46250962278675,275.5347190146266,357.4945229929306,303.4582837544621,-42.50547700706937,3.4582837544621157,-0.8501023109638496,-0.0681508517907466,0.0,0.0,world_xy,1,-2.0720616168708315,0.1638142324141413,1.5,-2.1945,0.15229484891290462,0.25,-0.12243838312916866,-0.011519383501236685,0.12297907895058272
33.0275092124939,2.38,breakaway,drone,tracking,1,1,136.63840316727152,281.86956999890026,96.46250962278675,275.5347190146266,357.5024851242562,303.52199859993,-42.497514875743775,3.5219985999299865,-0.8500187035669137,-0.06940986790506583,0.0,0.0,world_xy,1,-2.08056263998047,0.16313272389623384,1.5,-2.203,0.15142514846330882,0.25,-0.12243736001952987,-0.011707575432925027,0.12299583103125733
33.1578323841095,2.39,breakaway,drone,tracking,1,1,135.7563847429519,281.94864566058595,95.33182367149757,275.8455615942029,357.50353468187865,303.55846223839853,-42.49646531812135,3.5584622383985334,-0.849969535104446,-0.07037752517966349,0.0,0.0,world_xy,1,-2.0890628270161393,0.1624386252171832,1.5,-2.2115,0.15054318265947894,0.25,-0.1224371729838607,-0.01189544255770425,0.12301366949214819
33.26321721076965,2.4,breakaway,drone,tracking,1,1,134.54808635917567,282.0208265183731,94.34600301659125,275.8316742081448,357.5069643732064,303.62219150276474,-42.493035626793585,3.6221915027647356,-0.8499096826917301,-0.07151399286126067,0.0,0.0,world_xy,1,-2.0975625223671837,0.16173484996538656,1.5,-2.22,0.14964902294016294,0.25,-0.12243747763281654,-0.012085827025223622,0.12303252880425598
33.349472522735596,2.41,breakaway,drone,tracking,1,1,133.5250245338567,282.13221022789224,93.40734082397003,276.1045692883895,357.50208267702754,303.67580244320766,-42.497917322972455,3.675802443207658,-0.8499364477639756,-0.07261512366285156,0.0,0.0,world_xy,1,-2.106061619194101,0.16101971003677396,1.5,-2.2285000000000004,0.1487427417318092,0.25,-0.12243838080589953,-0.012276968304964747,0.12305235083139035
33.42793130874634,2.42,breakaway,drone,tracking,1,1,132.39503546099291,282.33578832515,91.89889277389277,276.09484265734267,357.50381853214225,303.7968178898814,-42.49618146785775,3.7968178898814244,-0.8499293976402242,-0.07444180243697886,0.0,0.0,world_xy,1,-2.1145609836717405,0.16029355880014545,1.5,-2.237,0.14782441244270003,0.25,-0.1224390163282596,-0.012469146357445421,0.12307230529373867
33.49592423439026,2.43,breakaway,drone,tracking,1,1,131.343678536426,282.4269846455407,90.41685376440651,276.09055530609186,357.50243509337446,303.8503089123249,-42.49756490662554,3.8503089123249197,-0.8499414429109818,-0.0758522091322146,0.0,0.0,world_xy,1,-2.123060277648143,0.15954914077577567,1.5,-2.2455000000000003,0.14689410945700576,0.25,-0.1224397223518574,-0.01265503131876991,0.1230919795408254
33.574223279953,2.44,breakaway,drone,tracking,1,1,130.32968349948248,282.5447513210219,89.5,276.5,357.5016116600098,303.91283605446944,-42.498388339990186,3.9128360544694374,-0.8499559210498339,-0.07717469070866038,0.0,0.0,world_xy,1,-2.1315596920772526,0.15879061868445352,1.5,-2.254,0.14595190812875963,0.25,-0.1224403079227474,-0.012838710555693883,0.12311158147367812
33.71158504486084,2.45,breakaway,drone,tracking,1,1,129.0612487183638,282.600291403594,88.47684971542839,276.52084294723886,357.50185723797176,303.9798857623436,-42.49814276202824,3.9798857623435993,-0.8499597348547359,-0.07850735420467678,0.0,0.0,world_xy,1,-2.140059251287751,0.15801887177736693,1.5,-2.2625,0.14499788477575407,0.25,-0.12244074871224919,-0.01302098700161286,0.12313116196849733
33.79162788391113,2.46,breakaway,drone,tracking,1,1,128.0612884065014,282.6988498299044,87.0,276.5,357.49593538666386,304.0140159080556,-42.50406461333614,4.014015908055626,-0.8500265914313286,-0.07948248438071642,0.0,0.0,world_xy,1,-2.1485588486362985,0.15723379823532016,1.5,-2.271,0.14403211667335905,0.25,-0.12244115136370137,-0.01320168156196111,0.1231508016349559
33.85833740234375,2.47,breakaway,drone,tracking,1,1,127.0301360985094,282.74729963275,85.92886904761905,276.57098214285713,357.4983883399902,304.0871639455305,-42.501611660009814,4.087163945530506,-0.8500296944042058,-0.08072592137215796,0.0,0.0,world_xy,1,-2.157059114550612,0.156438973391513,1.5,-2.2795,0.1430546820482628,0.25,-0.12244088544938814,-0.013384291343250199,0.12317024674973737
33.920182943344116,2.48,breakaway,drone,tracking,1,1,126.12881741390514,282.872536278969,84.35021097046413,276.84584086799276,357.5000175186574,304.14362963222493,-42.49998248134261,4.143629632224929,-0.8500131697766614,-0.0819065905719453,0.0,0.0,world_xy,1,-2.165559411494654,0.15563171417779142,1.5,-2.2880000000000003,0.1420656600721356,0.25,-0.12244058850534634,-0.013566054105655811,0.12318983536612561
33.97016501426697,2.49,breakaway,drone,tracking,1,1,124.74335476956055,283.0154876741693,83.34116937914406,276.873869801085,357.496251795285,304.2010310482128,-42.50374820471501,4.201031048212826,-0.8500471566513628,-0.08306930728771647,0.0,0.0,world_xy,1,-2.1740595431924206,0.15481264827207197,1.5,-2.2965000000000004,0.14106513085521677,0.25,-0.12244045680757987,-0.013747517416855204,0.12320981981309594
34.019590854644775,2.5,breakaway,drone,tracking,1,1,123.67934317501069,283.0848309798887,81.88460977388766,277.0202771699489,357.4968498424921,304.3147532376619,-42.50315015750789,4.314753237661876,-0.8500558722257,-0.08484347389375305,0.0,0.0,world_xy,1,-2.182560014758934,0.1539819551991948,1.5,-2.305,0.14005317543982582,0.25,-0.12243998524106603,-0.013928779759368987,0.12322970782817541
34.092721939086914,2.5100000000000002,breakaway,drone,tracking,1,1,122.64509740954827,283.1969599657461,80.91913903432227,277.0676265270506,357.4974976376299,304.3582752948588,-42.50250236237008,4.3582752948587995,-0.8500526684876359,-0.08612059149563567,0.0,0.0,world_xy,1,-2.191060573481191,0.15313352046025727,1.5,-2.3135000000000003,0.13902987579379805,0.25,-0.12243942651880912,-0.01410364466645922,0.12324904039842502
34.16217017173767,2.52,breakaway,drone,tracking,1,1,121.68349628679809,283.34866698723084,79.4256457282592,277.4193794895308,357.4909523642855,304.4115011725176,-42.50904763571452,4.411501172517603,-0.8501232248122961,-0.08728077907072969,0.0,0.0,world_xy,1,-2.1995611001660675,0.1522723145453009,1.5,-2.322,0.13799531480384541,0.25,-0.12243889983393252,-0.014276999741455493,0.12326847494051868
34.22769832611084,2.5300000000000002,breakaway,drone,tracking,1,1,120.45436728640287,283.46845701573176,78.4177370030581,277.4262996941896,357.4979526126063,304.46610436426,-42.5020473873937,4.466104364259991,-0.850077972426864,-0.08840349858868825,0.0,0.0,world_xy,1,-2.2080623324141904,0.1513995067545936,1.5,-2.3305000000000002,0.1369495762688424,0.25,-0.12243766758580987,-0.014449930485751189,0.12328739974099673
34.28478169441223,2.54,breakaway,drone,tracking,1,1,119.42596424213485,283.5401878083718,77.47684971542839,277.52084294723886,357.5024851242562,304.52199859993,-42.497514875743775,4.5219985999299865,-0.8500077512252702,-0.08952355896413955,0.0,0.0,world_xy,1,-2.216563112138459,0.15051547176870672,1.5,-2.339,0.1358927448930386,0.25,-0.12243688786154117,-0.014622726875668124,0.12330699757313043
34.35389828681946,2.5500000000000003,breakaway,drone,tracking,1,1,118.36485484212756,283.7040156812884,75.87140515571448,277.6326925942482,357.50353468187865,304.55846223839853,-42.49646531812135,4.558462238398533,-0.8499646065507065,-0.09042868615624666,0.0,0.0,world_xy,1,-2.2250631896507116,0.14962023617906534,1.5,-2.3475,0.13482490627919758,0.25,-0.12243681034928855,-0.01479532989986776,0.12332750834811175
34.409247159957886,2.56,breakaway,drone,tracking,1,1,117.37318667304321,283.8402678144428,74.85994152046783,277.8776315789474,357.50542508137625,304.6121766826502,-42.494574918623755,4.612176682650215,-0.8499243970526792,-0.09142685227946337,0.0,0.0,world_xy,1,-2.2335628357162185,0.14871594931750287,1.5,-2.3560000000000003,0.13374614692166326,0.25,-0.12243716428378182,-0.014969802395839615,0.12334891236498303
34.45926523208618,2.57,breakaway,drone,tracking,1,1,116.25404917423397,283.91322818756305,73.35409145607701,277.90207581227435,357.50691236175277,304.65532689346213,-42.49308763824723,4.6553268934621315,-0.8498899426944252,-0.09235067935384197,0.0,0.0,world_xy,1,-2.2420620796867454,0.14780168079470823,1.5,-2.3645,0.1326565541993539,0.25,-0.12243792031325462,-0.01514512659535433,0.12337106301813322
34.521453857421875,2.58,breakaway,drone,tracking,1,1,115.01262227832123,284.02077416640367,72.45066427825047,278.04866397969846,357.5034860906734,304.7853572513022,-42.49651390932661,4.785357251302173,-0.8499121272150839,-0.09419673547355281,0.0,0.0,world_xy,1,-2.25056097911369,0.14687817400116981,1.5,-2.373,0.13155621636868403,0.25,-0.12243902088631042,-0.015321957632485783,0.12339398778421115
34.575053691864014,2.59,breakaway,drone,tracking,1,1,113.99021464646465,284.13047138047136,70.90072780203784,278.0,357.5022423095789,304.8303961413589,-42.49775769042111,4.830396141358904,-0.84993579184142,-0.0955228885180467,0.0,0.0,world_xy,1,-2.259060100385841,0.14593620664643428,1.5,-2.3815,0.13044522255641655,0.25,-0.12243989961415913,-0.015490984090017729,0.12341596171323443
34.62411046028137,2.6,breakaway,drone,tracking,1,1,112.96206133417641,284.29202234165876,69.41346153846153,278.3975885225885,357.504449738972,304.88637982784996,-42.49555026102797,4.886379827849964,-0.8499221591999466,-0.09673547793947063,0.0,0.0,world_xy,1,-2.267559458304255,0.14498097776125382,1.5,-2.39,0.12932366275244267,0.25,-0.12244054169574525,-0.01565731500881115,0.12343758651250711
34.675395011901855,2.61,breakaway,drone,tracking,1,1,111.96865154379331,284.47789329972693,68.40564454614797,278.390236460717,357.50457188901345,304.925576887145,-42.49542811098655,4.9255768871449845,-0.8499146808608281,-0.0977123108313566,0.0,0.0,world_xy,1,-2.2760586798962543,0.1440136229818591,1.5,-2.3985,0.12819162780249344,0.25,-0.12244132010374553,-0.015821995179365667,0.12345935525590497
34.729485750198364,2.62,breakaway,drone,tracking,1,1,110.66739492301289,284.51841448189765,67.40564454614797,278.60976353928294,357.50017520498983,304.9937977433597,-42.49982479501017,4.993797743359721,-0.8499596791324845,-0.0989023150510674,0.0,0.0,world_xy,1,-2.2845578267048627,0.14303649987354553,1.5,-2.407,0.1270492094007807,0.25,-0.12244217329513729,-0.015987290472764815,0.12348149358465417
34.8051323890686,2.63,breakaway,drone,tracking,1,1,109.72607312366347,284.6719344912116,65.87476253105362,278.8844074236446,357.49814276202824,305.0201142376564,-42.50185723797176,5.020114237656401,-0.8500022852273074,-0.09972729838720074,0.0,0.0,world_xy,1,-2.2930574234961876,0.14204747672303486,1.5,-2.4155,0.12589650008257053,0.25,-0.12244257650381263,-0.016150976640464332,0.12350319262000005
34.87135148048401,2.64,breakaway,drone,tracking,1,1,108.70701068543131,284.79238988793327,64.37057057057056,278.9301801801802,357.49828335201795,305.09367409379666,-42.50171664798205,5.093674093796665,-0.850019911480091,-0.10090769930600364,0.0,0.0,world_xy,1,-2.3015574463484607,0.14105020373916285,1.5,-2.4240000000000004,0.12473359321668735,0.25,-0.12244255365153967,-0.016316610522475503,0.12352493968285241
34.94246482849121,2.65,breakaway,drone,tracking,1,1,107.67187581392925,284.9200395895192,63.46368381804623,279.034750186428,357.5000175186574,305.14362963222493,-42.49998248134261,5.143629632224929,-0.8500087674608097,-0.10198839064217585,0.0,0.0,world_xy,1,-2.3100576454632615,0.1400411267461028,1.5,-2.4325,0.12356058299795163,0.25,-0.12244235453673857,-0.01648054374815118,0.12354650341768118
35.00377011299133,2.66,breakaway,drone,tracking,1,1,106.66494845360825,285.0732583567635,62.45066427825048,279.04866397969846,357.4915750017516,305.19804292486975,-42.508424998248415,5.198042924869753,-0.850096620338097,-0.10307324796254642,0.0,0.0,world_xy,1,-2.3185577331378697,0.13902124283968104,1.5,-2.4410000000000003,0.12237756443954952,0.25,-0.12244226686213056,-0.01664367840013152,0.12356828373423416
35.07180452346802,2.67,breakaway,drone,tracking,1,1,105.3081362395012,285.1881795228526,60.896,279.37214814814814,357.49628617476003,305.2384147338425,-42.50371382523997,5.23841473384249,-0.8500843312297832,-0.10400552365541327,0.0,0.0,world_xy,1,-2.3270586993412508,0.13799051036005558,1.5,-2.4495,0.12118463336533764,0.25,-0.12244130065874925,-0.016805876994717944,0.123589277886748
35.12754678726196,2.68,breakaway,drone,tracking,1,1,104.21392803675596,285.34510350523976,60.0,279.5,357.49947504724577,305.35558549730524,-42.50052495275423,5.355585497305242,-0.850043723533699,-0.10571392611529364,0.0,0.0,world_xy,1,-2.3355595426535487,0.13695045512350146,1.5,-2.458,0.1199818864020806,0.25,-0.12244045734645148,-0.016968568721420857,0.12361067073542553
35.17773962020874,2.69,breakaway,drone,tracking,1,1,103.20623872131992,285.4183036865171,58.38937109791381,279.63880006091057,357.4969199537993,305.3937734066011,-42.503080046200694,5.393773406601099,-0.8500535560983721,-0.10690277422449423,0.0,0.0,world_xy,1,-2.3440599798888857,0.1358933158623485,1.5,-2.4665,0.11876942097162503,0.25,-0.12244002011111421,-0.01712389489072348,0.12363165574009999
35.23278570175171,2.7,breakaway,drone,tracking,1,1,102.30195106844224,285.5848559925674,57.38463846384638,279.9162916291629,357.49646531812135,305.44153776160147,-42.50353468187865,5.441537761601467,-0.8500629817449326,-0.10796316377863853,0.0,0.0,world_xy,1,-2.3525605154498694,0.13482428812010358,1.5,-2.475,0.11754733528300766,0.25,-0.12243948455013065,-0.01727695283709592,0.12365241799591675
35.28305196762085,2.71,breakaway,drone,tracking,1,1,101.02063224554415,285.68556253511053,55.89161196207148,279.91174325309987,357.4972874593119,305.4746771201568,-42.502712540688094,5.474677120156798,-0.8500581797327886,-0.10880487202211211,0.0,0.0,world_xy,1,-2.361061145267319,0.1337446564823172,1.5,-2.4835000000000003,0.11631572832450124,0.25,-0.12243885473268135,-0.017428928157815965,0.12367312030098114
35.33592391014099,2.72,breakaway,drone,tracking,1,1,100.00194125159642,285.80669220945083,54.95051516470759,280.0473080830068,357.5020473873937,305.53389563574,-42.4979526126063,5.533895635740009,-0.8500036596184242,-0.10983504440309055,0.0,0.0,world_xy,1,-2.3695617270646467,0.1326566077620961,1.5,-2.4920000000000004,0.11507469985559594,0.25,-0.1224382729353537,-0.017581907906500147,0.1236941961654823
35.379146575927734,2.73,breakaway,drone,tracking,1,1,98.87687366167023,286.03568879371875,53.880296296296294,280.37170370370364,357.5040422776747,305.5617541035243,-42.49595772232527,5.561754103524322,-0.8499571817738689,-0.11060506512015829,0.0,0.0,world_xy,1,-2.3780617636608308,0.1315582573180652,1.5,-2.5005,0.1138243503989194,0.25,-0.12243823633916939,-0.017733906919145795,0.12371585659269077
35.43306279182434,2.74,breakaway,drone,tracking,1,1,97.8746167995095,286.19665849172287,52.38147471054235,280.3680682510664,357.50542508137625,305.6121766826502,-42.494574918623755,5.612176682650215,-0.8499210559031023,-0.1115062228132236,0.0,0.0,world_xy,1,-2.3865613354785693,0.1304522066668636,1.5,-2.5090000000000003,0.1125647812320937,0.25,-0.12243866452143104,-0.017887425434769913,0.12373837948864527
35.49591851234436,2.75,breakaway,drone,tracking,1,1,96.82255593012565,286.3064664419246,50.87498150613996,280.66281994377863,357.504952400952,305.6490270194596,-42.49504759904801,5.649027019459595,-0.8499099987459241,-0.11231709748000616,0.0,0.0,world_xy,1,-2.3950605460376004,0.12933714443873137,1.5,-2.5175,0.11129609437953288,0.25,-0.12243945396239964,-0.018041050059198496,0.12376146158578238
35.560320138931274,2.7600000000000002,breakaway,drone,tracking,1,1,95.53599433399098,286.3308038650275,49.867199053534456,280.66992014196984,357.5056408100343,305.7675764370635,-42.49435918996568,5.7675764370634965,-0.8498974505252883,-0.11398603467370123,0.0,0.0,world_xy,1,-2.4035596460250597,0.12821397346393132,1.5,-2.5260000000000002,0.11001839260417826,0.25,-0.12244035397494057,-0.018195580859753063,0.12378497261110719
35.62526726722717,2.77,breakaway,drone,tracking,1,1,94.6054070473876,286.49255771567437,48.893648018648015,280.93225524475525,357.5018740367101,305.80172574844704,-42.49812596328991,5.801725748447041,-0.8499332383325688,-0.115112698836083,0.0,0.0,world_xy,1,-2.4120586205303125,0.1270741131171943,1.5,-2.5345,0.10873177939917518,0.25,-0.12244137946968747,-0.01834233371801912,0.12380764359547106
35.67497277259827,2.7800000000000002,breakaway,drone,tracking,1,1,93.55767387905381,286.7062591415746,47.94279907084785,281.04050522648083,357.5018218765328,305.8535900310653,-42.4981781234672,5.853590031065323,-0.8499499166077952,-0.11619020481795592,0.0,0.0,world_xy,1,-2.4205579529136383,0.12592298612883346,1.5,-2.543,0.10743635897948961,0.25,-0.12244204708636186,-0.01848662714934385,0.12382976329646161
35.78731560707092,2.79,breakaway,drone,tracking,1,1,92.49459104236173,286.91896673743804,45.88287488908607,281.3439810706891,357.5023123817532,305.89409174783356,-42.4976876182468,5.894091747833556,-0.8499520262742226,-0.11712060139424928,0.0,0.0,world_xy,1,-2.429057452079716,0.1247610840806539,1.5,-2.5515000000000003,0.10613223627346742,0.25,-0.1224425479202842,-0.018628847807186474,0.1238515704859426
35.91508340835571,2.8000000000000003,breakaway,drone,tracking,1,1,91.21834935897435,287.0091145833333,44.88287488908607,281.3439810706891,357.4981251752173,305.9486788617886,-42.5018748247827,5.948678861788608,-0.84999903489601,-0.11813973810708688,0.0,0.0,world_xy,1,-2.4375569723424584,0.1235898780667114,1.5,-2.5600000000000005,0.10481951691433468,0.25,-0.12244302765754211,-0.01877036115237672,0.12387340909063686
36.016242027282715,2.81,breakaway,drone,tracking,1,1,90.18756892230576,287.14636591478694,43.867199053534456,281.66992014196984,357.50017520498983,305.9937977433597,-42.49982479501017,5.993797743359721,-0.8499976384483163,-0.11909465732514603,0.0,0.0,world_xy,1,-2.4460569626914186,0.12240848068564053,1.5,-2.5685000000000002,0.1034983072316419,0.25,-0.12244303730858164,-0.018910173453998633,0.12389468126360804
36.071184158325195,2.82,breakaway,drone,tracking,1,1,89.27134591194968,287.2221886792453,42.438517854474824,281.93739728074104,357.49814276202824,306.0201142376564,-42.50185723797176,6.020114237656401,-0.8500193669194317,-0.11981385241053612,0.0,0.0,world_xy,1,-2.4545569390759017,0.12121753411238907,1.5,-2.577,0.10216871424265085,0.25,-0.12244306092409829,-0.01904881986973822,0.12391594210145916
36.15426969528198,2.83,breakaway,drone,tracking,1,1,88.13379365555888,287.4409086360452,40.923323148552306,281.9525680197875,357.49062817503415,306.08146772705504,-42.509371824965854,6.081467727055042,-0.8501118051883687,-0.12081237858234672,0.0,0.0,world_xy,1,-2.463057132745096,0.12001939558828371,1.5,-2.5855,0.10083084564366668,0.25,-0.12244286725490428,-0.019188549944617037,0.12393730750092634
36.26755118370056,2.84,breakaway,drone,tracking,1,1,86.83708339542045,287.5866487855759,39.95051516470759,282.0473080830068,357.49399131105037,306.11657674070955,-42.506008688949635,6.116576740709547,-0.8501164079132119,-0.12164791450986105,0.0,0.0,world_xy,1,-2.4715582507969796,0.11881127180246025,1.5,-2.594,0.09948480980131454,0.25,-0.12244174920302031,-0.01932646200114571,0.12395763018619327
36.34066152572632,2.85,breakaway,drone,tracking,1,1,85.78835742313613,287.7241841752347,38.869886279722344,282.3228474376015,357.49835318850734,306.16299345947203,-42.50164681149266,6.162993459472034,-0.8500704984873647,-0.12253448958362985,0.0,0.0,world_xy,1,-2.4800594148761115,0.11759479265736164,1.5,-2.6025,0.09813071574376168,0.25,-0.12244058512388856,-0.019464076913599956,0.12397801085506549
36.39440584182739,2.86,breakaway,drone,tracking,1,1,84.80994239173619,287.88791219705996,38.0,282.5,357.49618146785775,306.20318211011846,-42.50381853214225,6.203182110118462,-0.8500737281728789,-0.1233755235239365,0.0,0.0,world_xy,1,-2.4885601198609852,0.11636944776152534,1.5,-2.611,0.09676867315188638,0.25,-0.12243988013901497,-0.019600774609638966,0.12399884924366927
36.45804691314697,2.87,breakaway,drone,tracking,1,1,83.83390538725564,288.07715266378153,36.371905846621104,282.68215641609714,357.49570792894434,306.2416990761828,-42.50429207105566,6.241699076182783,-0.8500803904594076,-0.12417767542378204,0.0,0.0,world_xy,1,-2.497060857142714,0.11513569252628598,1.5,-2.6195000000000004,0.09539879235039386,0.25,-0.12243914285728641,-0.019736900175892122,0.12401971186944485
36.50930666923523,2.88,breakaway,drone,tracking,1,1,82.82959752938832,288.18957959752936,34.95047204066812,282.95265068990557,357.4965701886396,306.3539530325832,-42.50342981136038,6.353953032583206,-0.8500739036316977,-0.1257734372991172,0.0,0.0,world_xy,1,-2.505561661047308,0.11389391577204816,1.5,-2.628,0.09402118429888018,0.25,-0.12243833895269196,-0.01987273147316798,0.12404060747069456
36.5704026222229,2.89,breakaway,drone,tracking,1,1,81.482741617357,288.3867850098619,33.91390343222803,282.9864746945899,357.4946452945088,306.3858712770798,-42.505354705491186,6.3858712770797865,-0.8500921583946669,-0.12684263083248037,0.0,0.0,world_xy,1,-2.514062400083625,0.11263618139905698,1.5,-2.6365000000000003,0.09263596058284422,0.25,-0.12243759991637537,-0.020000220816212763,0.12406036718460765
36.62983727455139,2.9,breakaway,drone,tracking,1,1,80.45169082125602,288.5194715567386,32.81468324452338,283.2615452930728,357.4924746237312,306.4266538326916,-42.5075253762688,6.426653832691613,-0.8501242504165569,-0.12777237603422392,0.0,0.0,world_xy,1,-2.5225633216675716,0.11136775509073218,1.5,-2.645,0.09124323340464961,0.25,-0.12243667833242844,-0.020124521686082572,0.12407955743865369
36.703824520111084,2.91,breakaway,drone,tracking,1,1,79.43438824805283,288.6923494035295,31.367925959641934,283.3034440904263,357.495187933086,306.446174844264,-42.504812066913985,6.446174844264021,-0.8501088454235045,-0.12840549250230499,0.0,0.0,world_xy,1,-2.531064564171737,0.11009003133038994,1.5,-2.6535,0.08984311557443629,0.25,-0.1224354358282631,-0.02024691575595365,0.12409824150279251
36.75662302970886,2.92,breakaway,drone,tracking,1,1,78.40671604938271,288.8736790123457,29.869911504424778,283.6980825958702,357.4994924923874,306.4806972104582,-42.50050750761261,6.480697210458175,-0.8500545630243158,-0.12907014094107716,0.0,0.0,world_xy,1,-2.539565652625972,0.10880597640536689,1.5,-2.662,0.08843572050098308,0.25,-0.12243434737402792,-0.020370255904383808,0.12411735069084508
36.80303502082825,2.93,breakaway,drone,tracking,1,1,77.18455522971651,289.0031769305963,28.862155388471177,283.7051452159811,357.5015049699006,306.53060688786223,-42.49849503009938,6.530606887862234,-0.8500079986920352,-0.12991823918996928,0.0,0.0,world_xy,1,-2.548066198256215,0.10751527499595612,1.5,-2.6705,0.0870211621825214,0.25,-0.12243380174378515,-0.020494112813434717,0.12413720018369304
36.857815742492676,2.94,breakaway,drone,tracking,1,1,76.09868195403988,289.1908961732569,27.927927927927925,283.97297297297297,357.50353468187865,306.55846223839853,-42.49646531812135,6.558462238398533,-0.8499647179107507,-0.13060629225787004,0.0,0.0,world_xy,1,-2.5565662782431353,0.10621609260405643,1.5,-2.6790000000000003,0.08559955519750162,0.25,-0.12243372175686495,-0.020616537406554808,0.12415739139444458
36.90193796157837,2.95,breakaway,drone,tracking,1,1,75.09733039431791,289.3718344354641,26.930543446672477,284.05405405405406,357.50834762521436,306.5951139267089,-42.491652374785644,6.595113926708905,-0.8498922991824799,-0.13131908470983947,0.0,0.0,world_xy,1,-2.565065925422243,0.10491002968147772,1.5,-2.6875000000000004,0.08417101469531221,0.25,-0.12243407457775746,-0.02073901498616551,0.12417813559684439
36.961498498916626,2.96,breakaway,drone,tracking,1,1,74.06231947912077,289.51877417143976,24.867374005305038,284.28794577070437,357.50983445910475,306.6354425506597,-42.49016554089525,6.635442550659718,-0.8498433555819637,-0.13208345617668468,0.0,0.0,world_xy,1,-2.5735648484140676,0.10359683883437933,1.5,-2.696,0.08273565638695292,0.25,-0.12243515158593254,-0.020861182447426407,0.12419965892455218
37.01032280921936,2.97,breakaway,drone,tracking,1,1,73.0517300445358,289.68291489257575,23.85962586537045,284.7191044336426,357.50673689367954,306.66147546720794,-42.493263106320455,6.661475467207936,-0.8498554041814086,-0.1327137854187954,0.0,0.0,world_xy,1,-2.582063281969887,0.10227600427261248,1.5,-2.7045000000000003,0.08129359653566189,0.25,-0.12243671803011313,-0.020982407736950592,0.1242216219360586
37.05812430381775,2.98,breakaway,drone,tracking,1,1,71.75001214948729,289.858482772027,22.85962586537045,284.7191044336426,357.50359132476086,306.76492297630307,-42.49640867523914,6.764922976303069,-0.8498954273092645,-0.13413535617779168,0.0,0.0,world_xy,1,-2.5905618360117013,0.10094886641842453,1.5,-2.713,0.07984495194749862,0.25,-0.12243816398829876,-0.02110391447092591,0.12424362843551252
37.11345291137695,2.99,breakaway,drone,tracking,1,1,70.69194428209623,290.03784336645236,19.940700104493207,284.9878526645768,357.503748204715,306.7989689517871,-42.49625179528499,6.798968951787117,-0.8499117120373039,-0.13514956874966455,0.0,0.0,world_xy,1,-2.5990607902847938,0.09960751285664661,1.5,-2.7215000000000003,0.07838983996188263,0.25,-0.1224392097152065,-0.021217672894763978,0.12426403228108092
37.208189964294434,3.0,breakaway,drone,tracking,1,1,69.72168001942218,290.1825685846079,19.429873960847413,285.0498793242156,357.5022423095789,306.8303961413589,-42.49775769042111,6.830396141358904,-0.8499356050114191,-0.13595166349229698,0.0,0.0,world_xy,1,-2.6075599074051667,0.09825601716914996,1.5,-2.73,0.07692837844208936,0.25,-0.12244009259483324,-0.021327638727060602,0.1242837255971326
37.311134576797485,3.0100000000000002,breakaway,drone,tracking,1,1,68.75116618075802,290.3979591836735,18.353513668241018,285.25962501789036,357.49879121264144,306.86933417422887,-42.501208787358564,6.869334174228868,-0.8499843189160828,-0.1367409244880512,0.0,0.0,world_xy,1,-2.616059263455281,0.09689650053422699,1.5,-2.7385,0.07546068576570274,0.25,-0.1224407365447191,-0.021435814768524256,0.1243029690731633
37.40122628211975,3.02,breakaway,drone,tracking,1,1,67.48148148148148,290.54152199074076,18.0,285.5,357.5023123817532,306.89409174783356,-42.4976876182468,6.894091747833556,-0.8499675073129521,-0.13736842524579218,0.0,0.0,world_xy,1,-2.624559106644442,0.09552909128934647,1.5,-2.747,0.07398688081502712,0.25,-0.12244089335555808,-0.021542210474319354,0.12432151542603967
37.48026752471924,3.0300000000000002,breakaway,drone,tracking,1,1,66.44086332321626,290.7348846172375,17.362713917916096,285.7252763895199,357.50457188901345,306.925576887145,-42.49542811098655,6.9255768871449845,-0.8499350875116806,-0.1379971371192013,0.0,0.0,world_xy,1,-2.6330587817175712,0.09415540703688856,1.5,-2.7555000000000005,0.07250708296745761,0.25,-0.12244121828242926,-0.021648324069430944,0.12434026648475785
37.571943044662476,3.04,breakaway,drone,tracking,1,1,65.40322892498065,290.9301044083527,16.955145929339476,286.0,357.50185723797176,306.9798857623436,-42.49814276202824,6.979885762343599,-0.8499503597625667,-0.13887745508942018,0.0,0.0,world_xy,1,-2.6415581325926882,0.09277543566569654,1.5,-2.7640000000000002,0.07102141208581098,0.25,-0.122441867407312,-0.021754023579885567,0.12435935202510501
37.66548991203308,3.0500000000000003,breakaway,drone,tracking,1,1,64.34181607865818,291.05653556969344,16.023739837398374,285.9970731707317,357.4988612074705,306.99686394057255,-42.5011387925295,6.996863940572553,-0.8499901886109796,-0.13946035813653715,0.0,0.0,world_xy,1,-2.650057636190314,0.09138666111480234,1.5,-2.7725000000000004,0.06952998850861623,0.25,-0.12244236380968632,-0.02185667260618611,0.1243778380287967
37.72961115837097,3.06,breakaway,drone,tracking,1,1,63.08996838171888,291.21524384401647,15.381270330422872,286.2946413285396,357.49814276202824,307.0201142376564,-42.50185723797176,7.020114237656401,-0.8500160144926302,-0.13997841777566214,0.0,0.0,world_xy,1,-2.658557538076424,0.08999205753343698,1.5,-2.781,0.06803293304036771,0.25,-0.12244246192357622,-0.021959124493069263,0.12439597915691859
37.799073696136475,3.0700000000000003,breakaway,drone,tracking,1,1,62.119126153257795,291.4200965629332,14.887059656576385,286.69534430872716,357.49542811098655,307.07442311285496,-42.50457188901345,7.074423112854959,-0.8500574973008316,-0.1408089422404525,0.0,0.0,world_xy,1,-2.6670576982213503,0.08859227335568036,1.5,-2.7895000000000003,0.06653036694173975,0.25,-0.12244230177865001,-0.02206190641394061,0.12441400636371884
37.8829140663147,3.08,breakaway,drone,tracking,1,1,61.07512073829675,291.63945870989335,14.393256367967748,286.6846252519699,357.4978629484305,307.0995597440209,-42.50213705156949,7.099559744020894,-0.8500493813526386,-0.14145918119243348,0.0,0.0,world_xy,1,-2.675558273194359,0.08718418393327583,1.5,-2.798,0.06502241191976496,0.25,-0.12244172680564125,-0.02216177201351087,0.12443118822034177
37.99201774597168,3.09,breakaway,drone,tracking,1,1,60.04566341183228,291.83132299444765,13.596934865900382,286.9212643678161,357.49463929084476,307.1198568141737,-42.50536070915524,7.1198568141737155,-0.8500811894093951,-0.14197505649250594,0.0,0.0,world_xy,1,-2.684058767007885,0.08576959212135149,1.5,-2.8064999999999998,0.06350919011797558,0.25,-0.12244123299211473,-0.02226040200337591,0.12444830667382031
38.10422134399414,3.1,breakaway,drone,tracking,1,1,59.022145527753814,291.9933851020995,13.057884231536924,286.9736526946108,357.4943239550121,307.15475397965497,-42.50567604498792,7.15475397965497,-0.8500989717290949,-0.14259106919783235,0.0,0.0,world_xy,1,-2.692559578901979,0.08434984155642643,1.5,-2.815,0.061990824106510196,0.25,-0.122440421098021,-0.02235901744991623,0.1244651854133772
38.172001123428345,3.11,breakaway,drone,tracking,1,1,57.78290476190476,292.10242857142856,12.423117935593943,287.3670292173171,357.49716217636546,307.18995317007085,-42.502837823634536,7.189953170070851,-0.8500757533380727,-0.14325546600980393,0.0,0.0,world_xy,1,-2.70106056861927,0.0829239308644481,1.5,-2.8235,0.06046743687218559,0.25,-0.12243943138073021,-0.022456493992262516,0.12448175962469789
38.26138210296631,3.12,breakaway,drone,tracking,1,1,56.765021867275145,292.3050009507511,11.924272707084166,287.63846324672437,357.49749509529147,307.2084267563527,-42.50250490470853,7.208426756352708,-0.8500616429539265,-0.14375765402429155,0.0,0.0,world_xy,1,-2.7095613261526506,0.08149137620435007,1.5,-2.8320000000000003,0.05893915180853472,0.25,-0.12243867384734974,-0.02255222439581535,0.12449831998343149
38.350008726119995,3.13,breakaway,drone,tracking,1,1,55.72433613605054,292.5684290532516,11.100070472163495,287.7838853652807,357.49628617476003,307.2384147338425,-42.50371382523997,7.23841473384249,-0.8500685914069067,-0.1443135063831986,0.0,0.0,world_xy,1,-2.7180619425821897,0.08005379966410715,1.5,-2.8405,0.057406092705812345,0.25,-0.12243805741781033,-0.022647706958294808,0.12451504541506546
38.43588900566101,3.14,breakaway,drone,tracking,1,1,54.71694254185692,292.7961377473364,10.616102110947471,287.899852724595,357.49326310632046,307.33852453279206,-42.506736893679545,7.338524532792064,-0.850104971963583,-0.14566484773315208,0.0,0.0,world_xy,1,-2.726562628496259,0.07861066460027517,1.5,-2.849,0.055868383740967496,0.25,-0.12243737150374123,-0.022742280859307677,0.12453160755177288
38.519912242889404,3.15,breakaway,drone,tracking,1,1,53.52451954937044,292.9623686452712,9.964926372155286,288.4358768406961,357.49947504724577,307.35558549730524,-42.50052495275423,7.355585497305242,-0.8500530118639088,-0.14646062195027612,0.0,0.0,world_xy,1,-2.735063678215895,0.07715401612294365,1.5,-2.8575,0.05432614946758558,0.25,-0.12243632178410513,-0.02282786665535807,0.12454623393766567
38.59392595291138,3.16,breakaway,drone,tracking,1,1,52.52172263327641,293.08039271485484,9.5,288.5,357.49191516169674,307.38395982080357,-42.50808483830326,7.383959820803568,-0.8501127885600949,-0.1471308379064635,0.0,0.0,world_xy,1,-2.7435642083345337,0.07568940990344089,1.5,-2.866,0.05277951480579946,0.25,-0.12243579166546636,-0.02290989509764143,0.12456077381798179
38.65963435173035,3.17,breakaway,drone,tracking,1,1,51.421850644749895,293.28090312219547,9.0,288.5,357.4995450090998,307.40058448831024,-42.50045499090021,7.400584488310244,-0.850055759751945,-0.14761530642932127,0.0,0.0,world_xy,1,-2.752065336220135,0.07421810152437626,1.5,-2.8745,0.051228605032171255,0.25,-0.122434663779865,-0.022989496492205004,0.1245743305976544
38.734710931777954,3.18,breakaway,drone,tracking,1,1,50.38693348471946,293.51518592109,8.178457616316125,288.7896749521989,357.4967100657987,307.434988800224,-42.50328993420129,7.434988800224005,-0.8500612811645895,-0.1482117646956586,0.0,0.0,world_xy,1,-2.7605658938176543,0.07274194846008304,1.5,-2.883,0.04967354576954462,0.25,-0.12243410618234574,-0.02306840269053842,0.12458836847540283
38.827574729919434,3.19,breakaway,drone,tracking,1,1,49.36051908686179,293.6426541631145,7.6561008861622355,288.86196319018404,357.495187933086,307.446174844264,-42.504812066913985,7.446174844264021,-0.850080509260119,-0.1486032173999506,0.0,0.0,world_xy,1,-2.7690665066293003,0.07125983081312645,1.5,-2.8915,0.04811446297686959,0.25,-0.12243349337069986,-0.023145367836256862,0.12460203991600155
38.89346504211426,3.2,breakaway,drone,tracking,1,1,48.30484693877551,293.9363662131519,7.0,289.5,357.5012424751505,307.46661066778665,-42.49875752484951,7.466610667786654,-0.8500225619403982,-0.14900416517563098,0.0,0.0,world_xy,1,-2.7775673117219015,0.06977379863912694,1.5,-2.9000000000000004,0.04655148293899987,0.25,-0.12243268827809883,-0.023222315700127075,0.12461556526164173
38.962133169174194,3.21,breakaway,drone,tracking,1,1,47.2171388101983,294.0344192634561,6.5,289.5,357.50248486333254,307.4849858257796,-42.49751513666746,7.4849858257795745,-0.8499828193765212,-0.14938671841260928,0.0,0.0,world_xy,1,-2.7860675373413053,0.06828375698737063,1.5,-2.9085,0.04498473225646412,0.25,-0.12243246265869479,-0.02329902473090651,0.12462966126121056
39.036001205444336,3.22,breakaway,drone,tracking,1,1,46.13276756247053,294.2854314002829,5.992373261552265,289.5204127411395,357.5060023799524,307.52582948341035,-42.493997620047594,7.525829483410348,-0.8499262425399582,-0.150008147603188,0.0,0.0,world_xy,1,-2.7945673655350705,0.06678988980324453,1.5,-2.9170000000000003,0.043414337835210925,0.25,-0.1224326344649298,-0.023375551968033606,0.12464415915650985
39.63641428947449,3.23,breakaway,drone,tracking,1,1,45.12534162661389,294.4082555838281,5.472380952380952,290.0442857142857,357.5065446400448,307.5385678787667,-42.49345535995519,7.538567878766685,-0.8498948181024883,-0.15042791308786815,0.0,0.0,world_xy,1,-2.80306662796047,0.06528980832721265,1.5,-2.9255,0.04184042687632981,0.25,-0.12243337203952986,-0.023449381450882843,0.12465875051274555
39.78642654418945,3.24,breakaway,drone,tracking,1,1,44.11219489209311,294.61987560079166,4.4644326866549084,290.2463256907701,357.504812066914,307.553825155736,-42.495187933086015,7.553825155735979,-0.8498997354100659,-0.15078463760263644,0.0,0.0,world_xy,1,-2.811565576141495,0.06378552919633397,1.5,-2.934,0.04026312686574783,0.25,-0.12243442385850534,-0.02352240233058614,0.12467353992313727
40.02151274681091,3.25,breakaway,drone,tracking,1,1,43.07297858288517,294.83564487215773,4.0,290.5,357.50733260998913,307.57001855027823,-42.492667390010865,7.570018550278235,-0.8498742222246491,-0.15112329097424698,0.0,0.0,world_xy,1,-2.8200645734955954,0.06227768282030761,1.5,-2.9425,0.0386825655639036,0.25,-0.12243542650440453,-0.023595117256404008,0.12468826416972408
40.243892669677734,3.2600000000000002,breakaway,drone,tracking,1,1,42.02293967714528,295.00920419144717,3.5,290.5,357.5032374352513,307.6028979420412,-42.49676256474868,7.6028979420411815,-0.8499077882133276,-0.15163735830086414,0.0,0.0,world_xy,1,-2.828563315717842,0.06076644991056514,1.5,-2.951,0.03709887099539833,0.25,-0.12243668428215804,-0.023667578915166805,0.1247032315127178
40.45526647567749,3.27,breakaway,drone,tracking,1,1,41.00695232690125,295.2101778282255,2.970017636684303,290.83597883597884,357.50808483830326,307.61604017919643,-42.49191516169674,7.616040179196432,-0.8498695714746616,-0.15201325320654963,0.0,0.0,world_xy,1,-2.8370623935999753,0.059250076327556495,1.5,-2.9595000000000002,0.03551217143862619,0.25,-0.12243760640002499,-0.0237379048889303,0.1247175031400298
40.609707832336426,3.2800000000000002,breakaway,drone,tracking,1,1,39.987110481586406,295.40807365439093,2.4929881337648325,291.4509169363538,357.5025023623701,307.6417247051412,-42.49749763762992,7.6417247051412005,-0.8499137811775269,-0.15246493569950054,0.0,0.0,world_xy,1,-2.845561089314722,0.057729943795491,1.5,-2.9680000000000004,0.03392259541538367,0.25,-0.12243891068527857,-0.023807348380107327,0.12473201949254818
40.67539882659912,3.29,breakaway,drone,tracking,1,1,38.91018020567978,295.58675346730826,1.5,291.5,357.50643964581946,307.65203163825987,-42.493560354180545,7.652031638259871,-0.8498903654258732,-0.1527815690856338,0.0,0.0,world_xy,1,-2.854060227126497,0.05620529443849599,1.5,-2.9765,0.03233027168045971,0.25,-0.12243977287350294,-0.023875022758036282,0.12474580030210129
40.809834003448486,3.3000000000000003,breakaway,drone,tracking,1,1,37.723771954541185,295.73260073260076,1.0,291.5,357.50208267702754,307.67580244320766,-42.497917322972455,7.675802443207658,-0.8499277549943399,-0.15318553296381945,0.0,0.0,world_xy,1,-2.862559130780756,0.05467747874763965,1.5,-2.9850000000000003,0.030735329211206155,0.25,-0.12244086921924424,-0.023942149536433498,0.1247597410208478
40.9088077545166,3.31,breakaway,drone,tracking,0,1,36.20902932442465,295.99916481069044,,,357.50371382523997,307.76158526615745,-42.49628617476003,7.761585266157454,-0.8499266376698134,-0.15431092776145075,0.0,0.0,world_xy,1,-2.8710584083306996,0.053145623418001456,1.5,-2.9935,0.029137897197090996,0.25,-0.12244159166930046,-0.02400772622091046,0.12477305113208502
41.00114178657532,3.3200000000000003,breakaway,drone,tracking,0,1,35.148148148148145,296.1250751375595,,,357.5034860906734,307.7853572513022,-42.49651390932661,7.785357251302173,-0.8499286399540087,-0.15507884725697677,0.0,0.0,world_xy,1,-2.8795576747073977,0.05160251414038695,1.5,-3.0020000000000002,0.027538105029233897,0.25,-0.12244232529260257,-0.02406440911115305,0.12478468980178799
41.09169912338257,3.33,breakaway,drone,tracking,0,1,34.212171661117274,296.37014428412874,,,357.50250490470853,307.79157324364724,-42.49749509529147,7.791573243647235,-0.84994033402751,-0.15549278694575916,0.0,0.0,world_xy,1,-2.8880569611069378,0.05005172566781718,1.5,-3.0105,0.02593608228992592,0.25,-0.12244303889306218,-0.024115643377891263,0.12479528047525502
41.20551776885986,3.34,breakaway,drone,tracking,0,1,33.35271966527197,296.56387726638775,,,357.498791466704,307.8030149110823,-42.501208533295994,7.8030149110823,-0.8499864441786354,-0.15580491814749692,0.0,0.0,world_xy,1,-2.8965563644472128,0.04849679779835959,1.5,-3.019,0.024331958742133057,0.25,-0.12244363555278737,-0.02416483905622653,0.12480538183106187
41.2994499206543,3.35,breakaway,drone,tracking,0,1,32.479938487347965,296.7660655202945,,,357.5018042952738,307.82709128916605,-42.498195704726186,7.827091289166049,-0.849974052632374,-0.15621021734720017,0.0,0.0,world_xy,1,-2.905056228888999,0.046938748616884615,1.5,-3.0275000000000003,0.02272586431898539,0.25,-0.12244377111100135,-0.024212884297899227,0.12481482624234488
41.35742807388306,3.36,breakaway,drone,tracking,0,1,31.685358255451714,296.9587935429057,,,357.50164681149266,307.8370065405279,-42.49835318850734,7.837006540527909,-0.849970208758149,-0.1565016697520471,0.0,0.0,world_xy,1,-2.913555969415323,0.04537664644341261,1.5,-3.036,0.02111792911325329,0.25,-0.12244403058467723,-0.024258717330159323,0.12482398003719457
41.43023753166199,3.37,breakaway,drone,tracking,0,1,30.887306560334185,297.0618057533466,,,357.50243509337446,307.8503089123249,-42.49756490662554,7.85030891232492,-0.849959807914048,-0.15677914942399532,0.0,0.0,world_xy,1,-2.9220556715029042,0.04381162974589214,1.5,-3.0445,0.019508283366809136,0.25,-0.12244432849709597,-0.024303346379083,0.1248329532868883
41.57855796813965,3.38,breakaway,drone,tracking,0,1,30.21169036334913,297.3037962564029,,,357.49971971130265,307.8661329502721,-42.500280288697354,7.866132950272117,-0.8499849967369926,-0.15707807969379117,0.0,0.0,world_xy,1,-2.9305552695820447,0.042243838251652184,1.5,-3.053,0.017897057460078556,0.25,-0.12244473041795523,-0.024346780791573628,0.12484181087295501
41.71699261665344,3.39,breakaway,drone,tracking,0,1,29.581975164920447,297.51920838183935,,,357.50252259827624,307.8783955807815,-42.497477401723756,7.8783955807815005,-0.8499654999506081,-0.15734748725080253,0.0,0.0,world_xy,1,-2.9390551195494146,0.04067305745471427,1.5,-3.0615,0.01628438190147874,0.25,-0.12244488045058555,-0.024388675553235532,0.12485013513728839
41.828691720962524,3.4,breakaway,drone,tracking,0,1,28.822849304330784,297.76753870272387,,,357.50296054936587,307.88937939410926,-42.497039450634134,7.889379394109255,-0.849951908934749,-0.15758954259806296,0.0,0.0,world_xy,1,-2.947554774548921,0.03909958258220625,1.5,-3.07,0.014670387316848442,0.25,-0.12244522545107905,-0.024429195265357806,0.12485839506047865
41.89199376106262,3.41,breakaway,drone,tracking,0,1,28.16756165473349,297.92795346062053,,,357.5023123817532,307.89409174783356,-42.4976876182468,7.894091747833556,-0.8499529228213518,-0.15775030339529747,0.0,0.0,world_xy,1,-2.9560542936382683,0.03752368715622562,1.5,-3.0785,0.013055204438866415,0.25,-0.12244570636173169,-0.024468482717359206,0.12486655938606271
41.95497369766235,3.42,breakaway,drone,tracking,0,1,27.542106851795957,298.0553878659825,,,357.50089338892195,307.90956334886545,-42.49910661107805,7.909563348865447,-0.8499689879914669,-0.15799283336540376,0.0,0.0,world_xy,1,-2.964553822866482,0.03594618412227265,1.5,-3.087,0.011438964096462913,0.25,-0.12244617713351813,-0.024507220025809736,0.12487461762906962
42.045650005340576,3.43,breakaway,drone,tracking,0,1,26.915071709283925,298.3003113356811,,,357.50353864480417,307.9216651484362,-42.496461355195834,7.921665148436205,-0.8499471195033144,-0.15823509164722996,0.0,0.0,world_xy,1,-2.9730535127463966,0.03436625578861861,1.5,-3.0955000000000004,0.009821797204221674,0.25,-0.12244648725360374,-0.02454445858439694,0.12488223527767318
42.139278411865234,3.44,breakaway,drone,tracking,0,1,26.302681992337163,298.5073004038521,,,357.49563785431485,307.92742604206813,-42.50436214568515,7.927426042068134,-0.8500241873790282,-0.15840747770400296,0.0,0.0,world_xy,1,-2.98155298394143,0.032783904872146316,1.5,-3.104,0.008203834751777028,0.25,-0.12244701605857022,-0.024580070120369286,0.124889757741658
42.2499942779541,3.45,breakaway,drone,tracking,0,1,25.685618024847333,298.74326173931354,,,357.49779233976943,307.9519921505414,-42.50220766023057,7.9519921505414,-0.8500351685830989,-0.15875527862275673,0.0,0.0,world_xy,1,-2.9900532258152204,0.031199830095106285,1.5,-3.1125000000000003,0.006585207793202839,0.25,-0.1224467741847799,-0.024614622301903446,0.12489632556374043
42.350404262542725,3.46,breakaway,drone,tracking,0,1,25.11100380921723,298.89543430441546,,,357.5010337456635,307.975312751866,-42.498966254336494,7.975312751865999,-0.8500044546600961,-0.15916831565076653,0.0,0.0,world_xy,1,-2.9985535775010512,0.029612277308878717,1.5,-3.121,0.004966047436398016,0.25,-0.12244642249894877,-0.0246462298724807,0.1249022138703643
42.42849135398865,3.47,breakaway,drone,tracking,0,1,24.553097345132745,299.05555555555554,,,355.0614756968763,307.9713720409021,-44.9385243031237,7.971372040902111,-0.8768257719314039,-0.15931083449276817,0.0,0.0,world_xy,1,-3.0,0.028020594152371053,1.5,-3.1295,0.0033464848324658634,0.25,-0.12950000000000017,-0.02467410931990519,0.13182966915960412
42.52481484413147,3.48,breakaway,drone,tracking,0,1,23.928040390590322,299.2474478473147,,,352.15044748602696,307.9803444533903,-47.84955251397304,7.980344453390273,-0.9209166750228351,-0.1594736645090387,0.0,0.0,world_xy,1,-3.0,0.02642748580744337,1.5,-3.138,0.0017266511650920469,0.25,-0.1379999999999999,-0.024700834642351323,0.14019319253098117
42.59529376029968,3.49,breakaway,drone,tracking,0,1,23.31812765957447,299.49639716312055,,,349.29479181270153,307.9858054114678,-50.70520818729847,7.9858054114678225,-0.972169793820559,-0.15960700855521345,0.0,0.0,world_xy,1,-3.0,0.024832749162352983,1.5,-3.1465,0.00010667763991782176,0.25,-0.14650000000000007,-0.02472607152243516,0.14857196442442497
42.66188287734985,3.5,breakaway,drone,tracking,0,1,22.823937554206417,299.67088753975133,,,346.363177629043,307.9906962890283,-53.63682237095702,7.990696289028278,-1.027481453299779,-0.1597208130291571,0.0,0.0,world_xy,1,-3.0,0.023236679076800847,1.5,-3.1550000000000002,-0.0015133045260867512,0.25,-0.15500000000000025,-0.024749983602887597,0.15696356802883682
42.72569489479065,3.5100000000000002,breakaway,drone,tracking,0,1,22.294385342789596,299.95070921985814,,,343.4239812186832,308.00127895161006,-56.576018781316805,8.001278951610061,-1.0847028605793854,-0.15988843433083136,0.0,0.0,world_xy,1,-3.0,0.021639470946509275,1.5,-3.1635000000000004,-0.003133164115252268,0.25,-0.16350000000000042,-0.02477263506176154,0.16536605893563333
42.792375326156616,3.52,breakaway,drone,tracking,0,1,21.729669266582018,300.0205574702219,,,340.49982479501017,308.0062022566403,-59.50017520498983,8.006202256640279,-1.1426182145156116,-0.1600180202719172,0.0,0.0,world_xy,1,-3.0,0.02004058660320096,1.5,-3.172,-0.004752769919837422,0.25,-0.17200000000000015,-0.024793356523038382,0.1737777618905208
42.85418343544006,3.5300000000000002,breakaway,drone,tracking,0,1,21.161296296296296,300.2275308641975,,,337.5782668115079,308.00495847496234,-62.42173318849211,8.004958474962336,-1.2008172616054384,-0.16006265234694844,0.0,0.0,world_xy,1,-3.0,0.01844040640048179,1.5,-3.1805000000000003,-0.006371990752657719,0.25,-0.18050000000000033,-0.024812397153139508,0.18219743426427618
42.92463302612305,3.54,breakaway,drone,tracking,0,1,20.604221969409682,300.49336367083805,,,334.6389648163723,308.0166281188674,-65.36103518362768,8.016628118867402,-1.2593391547423518,-0.16021110286366821,0.0,0.0,world_xy,1,-3.0,0.016839779877012306,1.5,-3.189,-0.007990695457710768,0.25,-0.18900000000000006,-0.024830475334723073,0.1906241131267194
43.01275420188904,3.5500000000000003,breakaway,drone,tracking,0,1,20.092332683560752,300.6541910331384,,,331.7330099071171,308.0506272950709,-68.2669900928829,8.05062729507091,-1.3176395106557703,-0.1606518965344307,0.0,0.0,world_xy,1,-3.0,0.015237668848375623,1.5,-3.1975000000000002,-0.009608752920800802,0.25,-0.19750000000000023,-0.024846421769176424,0.19905676244411263
43.135780811309814,3.56,breakaway,drone,tracking,0,1,19.589825542682114,300.9620455453456,,,328.84642490432185,308.02080999719965,-71.15357509567815,8.020809997199649,-1.3756271058475562,-0.16052226340968997,0.0,0.0,world_xy,1,-3.0,0.013631149883031315,1.5,-3.206,-0.011226032080157745,0.25,-0.20599999999999996,-0.024857181963189062,0.2074942878615001
43.23823952674866,3.5700000000000003,breakaway,drone,tracking,0,1,19.107323750855578,301.0657084188912,,,325.938136928734,308.0253195587463,-74.06186307126598,8.025319558746276,-1.433712691415326,-0.1605135336805695,0.0,0.0,world_xy,1,-3.0,0.012025927248934415,1.5,-3.2145,-0.01284240193705409,0.25,-0.21450000000000014,-0.024868329185988504,0.2159367587894723
43.312193155288696,3.58,breakaway,drone,tracking,0,1,18.525329387726345,301.2852110195166,,,323.00400980563825,308.0348800560322,-76.99599019436175,8.034880056032193,-1.492126603274876,-0.1606147707726104,0.0,0.0,world_xy,1,-3.0,0.01042079191212872,1.5,-3.2230000000000003,-0.014457731566414937,0.25,-0.2230000000000003,-0.024878523478543656,0.22438346848748147
43.37025761604309,3.59,breakaway,drone,tracking,0,1,17.981674634217004,301.4856584093872,,,320.0699005671872,308.02970730341013,-79.93009943281282,8.029707303410135,-1.5,-0.1606034271851862,0.0,0.0,world_xy,1,-3.0,0.008814644204402616,1.5,-3.2315,-0.01607189012742373,0.25,-0.23150000000000004,-0.024886534331826346,0.23283382398407923
