t_wall,t_sim,scenario_name,control_source,control_mode,external_found,drone_found,ext_red_u,ext_red_v,ext_blue_u,ext_blue_v,drone_red_u,drone_red_v,ex_px,ev_px,cmd_vx,cmd_vy,cmd_vz,cmd_yaw_rate,cmd_frame,cmd_valid,uav_x,uav_y,uav_z,platform_x,platform_y,platform_z,world_ex,world_ey,world_sep
1.175032138824463,0.0,clutter_moving,drone,tracking,1,1,508.51450511945393,299.4933162684869,399.5,299.5,707.1844291160976,299.4977153002124,307.1844291160976,-0.5022846997875945,1.5,0.01004569399575189,0.0,0.0,world_xy,1,0.0,0.0,1.5,0.9,0.0,0.25,0.9,0.0,0.9
1.3748278617858887,0.01,clutter_moving,drone,tracking,1,1,508.54782855520864,298.9223673005961,402.0,299.5,702.8315631407202,297.8061855670103,302.83156314072016,-2.1938144329897113,1.5,0.028652521060975173,0.0,0.0,world_xy,1,0.015,0.0001004569399575189,1.5,0.8999863875343148,0.0049499750437877466,0.25,0.8849863875343148,0.004849518103830228,0.8849996745461977
1.4782276153564453,0.02,clutter_moving,drone,tracking,1,1,508.52992907801416,298.26052009456265,404.0,299.0,697.3397713629482,296.28468270954045,297.3397713629482,-3.715317290459552,1.5,0.0537621246724939,0.0,0.0,world_xy,1,0.03,0.00038698215056727064,1.5,0.8999455505490354,0.00989980035120788,0.25,0.8699455505490353,0.00951281820064061,0.8699975601288676
1.543823003768921,0.03,clutter_moving,drone,tracking,1,1,508.49192176870747,297.74395313681026,406.00765347663247,299.00765347663247,692.2273019961365,294.6847484960814,292.2273019961365,-5.315251503918603,1.5,0.08266072264572688,0.0,0.0,world_xy,1,0.045,0.0009246033972922097,1.5,0.8998774902794772,0.014849326190422299,0.25,0.8548774902794771,0.01392472279313009,0.8549908895955577
1.619924545288086,0.04,clutter_moving,drone,tracking,1,1,508.47247446084,297.08484676503974,408.00765347663247,299.00765347663247,687.0779929587675,293.3687888964289,287.0779929587675,-6.631211103571104,1.5,0.11014064732985926,0.0,0.0,world_xy,1,0.06,0.0017512106237494785,1.5,0.8997822087844584,0.019798402838651797,0.25,0.8397822087844584,0.018047192214902318,0.8399761064088344
1.6859886646270752,0.05,clutter_moving,drone,tracking,1,1,508.4906196702672,296.5015633882888,410.5,299.0,681.8866952191929,291.99876388453634,281.8866952191929,-8.001236115463655,1.5,0.13757688856853686,0.0,0.0,world_xy,1,0.075,0.002852617097048071,1.5,0.8996597089462367,0.024746880586705156,0.25,0.8246597089462367,0.021894263489657083,0.824950298098647
1.7486763000488281,0.06,clutter_moving,drone,tracking,1,1,508.48112939841087,295.93090238365494,413.0,299.0,676.7171193129061,290.7804607706592,276.7171193129061,-9.219539229340796,1.5,0.16332453137859035,0.0,0.0,world_xy,1,0.09,0.004228385982733439,1.5,0.8995099944704232,0.029694609743507842,0.25,0.8095099944704233,0.025466223760774405,0.8099104640021257
1.8602116107940674,0.07,clutter_moving,drone,tracking,1,1,508.44120147350526,295.26929252857275,414.9923465233675,298.9923465233675,671.4954885908378,289.60592231318583,271.4954885908378,-10.394077686814171,1.5,0.18783089367532152,0.0,0.0,world_xy,1,0.105,0.005861631296519343,1.5,0.8993330698858693,0.034641440640630156,0.25,0.7943330698858693,0.028779809344110813,0.7948542654727296
1.9186382293701172,0.08,clutter_moving,drone,tracking,1,1,508.4343262411347,294.7389125295508,417.00765347663247,298.00765347663247,666.2923181390814,288.59369595245556,266.29231813908143,-11.406304047544438,1.5,0.2099932466768835,0.0,0.0,world_xy,1,0.12,0.007739940233272558,1.5,0.89912894054453,0.039587223636814675,0.25,0.77912894054453,0.03184728340354212,0.7797795556785438
1.997197151184082,0.09,clutter_moving,drone,tracking,1,1,508.39733030389095,294.07057654075544,419.0,298.0,661.1448810850984,287.5952654682274,261.1448810850984,-12.40473453177259,1.5,0.23094904085409607,0.0,0.0,world_xy,1,0.135,0.009839872700041392,1.5,0.8988976126213024,0.04453180912250291,0.25,0.7638976126213024,0.03469193642246152,0.7646849632503999
2.0657010078430176,0.1,clutter_moving,drone,tracking,1,1,508.3166004915863,293.513754963131,421.00765347663247,297.9923465233675,655.8647030818179,286.7345967161337,255.86470308181788,-13.265403283866306,1.5,0.2498465045068726,0.0,0.0,world_xy,1,0.15000000000000002,0.012149363108582353,1.5,0.8986390931138386,0.049475047524360966,0.25,0.7486390931138386,0.03732568441577861,0.7495690084678108
2.138388156890869,0.11,clutter_moving,drone,tracking,1,1,508.3434486670448,292.9407260351673,423.9923465233675,297.00765347663247,650.6561770343266,285.8425045013649,250.65617703432656,-14.157495498635114,1.5,0.2681633775130789,0.0,0.0,world_xy,1,0.16500000000000004,0.01464782815365108,1.5,0.8983533898423339,0.054416789309804134,0.25,0.7333533898423339,0.039768961156153054,0.7344309121113312
2.211745262145996,0.12,clutter_moving,drone,tracking,1,1,508.2806095887169,292.2943821288277,426.0,297.0,645.4405436671956,285.12536551619894,245.44054366719558,-14.87463448380106,1.5,0.28429449920269717,0.0,0.0,world_xy,1,0.18000000000000005,0.017329461928781868,1.5,0.8980405114492905,0.059356884991520246,0.25,0.7180405114492905,0.04202742306273838,0.7192694073653161
2.305321455001831,0.13,clutter_moving,drone,tracking,1,1,508.2106953892668,291.69742063492066,427.9923465233675,296.9923465233675,640.2195643582769,284.3951112350931,240.2195643582769,-15.604888764906889,1.5,0.2995863010551895,0.0,0.0,world_xy,1,0.19500000000000006,0.02017240692080884,1.5,0.8977004673992561,0.06429518513199163,0.25,0.7027004673992561,0.044122778211182795,0.704084346112173
2.383120536804199,0.14,clutter_moving,drone,tracking,1,1,508.2396306818182,291.0720170454546,430.0,296.0,634.9329950831677,283.7346363520126,234.93299508316773,-16.265363647987385,1.5,0.3137328356026965,0.0,0.0,world_xy,1,0.21000000000000008,0.023168269931360733,1.5,0.8973332679785371,0.06923154034801562,0.25,0.687333267978537,0.046063270416654895,0.6888750584478532
2.4462616443634033,0.15,clutter_moving,drone,tracking,1,1,508.14904572940287,290.5201247165533,432.00765347663247,295.9923465233675,629.6680620236165,283.09619823371065,229.66806202361647,-16.903801766289348,1.5,0.32712159545039626,0.0,0.0,world_xy,1,0.2250000000000001,0.026305598287387696,1.5,0.896938924294888,0.07416580131522332,0.25,0.6719389242948879,0.04786020302783563,0.6736412376157184
2.50923490524292,0.16,clutter_moving,drone,tracking,1,1,508.08752195168256,289.9282832597655,434.5839288550103,295.044624424329,624.4144697432317,282.50539416673934,224.41446974323173,-17.494605833260664,1.5,0.3396453821185456,0.0,0.0,world_xy,1,0.2400000000000001,0.02957681424189166,1.5,0.8965174482771752,0.07909781877259678,0.25,0.6565174482771751,0.04952100453070512,0.6583824798565825
2.5818514823913574,0.17,clutter_moving,drone,tracking,1,1,508.0394438138479,289.33342792281496,436.9923465233675,294.9923465233675,619.0875095972639,281.99090877364415,219.08750959726387,-18.00909122635585,1.5,0.3509404254432599,0.0,0.0,world_xy,1,0.2550000000000001,0.03297326806307711,1.5,0.896068852675016,0.08402744352698398,0.25,0.6410688526750159,0.051054175463906865,0.6430985948533557
2.643113136291504,0.18,clutter_moving,drone,tracking,1,1,507.99105875674144,288.689185353392,439.0,294.0,613.8152254895112,281.51800307326954,213.81522548951125,-18.48199692673046,1.5,0.361225157643502,0.0,0.0,world_xy,1,0.27000000000000013,0.036482672317509714,1.5,0.8955931510583933,0.088954526457612,0.25,0.6255931510583932,0.05247185414010228,0.6277898423262913
2.6941540241241455,0.19,clutter_moving,drone,tracking,1,1,507.9832195676906,288.13030906332955,440.9923465233675,293.9923465233675,608.5333333333333,281.07902399254596,208.5333333333333,-18.920976007454044,1.5,0.37068205702157037,0.0,0.0,world_xy,1,0.28500000000000014,0.040094923893944735,1.5,0.8950903578172446,0.09387891852059792,0.25,0.6100903578172444,0.05378399462665318,0.6124564986834357
2.742138624191284,0.2,clutter_moving,drone,tracking,1,1,507.87713826670443,287.5157357527644,443.0,293.0,603.2222416109724,280.6384269519139,203.22224161097245,-19.361573048086086,1.5,0.3797842291886536,0.0,0.0,world_xy,1,0.30000000000000016,0.043801744464160436,1.5,0.8945604881610272,0.09880047075345734,0.25,0.594560488161027,0.054998726289296904,0.5970988477427533
2.800060749053955,0.21,clutter_moving,drone,tracking,1,1,507.76043737574554,286.97529111048,445.0,292.5,597.8990607869837,280.23457048752954,197.89906078698368,-19.76542951247046,1.5,0.3883226277720692,0.0,0.0,world_xy,1,0.31500000000000017,0.047599586756046974,1.5,0.8940035581182577,0.1037190342796105,0.25,0.5790035581182575,0.05611944752356353,0.581716866442733
2.8519110679626465,0.22,clutter_moving,drone,tracking,1,1,507.77207896476807,286.354491357325,447.5,292.0,592.5675433231396,279.87335372069316,192.5675433231396,-20.12664627930684,1.5,0.39613829156980646,0.0,0.0,world_xy,1,0.3300000000000002,0.051482813033767665,1.5,0.8934195845360275,0.10863446031288584,0.25,0.5634195845360274,0.05715164727911818,0.5663108148582953
2.9069483280181885,0.23,clutter_moving,drone,tracking,1,1,507.6256018125177,285.7911828566034,449.89469360933134,291.14522753408903,587.2440777603165,279.55355334381,187.2440777603165,-20.446446656190005,1.5,0.40317314442450297,0.0,0.0,world_xy,1,0.3450000000000002,0.05544419594946573,1.5,0.892808585079493,0.11354660016202064,0.25,0.5478085850794928,0.058102404212554914,0.5508812351696825
2.9666221141815186,0.24,clutter_moving,drone,tracking,1,1,507.5704145371948,285.103066439523,452.0,291.0,581.843125953354,279.2540026315483,181.84312595335405,-20.745997368451697,1.5,0.409633886043995,0.0,0.0,world_xy,1,0.3600000000000002,0.059475927393710756,1.5,0.8921705782313409,0.11845530523515901,0.25,0.5321705782313407,0.05897937784144826,0.5354288854233061
3.0271103382110596,0.25,clutter_moving,drone,tracking,1,1,507.4902183158492,284.599848785559,453.88415841584157,290.21501650165015,576.4921087459699,278.9952016977711,176.49210874596986,-21.00479830222889,1.5,0.41538803004431557,0.0,0.0,world_xy,1,0.3750000000000002,0.0635722662541507,1.5,0.8915055832912301,0.1233604270443469,0.25,0.5165055832912299,0.05978816079019619,0.5199544612191417
3.076761245727539,0.26,clutter_moving,drone,tracking,1,1,507.41903006239363,283.9729154849688,455.8732440918856,289.76169228226735,571.1538161245026,278.73784427858084,171.15381612450255,-21.262155721419163,1.5,0.4208083264555528,0.0,0.0,world_xy,1,0.39000000000000024,0.06772614655459386,1.5,0.8908136203752065,0.12826181721002355,0.25,0.5008136203752063,0.060535670655429696,0.5044589673848844
3.1355042457580566,0.27,clutter_moving,drone,tracking,1,1,507.42229184467857,283.38009114212474,458.00765347663247,288.9923465233675,565.7525951052904,278.52841647578583,165.75259510529042,-21.471583524214168,1.5,0.4255511656713546,0.0,0.0,world_xy,1,0.40500000000000025,0.07193422981914939,1.5,0.8900947104150957,0.1331593274655102,0.25,0.48509471041509544,0.06122509764636082,0.48894313642233667
3.1946969032287598,0.28,clutter_moving,drone,tracking,1,1,508.05436629289835,282.75501189262656,459.98082961493964,288.39514129895883,560.3843639668612,278.31350718355645,160.3843639668612,-21.686492816443547,1.5,0.4300494455329886,0.0,0.0,world_xy,1,0.42000000000000026,0.07618974147586294,1.5,0.8893488751578691,0.1380528096614951,0.25,0.46934887515786883,0.06186306818563217,0.47340828659551043
3.2564382553100586,0.29,clutter_moving,drone,tracking,1,1,508.4205029205029,282.0975150975151,462.89233333333334,287.6435,554.9821466041827,278.05450444149125,154.98214660418273,-21.945495558508753,1.5,0.43492270163344116,0.0,0.0,world_xy,1,0.4350000000000003,0.08049023593119282,1.5,0.8885761371649864,0.14294211577051497,0.25,0.4535761371649861,0.06245187983932214,0.4578553805526101
3.327913999557495,0.3,clutter_moving,drone,tracking,1,1,508.9280205655527,281.41100861938605,464.920759659463,287.0761296660118,549.5889940462653,277.863699712518,149.58899404626527,-22.136300287482015,1.5,0.4392145188973507,0.0,0.0,world_xy,1,0.4500000000000003,0.08483946294752724,1.5,0.8877765198117129,0.1478270978914329,0.25,0.4377765198117126,0.06298763494390565,0.44228466337222405
3.3831207752227783,0.31,clutter_moving,drone,tracking,1,1,509.3635565199421,280.651115933044,467.0,286.5,544.1827195054384,277.7160645029598,144.1827195054384,-22.283935497040204,1.5,0.4427698239712501,0.0,0.0,world_xy,1,0.4650000000000003,0.08923160813650075,1.5,0.8869500472864127,0.15270760825391214,0.25,0.4219500472864124,0.06347600011741139,0.42669783804925854
3.4416446685791016,0.32,clutter_moving,drone,tracking,1,1,509.9733312209548,279.88899450781577,468.9470068694799,285.9237814851161,538.7323767025403,277.5901420363403,138.73237670254025,-22.409857963659704,1.5,0.4457548583873193,0.0,0.0,world_xy,1,0.4800000000000003,0.09365930637621325,1.5,0.8860967445898166,0.15758349922288645,0.25,0.40609674458981626,0.0639241928466732,0.41109715201828523
3.500098466873169,0.33,clutter_moving,drone,tracking,1,1,510.57257799671595,279.2327312534209,470.8872403560831,285.1994724695021,533.3323596291762,277.4394087808291,133.33235962917615,-22.560591219170874,1.5,0.4487561896851733,0.0,0.0,world_xy,1,0.49500000000000033,0.09811685496008644,1.5,0.8852166375342659,0.16245462330302582,0.25,0.3902166375342656,0.06433776834293937,0.3954849840940844
3.5527517795562744,0.34,clutter_moving,drone,tracking,1,1,510.924308344489,278.36546184738955,474.0,284.5,527.8226959042835,277.2974279997433,127.82269590428348,-22.70257200025668,1.5,0.4516685773611515,0.0,0.0,world_xy,1,0.5100000000000003,0.10260441685693818,1.5,0.8843097527429323,0.1673208331431983,0.25,0.374309752742932,0.06471641628626011,0.37986314053276
3.6048572063446045,0.35000000000000003,clutter_moving,drone,tracking,1,1,511.3902284992536,277.7024916752784,475.8717441477085,283.8160237388724,522.3749555131593,277.20706655231356,122.3749555131593,-22.792933447686437,1.5,0.453973127737069,0.0,0.0,world_xy,1,0.5250000000000004,0.10712110263054969,1.5,0.8833761176490112,0.17218198154092723,0.25,0.3583761176490109,0.06506087891037754,0.36423393535716647
3.659741163253784,0.36,clutter_moving,drone,tracking,1,1,511.7569370645885,276.97845082064,477.87871246059393,283.3009789281566,516.9151998693587,277.0604682086993,116.91519986935873,-22.93953179130068,1.5,0.45662275718598855,0.0,0.0,world_xy,1,0.5400000000000004,0.11166083390792038,1.5,0.8824157604948933,0.1770379214468443,0.25,0.342415760494893,0.06537708753892392,0.3486010852111164
3.7152516841888428,0.37,clutter_moving,drone,tracking,1,1,511.8205081996756,276.23818105364325,480.0,282.5,511.4636688505063,276.98938443751535,111.46366885050628,-23.010615562484645,1.5,0.4585970119210259,0.0,0.0,world_xy,1,0.5550000000000004,0.11622706147978026,1.5,0.8814287103313092,0.1818885059691377,0.25,0.3264287103313088,0.06566144448935743,0.33296715787144904
3.768169403076172,0.38,clutter_moving,drone,tracking,1,1,512.4318697956094,275.4080873075952,481.88358208955225,281.7067993366501,505.969175564502,276.8982379368691,105.969175564502,-23.101762063130877,1.5,0.4604880380589013,0.0,0.0,world_xy,1,0.5700000000000004,0.12081303159899053,1.5,0.880414997016451,0.18673358837799542,0.25,0.3104149970164506,0.0659205567790049,0.31733734444401124
3.8401999473571777,0.39,clutter_moving,drone,tracking,1,1,512.6233120113717,274.745816372682,483.9248496993988,281.40397461589845,500.4773204903678,276.81967308814944,100.47732049036779,-23.180326911850557,1.5,0.4622032131568617,0.0,0.0,world_xy,1,0.5850000000000004,0.12541791197957955,1.5,0.8793746512150692,0.19157302211004412,0.25,0.2943746512150688,0.06615511013046457,0.30171664500714457
3.915264129638672,0.4,clutter_moving,drone,tracking,1,1,512.5536700868192,273.9239016048408,487.0,280.5,494.9735615670334,276.6862253836989,94.97356156703341,-23.31377461630109,1.5,0.46444296669989976,0.0,0.0,world_xy,1,0.6000000000000004,0.13003994411114816,1.5,0.878307704397545,0.19640666077278243,0.25,0.2783077043975446,0.06636671666163427,0.2861113758791788
3.9763662815093994,0.41000000000000003,clutter_moving,drone,tracking,1,1,512.8321007943028,273.0300602574637,488.9269841269841,279.5881370091896,489.45677737724424,276.6436670983096,89.45677737724424,-23.356332901690394,1.5,0.4659189969335492,0.0,0.0,world_xy,1,0.6150000000000004,0.13468437377814715,1.5,0.8772141888389382,0.20123435814900936,0.25,0.26221418883893777,0.06654998437086221,0.27052759794191816
4.057494163513184,0.42,clutter_moving,drone,tracking,1,1,513.0590064306409,272.50681930605606,491.0,279.5,483.915329549701,276.59417040358744,83.91532954970103,-23.40582959641256,1.5,0.4671276741806353,0.0,0.0,world_xy,1,0.6300000000000004,0.13934356374748263,1.5,0.876094137618011,0.2060559682012474,0.25,0.24609413761801058,0.06671240445376478,0.25497621355325484
4.157546758651733,0.43,clutter_moving,drone,tracking,1,1,512.0250972074938,271.79038529515725,493.5,278.5,478.40380442391154,276.5597088058239,78.40380442391154,-23.440291194176098,1.5,0.46805065651722294,0.0,0.0,world_xy,1,0.6450000000000005,0.14401484048928898,1.5,0.8749475846162277,0.21087134507616023,0.25,0.22994758461622722,0.06685650458687126,0.2394695886253854
4.257535696029663,0.44,clutter_moving,drone,tracking,1,1,510.6087113030957,270.89359251259896,495.0079004874769,277.5076483442595,472.8386878277219,276.51087832393233,72.83868782772191,-23.48912167606767,1.5,0.4690031338694947,0.0,0.0,world_xy,1,0.6600000000000005,0.1486953470544612,1.5,0.873774564516729,0.2156803431089645,0.25,0.2137745645167285,0.06698499605450331,0.22402355708884444
4.385840177536011,0.45,clutter_moving,drone,tracking,1,1,509.36111710933557,270.4384222270208,497.99209951252305,277.49235165574044,467.2722380777289,276.4572747593951,67.2722380777289,-23.54272524060491,1.4363662998497586,0.47002138788792663,0.0,0.0,world_xy,1,0.6750000000000005,0.15338537839315614,1.5,0.8725751128032834,0.2204828168278365,0.25,0.19757511280328288,0.06709743843468036,0.20865759378399262
4.474241256713867,0.46,clutter_moving,drone,tracking,1,1,505.0960854092527,272.15449584816133,500.0,276.5,461.9225032993471,276.4656634315546,61.92250329934711,-23.534336568445383,1.3275123712252097,0.47038732680246625,0.0,0.0,world_xy,1,0.689363662998498,0.1580855922720354,1.5,0.8713492657592138,0.2252786209583124,0.25,0.18198560276071574,0.067193028686277,0.1939939759791934
4.590536594390869,0.47000000000000003,clutter_moving,drone,tracking,1,1,504.97139338827316,271.60305958132045,502.0,275.5,456.95308940525007,276.4336732905758,56.95308940525007,-23.566326709424175,1.223864550509095,0.47090389086477574,0.0,0.0,world_xy,1,0.7026387867107502,0.16278946554006005,1.5,0.8700970604663,0.23006761042768292,0.25,0.16745827375554978,0.06727814488762288,0.18046778723281512
4.99069619178772,0.48,clutter_moving,drone,tracking,1,1,504.7281498297389,271.03263337116914,503.0079004874769,275.49235165574044,452.3088038752225,276.3836878811754,52.30880387522251,-23.616312118824624,1.1261358903565404,0.47168618419621994,0.0,0.0,world_xy,1,0.7148774322158411,0.1674985044487078,1.5,0.8688185348036562,0.23484964036938186,0.25,0.15394110258781513,0.06735113592067404,0.16802987405743458
5.102138996124268,0.49,clutter_moving,drone,tracking,1,1,504.6325210163408,270.48356474922076,505.0,274.5,447.9973544973545,276.40852868005186,47.99735449735448,-23.59147131994814,1.0347320501313424,0.4717649674077285,0.0,0.0,world_xy,1,0.7261387911194065,0.17221536629067002,1.5,0.8675137274465867,0.23962456612736807,0.25,0.14137493632718023,0.06740919983669805,0.15662334705955608
5.213278770446777,0.5,clutter_moving,drone,tracking,1,1,504.4208735110607,269.92257515598413,506.50790546047267,273.50741646291766,443.98876896660477,276.3870063426429,43.988768966604766,-23.612993657357094,0.9495058811917565,0.47203716556440584,0.0,0.0,world_xy,1,0.7364861116207199,0.1769330159647473,1.5,0.8661826778654141,0.2443922432605016,0.25,0.12969656624469428,0.06745922729575429,0.14619147253860126
5.3314056396484375,0.51,clutter_moving,drone,tracking,1,1,504.20407391653663,269.3215180301526,508.0,273.0,440.2748469408599,276.3344480824564,40.2748469408599,-23.66555191754361,0.8703009628857492,0.47273779559696233,0.0,0.0,world_xy,1,0.7459811704326375,0.18165338762039138,1.5,0.8648254263242872,0.2491525275469126,0.25,0.11884425589164971,0.06749913992652123,0.1366751295929878
5.4364118576049805,0.52,clutter_moving,drone,tracking,1,1,504.014385415183,268.6419313488107,509.0,272.5,436.7908852661868,276.33631009706585,36.79088526618682,-23.663689902934152,0.7963351712266422,0.4730325969509087,0.0,0.0,world_xy,1,0.754684180061495,0.186380765576361,1.5,0.8634420138799611,0.25390527498836457,0.25,0.10875783381846615,0.06752450941200358,0.1280149436129113
5.543848514556885,0.53,clutter_moving,drone,tracking,1,1,503.9047211524747,268.106451766272,510.5,271.5,433.6080618146377,276.32687874596587,33.60806181463772,-23.67312125403413,0.7280395070130038,0.4732690024222843,0.0,0.0,world_xy,1,0.7626475317737614,0.19111109154587008,1.5,0.8620324823805572,0.2586503418146096,0.25,0.09938495060679575,0.06753925026873953,0.12016205197140511
5.664744138717651,0.54,clutter_moving,drone,tracking,1,1,499.63420939250324,265.68591124515297,512.0,270.51530440632354,430.61416656452633,276.3197691046091,30.61416656452633,-23.680230895390878,0.6643736103656415,0.4734535909393276,0.0,0.0,world_xy,1,0.7699279268438914,0.1958437815700929,1.5,0.8605968744642957,0.26338758448773825,0.25,0.09066894762040423,0.06754380291764533,0.11306203330547933
5.755221366882324,0.55,clutter_moving,drone,tracking,1,1,498.80895008605853,265.3254446356856,512.0,270.5,427.7981554446487,276.32943408341356,27.798155444648728,-23.67056591658644,0.6047478345556746,0.4734303410051483,0.0,0.0,world_xy,1,0.7765716629475479,0.20057831747948618,1.5,0.8591352335582064,0.2681168597065207,0.25,0.08256357061065855,0.06753854222703454,0.10666863586891007
5.853678226470947,0.56,clutter_moving,drone,tracking,1,1,498.0009952370797,264.84396104357717,513.0079004874768,269.5076483442595,425.24632453790434,276.3318392193254,25.246324537904343,-23.66816078067461,0.5498460954670013,0.47339342203973744,0.0,0.0,world_xy,1,0.7826191412931046,0.20531262088953767,1.5,0.8576476038768156,0.27283802441074245,0.25,0.07502846258371099,0.06752540352120479,0.10094033048478122
5.933192491531372,0.5700000000000001,clutter_moving,drone,tracking,1,1,497.6221985058698,264.29484169334756,514.0079004874768,268.5076483442595,422.80369287169515,276.3465671938028,22.803692871695148,-23.653432806197202,0.4982713645487972,0.47321480078605105,0.0,0.0,world_xy,1,0.7881176022477746,0.21004655510993503,1.5,0.8561340304208075,0.27755093578553097,0.25,0.06801642817303288,0.06750438067559594,0.09582836694743949
6.016049861907959,0.58,clutter_moving,drone,tracking,1,1,495.4277167003215,263.8741305811084,515.0,268.5,420.6089387757484,276.34159268274175,20.608938775748413,-23.658407317258252,0.45092044058019126,0.4731891408435638,0.0,0.0,world_xy,1,0.7931003158932626,0.21477870311779554,1.5,0.8545945589756637,0.28225545126567664,0.25,0.061494243082401145,0.0674767481478811,0.0912943233333268
6.113635063171387,0.59,clutter_moving,drone,tracking,1,1,495.5686785352438,263.3353596757852,515.5079054604727,267.50741646291766,418.50957163855253,276.388150066494,18.50957163855253,-23.611849933505994,0.40651948628516393,0.47266546264816967,0.0,0.0,world_xy,1,0.7976095202990645,0.21951059452623117,1.5,0.8530292361102783,0.286951428539945,0.25,0.05541971581121374,0.06744083401371381,0.08729038316481944
6.200900316238403,0.6,clutter_moving,drone,tracking,1,1,495.0803874792163,262.712282223668,516.0079004874768,266.5076483442595,416.55561778088907,276.3973573678684,16.555617780889065,-23.60264263213162,0.36504556441810354,0.4723285271451242,0.0,0.0,world_xy,1,0.8016747151619161,0.22423724915271287,1.5,0.8514381091755483,0.29163872555538156,0.25,0.04976339401363217,0.06740147640266869,0.08378158750594016
6.300558567047119,0.61,clutter_moving,drone,tracking,1,1,494.9328583765112,262.5303684513529,517.0079004874768,266.49235165574044,414.76117695804663,276.3718260707178,14.761176958046633,-23.628173929282184,0.3266434505266595,0.4724577504374099,0.0,0.0,world_xy,1,0.8053251708060971,0.2289605344241641,1.5,0.8498212263029423,0.296317200521609,0.25,0.04449605549684521,0.06735666609744487,0.08072681972269816
6.50676965713501,0.62,clutter_moving,drone,tracking,1,1,495.1762484263533,261.92859141138615,517.0,265.5,413.0854732294038,276.4329479768786,13.085473229403817,-23.56705202312139,0.29092975826043876,0.4718435599511697,0.0,0.0,world_xy,1,0.8085916053113638,0.23368511192853822,1.5,0.8481786364030438,0.3009867119151164,0.25,0.03958703109168005,0.06730159998657817,0.07808097329956269
6.605685472488403,0.63,clutter_moving,drone,tracking,1,1,494.6345679012345,261.3717107583774,518.0,264.5,411.5046722430266,276.4447555384454,11.504672243026619,-23.555244461554594,0.25746978589049024,0.47143729105512694,0.0,0.0,world_xy,1,0.8115009028939681,0.23840354752804993,1.5,0.8465103891640722,0.30564711848354004,0.25,0.03500948627010403,0.0672435709554901,0.07581135774897212
6.7684831619262695,0.64,clutter_moving,drone,tracking,1,1,494.4023743905024,261.00508797964807,518.0,264.5,410.02931693127255,276.4641292538464,10.029316931272547,-23.53587074615359,0.2261838898947186,0.4710413591824966,0.0,0.0,world_xy,1,0.814075600752873,0.2431179204386012,1.5,0.844816535050379,0.31029827924993686,0.25,0.030740934297506017,0.06718035881133566,0.07387967008252938
6.913768768310547,0.65,clutter_moving,drone,tracking,1,1,494.59032765579036,260.4139134003694,518.4920945395272,263.4925835370823,408.64497724886246,276.4792264613231,8.64497724886246,-23.520773538676906,0.1968775001901104,0.47069712055756946,0.0,0.0,world_xy,1,0.8163374396518202,0.24782833403042617,1.5,0.8430971253009222,0.31494005351704807,0.25,0.026759685649102027,0.0671117194866219,0.07225000808643403
7.001988410949707,0.66,clutter_moving,drone,tracking,1,1,494.13677685950415,259.952479338843,518.5735604217356,262.58507704785075,407.4266538326916,276.5075253762688,7.426653832691613,-23.492474623731198,0.17028806724515747,0.47023092511194947,0.0,0.0,world_xy,1,0.8183062146537212,0.2525353052360019,1.5,0.8413522119277156,0.3195723008715563,0.25,0.023045997273994367,0.06703699563555443,0.07088777591513433
7.162010431289673,0.67,clutter_moving,drone,tracking,1,1,493.90198902606306,259.5441015089163,519.0076534766324,262.00765347663247,406.19741191035115,276.52692617637786,6.19741191035115,-23.473073823622144,0.1448011612741835,0.46980772836022083,0.0,0.0,world_xy,1,0.8200090953261728,0.25723761448712135,1.5,0.8395818477142555,0.3241948811883321,0.25,0.019572752388082648,0.06695726670121077,0.06975935922972819
7.301797151565552,0.68,clutter_moving,drone,tracking,1,1,494.01780395342536,258.9208637963715,519.0,261.5,405.10190019036935,276.5459864755965,5.101900190369349,-23.45401352440348,0.12128142466744542,0.4694076265305377,0.0,0.0,world_xy,1,0.8214571069389147,0.26193569177072357,1.5,0.8377860862139245,0.3288076546346736,0.25,0.01632897927500976,0.06687196286395003,0.06883672698088725
7.412560701370239,0.6900000000000001,clutter_moving,drone,tracking,1,1,493.55609525737026,258.32078526614043,519.073089145342,260.5877236996153,404.0537585421412,276.5762922726476,4.0537585421412246,-23.423707727352394,0.09916798506390391,0.46889421693961825,0.0,0.0,world_xy,1,0.8226699211855891,0.26662976803602895,1.5,0.835964981748371,0.3334104816745356,0.25,0.013295060562781846,0.06678071363850663,0.06809127954030723
7.508279800415039,0.7000000000000001,clutter_moving,drone,tracking,1,1,493.45505844417573,258.08336692194007,519.507665560297,259.99257151888725,403.08471141942863,276.604407539766,3.084711419428629,-23.395592460234013,0.07855741889247168,0.4683539146854024,0.0,0.0,world_xy,1,0.8236616010362282,0.27131871020542514,1.5,0.8341185894058663,0.33800322307275116,0.25,0.010456988369638043,0.06668451286732602,0.06749942860584314
7.591284990310669,0.71,clutter_moving,drone,tracking,1,1,493.2472837022133,257.64889336016097,519.5578264395782,259.4149229521492,402.1991547437671,276.65516114156287,2.19915474376711,-23.34483885843713,0.05954154068305047,0.4675524890512395,0.0,0.0,world_xy,1,0.8244471752251529,0.2760022493522792,1.5,0.8322469650396378,0.34258573989924324,0.25,0.007799789814484925,0.06658349054696405,0.0670387793338139
7.679969787597656,0.72,clutter_moving,drone,tracking,1,1,493.0687058509929,256.8593895775023,520.0691382765531,258.5960253841015,401.3106380247086,276.6901498042099,1.3106380247086236,-23.30985019579009,0.041210711579167565,0.46680697222674883,0.0,0.0,world_xy,1,0.8250425906319834,0.28067777424279156,1.5,0.83035016526618,0.34715789353322735,0.25,0.005307574634196621,0.06648011929043579,0.0666916532211351
7.77348780632019,0.73,clutter_moving,drone,tracking,1,1,492.7819458375125,256.54015379471747,520.0076534766324,258.00765347663247,400.55396233462307,276.7267305122234,0.5539623346230655,-23.273269487776588,0.024638405891479125,0.46606910186757944,0.0,0.0,world_xy,1,0.825454697747775,0.285345843965059,1.5,0.8284282474635413,0.35171954566740465,0.25,0.002973549715766244,0.06637370170234563,0.06644027600472542
7.875085115432739,0.74,clutter_moving,drone,tracking,1,1,492.5858787515805,256.079323883676,520.0751503006012,257.40397461589845,399.74999854090424,276.76540659161077,-0.2500014590957562,-23.23459340838923,0.008337266601112286,0.4653116233326923,0.0,0.0,world_xy,1,0.8257010818066898,0.2900065349837348,1.5,0.8264812697695889,0.3562705583121459,0.25,0.0007801879628991371,0.06626402332841108,0.06626861610842391
7.966877698898315,0.75,clutter_moving,drone,tracking,1,1,492.70102554053165,255.5980795610425,520.0,256.5,399.0912535098626,276.7965301249832,-0.9087464901373892,-23.203469875016822,-0.006244441421010754,0.46462839912489656,0.0,0.0,world_xy,1,0.8257844544727009,0.2946596512170617,1.5,0.8245092910802493,0.3608107937996657,0.25,-0.0012751633924515948,0.06615114258260396,0.0661634317932606
8.106918573379517,0.76,clutter_moving,drone,tracking,1,1,492.2046321884458,255.03118831425186,520.0153144346692,256.0,398.42180875293457,276.86778326734174,-1.5781912470654333,-23.132216732658264,-0.020170102357174608,0.46353716366544434,0.0,0.0,world_xy,1,0.8257220100584908,0.29930593520831067,1.5,0.8225123710477276,0.3653401147881867,0.25,-0.00320963901076321,0.066034179579876,0.06611213697473957
8.319397926330566,0.77,clutter_moving,drone,tracking,1,1,492.08050958760174,254.545902285264,520.0840840840841,255.38805472138804,397.75281790853103,276.86216034789715,-2.2471820914689715,-23.137839652102855,-0.03379554906688726,0.46310795982258135,0.0,0.0,world_xy,1,0.825520309034919,0.3039413068449651,1.5,0.8204905700787024,0.36985838426609446,0.25,-0.005029738956216612,0.06591707742112934,0.06610869360160464
8.437649011611938,0.78,clutter_moving,drone,tracking,1,1,491.983712932321,253.95496723119845,520.0,254.5,397.2042022056033,276.9068310652632,-2.7957977943967194,-23.09316893473681,-0.04596177281846318,0.46242344020226656,0.0,0.0,world_xy,1,0.8251823535442502,0.30857238644319096,1.5,0.818443949332499,0.37436546555608174,0.25,-0.006738404211751203,0.06579307911289078,0.06613724631760876
8.58671236038208,0.79,clutter_moving,drone,tracking,1,1,491.50372695174576,253.49300379233685,519.5153238546603,254.0,396.6147673114662,276.98594757499296,-3.3852326885337902,-23.014052425007037,-0.05792035734218013,0.46124512476609736,0.0,0.0,world_xy,1,0.8247227358160656,0.3131966208452136,1.5,0.8163725707192389,0.3788612223192832,0.25,-0.008350165096826734,0.0656646014740696,0.06619339199567165
8.695859670639038,0.8,clutter_moving,drone,tracking,1,1,491.3893234258897,253.00527962456002,519.5853145722141,253.3685912987223,396.1073120915032,277.01806722689076,-3.8926879084967823,-22.981932773109236,-0.06888372779744566,0.4603615666489454,0.0,0.0,world_xy,1,0.8241435322426438,0.31780907209287457,1.5,0.814276496897967,0.3833455185593997,0.25,-0.009867035344676811,0.06553644646652512,0.06627506470726992
9.333961248397827,0.81,clutter_moving,drone,tracking,1,1,491.39659273545476,252.49945355191255,519.5079054604727,252.50741646291766,395.5951613468344,277.063446737442,-4.404838653165598,-22.936553262557993,-0.07945090269367212,0.45946479088016334,0.0,0.0,world_xy,1,0.8234546949646694,0.32241268775936405,1.5,0.8121557912747569,0.3878182186268118,0.25,-0.011298903689912487,0.06540553086744777,0.06637430747395096
9.584277391433716,0.8200000000000001,clutter_moving,drone,tracking,1,1,490.8729603729604,251.9949494949495,519.0076534766324,252.00765347663244,395.18496792683,277.1321566361402,-4.815032073170016,-22.867843363859777,-0.08871825901702263,0.45830543289853104,0.0,0.0,world_xy,1,0.8226601859377327,0.3270073356681657,1.5,0.8100105180007917,0.39227918722268357,0.25,-0.012649667936941,0.06527185155451787,0.06648630463689413
9.705396890640259,0.8300000000000001,clutter_moving,drone,tracking,1,1,490.5898575939171,251.61614794767704,519.0997834416125,251.36415125770446,394.71592335125223,277.17628278088097,-5.284076648747771,-22.823717219119033,-0.09804805969388568,0.4572983342146483,0.0,0.0,world_xy,1,0.8217730033475625,0.331590389997151,1.5,0.8078407419704243,0.39672828940305516,0.25,-0.013932261377138211,0.06513789940590414,0.06661121411665294
9.87333059310913,0.84,clutter_moving,drone,tracking,1,1,490.35151870681784,250.89186546734453,519.092,250.6278333333333,394.30353005713215,277.21317483382643,-5.69646994286785,-22.78682516617357,-0.10678279623379493,0.45643932722450103,0.0,0.0,world_xy,1,0.8207925227506236,0.3361633733392975,1.5,0.8056465288192145,0.40116539058292483,0.25,-0.01514599393140914,0.06500201724362731,0.06674326466326849
9.987218856811523,0.85,clutter_moving,drone,tracking,1,1,490.10711275367953,250.50405238928872,519.0076534766324,250.00765347663244,393.88661587412787,277.26601862393085,-6.11338412587213,-22.733981376069153,-0.11529948368980115,0.45547149238778617,0.0,0.0,world_xy,1,0.8197246947882857,0.3407277666115425,1.5,0.8034279449219426,0.40559035654032033,0.25,-0.016296749866343108,0.0648625899287778,0.06687854385731602
10.09542179107666,0.86,clutter_moving,drone,tracking,1,1,489.76766304347825,250.20296325051757,518.6002906976744,249.36062661498707,393.57238573821485,277.3058906612038,-6.427614261785152,-22.69410933879618,-0.12258852454004719,0.45459737430126174,0.0,0.0,world_xy,1,0.8185716999513877,0.3452824815354204,1.5,0.8011850573906021,0.4100030534203588,0.25,-0.017386642560785592,0.0647205718849384,0.06701528008335114
10.40453839302063,0.87,clutter_moving,drone,tracking,1,1,489.5561345943511,249.44804735250594,518.586045005666,248.61599481949165,393.1952366779301,277.34790576069,-6.804763322069903,-22.652094239309974,-0.13001723258579018,0.45374185506797754,0.0,0.0,world_xy,1,0.8173458147059872,0.34982845527843304,1.5,0.7989179340723702,0.41440334773929616,0.25,-0.018427880633617,0.06457489246086312,0.0671528370285193
10.764023303985596,0.88,clutter_moving,drone,tracking,1,1,489.40236951649047,248.96567403138008,518.0153144346692,248.0,392.8517629608867,277.4172768998984,-7.148237039113326,-22.58272310010159,-0.1371383620938522,0.4525937888817073,0.0,0.0,world_xy,1,0.8160456423801293,0.35436587382911283,1.5,0.7966266435475541,0.4187911063885648,0.25,-0.01941899883257525,0.06442523255945198,0.06728824641792228
11.15890097618103,0.89,clutter_moving,drone,tracking,1,1,489.12504802151363,248.64182353694454,518.1066733233483,247.34831086703275,392.51791776027994,277.4571653543307,-7.482082239720057,-22.542834645669302,-0.1440151675791541,0.4516383860991306,0.0,0.0,world_xy,1,0.8146742587591909,0.3588918117179299,1.5,0.7943112551275175,0.4231661966388002,0.25,-0.020363003631673315,0.06427438492087029,0.06742290763427322
11.606395959854126,0.9,clutter_moving,drone,tracking,1,1,488.7435351776616,248.01792738763137,518.092,246.6278333333333,392.1942974926718,277.5153803034019,-7.805702507328192,-22.484619696598088,-0.15066955299122947,0.45056809040718776,0.0,0.0,world_xy,1,0.8132341070833993,0.3634081955789212,1.5,0.7919718388525838,0.42752848614385575,0.25,-0.02126226823081545,0.06412029056493457,0.06755365062267753
11.874641418457031,0.91,clutter_moving,drone,tracking,1,1,488.4366595895258,247.60322974972655,518.0076534766324,246.00765347663244,391.9068131123801,277.55766737904213,-8.09318688761988,-22.44233262095787,-0.15682635460987193,0.4496212995137711,0.0,0.0,world_xy,1,0.8117274115534869,0.36791387648299306,1.5,0.7896084654899167,0.4318778429448068,0.25,-0.022118946063570233,0.06396396646181374,0.06768040174593501
11.974560022354126,0.92,clutter_moving,drone,tracking,1,1,488.3416490756732,247.17674150834773,517.5987086359968,245.3378531073446,391.64590447172264,277.63152795045556,-8.354095528277355,-22.368472049544437,-0.1624669103854933,0.4483827773261858,0.0,0.0,world_xy,1,0.8101591480073882,0.37241008947813076,1.5,0.7872212065313801,0.4362141354739416,0.25,-0.02293794147600814,0.06380404599581085,0.06780195752773162
12.061407566070557,0.93,clutter_moving,drone,tracking,1,1,488.0022970903522,246.46356559469115,517.0998832749708,244.6354844088711,391.34372027612926,277.6752738243206,-8.656279723870739,-22.324726175679416,-0.1683291866360501,0.4473442377292572,0.0,0.0,world_xy,1,0.8085344789035332,0.3768939172513926,1.5,0.7848101341913756,0.44053723255874194,0.25,-0.023724344712157674,0.06364331530734935,0.06792139659438674
12.152686595916748,0.9400000000000001,clutter_moving,drone,tracking,1,1,487.5499935823386,246.12694134257475,517.0076534766324,244.00765347663244,391.129985349653,277.7171490774951,-8.870014650347002,-22.282850922504906,-0.17331829514003957,0.44641626712571963,0.0,0.0,world_xy,1,0.8068511870371727,0.3813673596286852,1.5,0.7823753214046576,0.4448470034258506,0.25,-0.024475865632515137,0.06347964379716542,0.06803479385634925
12.233517408370972,0.9500000000000001,clutter_moving,drone,tracking,1,1,487.40830605302006,245.83843635663393,517.1047904191616,243.3404856952761,390.83286929214745,277.78077410241593,-9.16713070785255,-22.219225897584067,-0.1788316705993959,0.44529880507999864,0.0,0.0,world_xy,1,0.8051180040857724,0.3858315222999424,1.5,0.7799168418241273,0.4491433177050274,0.25,-0.025201162261645038,0.06331179540508503,0.06814309955346255
12.329582452774048,0.96,clutter_moving,drone,tracking,1,1,487.1536448359504,245.06102387335628,516.6010027494743,242.63140870127768,390.6249875972521,277.8131650061576,-9.375012402747927,-22.18683499384241,-0.18359938819995533,0.4444396472182659,0.0,0.0,world_xy,1,0.8033296873797784,0.39028451035074235,1.5,0.7774347698186045,0.45342604543309317,0.25,-0.025894917561173902,0.06314153508235082,0.06824514787188707
12.452364206314087,0.97,clutter_moving,drone,tracking,1,1,486.8592904006624,244.70418497993504,516.0076534766324,242.00765347663244,390.4072484585202,277.90462677503734,-9.5927515414798,-22.095373224962657,-0.1881399916462577,0.44304694672280887,0.0,0.0,world_xy,1,0.8014936934977789,0.394728906822925,1.5,0.7749291804705781,0.4576950570578606,0.25,-0.026564513027200753,0.06296615023493563,0.06834039382225422
12.642765522003174,0.98,clutter_moving,drone,tracking,1,1,486.4912887522418,244.347809377402,516.1174223550905,241.3167247965454,390.15654391000953,277.9691941468879,-9.843456089990468,-22.0308058531121,-0.1929410132307111,0.4417099904094971,0.0,0.0,world_xy,1,0.7996122935813164,0.3991593762901531,1.5,0.7724001495739347,0.4619502234420537,0.25,-0.0272121440073817,0.06279084715190064,0.06843384592094638
12.774004697799683,0.99,clutter_moving,drone,tracking,1,1,486.09649964804504,243.6815127663659,515.6010027494743,240.63140870127768,389.95489722309765,278.0192772350037,-10.045102776902354,-21.9807227649963,-0.1973195864997459,0.44055744609923303,0.0,0.0,world_xy,1,0.7976828834490093,0.403576476194248,1.5,0.7698477536316661,0.46619141586721374,0.25,-0.02783512981734315,0.06261493967296572,0.06852317215510006
12.884233236312866,1.0,clutter_moving,drone,tracking,1,1,485.8659143075746,243.32427952053047,515.5,240.0,389.72957626475716,278.11781252006045,-10.270423735242844,-21.882187479939546,-0.20176847501255693,0.43895491302398987,0.0,0.0,world_xy,1,0.7957096875840118,0.40798205065524035,1.5,0.7672720698535551,0.47041850603759333,0.25,-0.02843761773045672,0.062436455382352984,0.06860764580494029
13.010008335113525,1.01,clutter_moving,drone,tracking,1,1,485.5735851480696,242.66852958180766,515.092,239.6278333333333,389.5392740777073,278.1297632811314,-10.460725922292681,-21.870236718868625,-0.2058637989008701,0.4381023147683504,0.0,0.0,world_xy,1,0.7936920028338863,0.41237159978548027,1.5,0.7646731761538395,0.4746313660840371,0.25,-0.02901882668004685,0.06225976629855684,0.06869039817498158
13.238329648971558,1.02,clutter_moving,drone,tracking,1,1,485.29256778309406,242.29486443381177,515.0076534766324,238.99234652336753,389.3500942509819,278.22802901646327,-10.649905749018103,-21.771970983536733,-0.20978767274459068,0.43663772246466176,0.0,0.0,world_xy,1,0.7916333648448776,0.4167526229331638,1.5,0.7620511511488554,0.47882986856784976,0.25,-0.029582213696022208,0.062077245634685974,0.06876548402175515
13.375057220458984,1.03,clutter_moving,drone,tracking,1,1,484.9828244274809,241.9307251908397,514.5147058823529,238.01470588235293,389.17772485568025,278.28105719672425,-10.822275144319747,-21.718942803275752,-0.213449479322583,0.4353953459451311,0.0,0.0,world_xy,1,0.7895354881174317,0.4211190001578104,1.5,0.7594060741546594,0.48301388648465166,0.25,-0.030129413962772245,0.06189488632684126,0.0688386413226808
13.50035572052002,1.04,clutter_moving,drone,tracking,1,1,484.6738882554162,241.27296338527808,514.0840840840841,237.61194527861193,388.9882087041839,278.3680881631509,-11.011791295816124,-21.6319118368491,-0.2171819699491397,0.43387893588064913,0.0,0.0,world_xy,1,0.7874009933242059,0.42547295361726173,1.5,0.756738025184629,0.4871832932682195,0.25,-0.030662968139576918,0.06171033965095779,0.06890851641825764
13.606523275375366,1.05,clutter_moving,drone,tracking,1,1,484.2329100936257,240.9451712196999,514.0076534766324,237.00765347663244,388.78783316117205,278.3747103897847,-11.212166838827955,-21.625289610215304,-0.22106572170422037,0.4331237068586604,0.0,0.0,world_xy,1,0.7852291736247144,0.4298117429760682,1.5,0.7540470849470415,0.4913379627943164,0.25,-0.031182088677672914,0.061526219818248185,0.06897679594925857
13.725287199020386,1.06,clutter_moving,drone,tracking,1,1,484.04522581056113,240.5064653799605,513.6160541586073,236.31447453255964,388.61291564578227,278.4746762338117,-11.387084354217734,-21.525323766188308,-0.22473750266329426,0.43168422951446855,0.0,0.0,world_xy,1,0.7830185164076723,0.43414298004465485,1.5,0.7513333348426348,0.49547776938450566,0.25,-0.031685181565037523,0.061334789339850815,0.0690355496405531
13.834480285644531,1.07,clutter_moving,drone,tracking,1,1,483.7344503681137,239.90029195227214,513.0997664330997,235.62762762762762,388.46781926994015,278.5242011689357,-11.53218073005985,-21.47579883106431,-0.22798586422914077,0.4304916904232183,0.0,0.0,world_xy,1,0.7807711413810393,0.4384598223397995,1.5,0.7485968569621418,0.4996025878099538,0.25,-0.03217428441889747,0.06114276547015429,0.06909140574055793
13.918031454086304,1.08,clutter_moving,drone,tracking,1,1,483.30997958141904,239.55781010719755,513.0076534766324,235.00765347663244,388.29513688277274,278.614242111222,-11.704863117227262,-21.385757888778016,-0.23134713319261324,0.42896459746700644,0.0,0.0,world_xy,1,0.7784912827387479,0.4427647392440317,1.5,0.7458377340838102,0.5037122932952179,0.25,-0.03265354865493775,0.06094755405118624,0.06914375304091219
14.016472101211548,1.09,clutter_moving,drone,tracking,1,1,482.80648059031114,239.1165222970805,512.6926032660903,234.42315081652256,388.1549551442563,278.65862940458885,-11.845044855743708,-21.34137059541115,-0.23440170334985674,0.42778914540967555,0.0,0.0,world_xy,1,0.7761778114068217,0.4470543852187018,1.5,0.7430560496708964,0.5078067615220206,0.25,-0.03312176173592529,0.06075237630331887,0.0691946697874299
14.115740299224854,1.1,clutter_moving,drone,tracking,1,1,482.74279210925647,238.58099393019728,512.0076534766324,234.00765347663244,387.9837053649648,278.6843921925921,-12.016294635035194,-21.3156078074079,-0.23766000749282268,0.4269768013158409,0.0,0.0,world_xy,1,0.7738337943733232,0.4513322766727985,1.5,0.740251887869142,0.5118858686330101,0.25,-0.03358190650418125,0.060553591960211595,0.06924219771020684
14.249137878417969,1.11,clutter_moving,drone,tracking,1,1,482.32854038854805,238.27524284253576,512.0076534766324,233.00765347663244,387.80912025120665,278.785499582684,-12.19087974879335,-21.214500417316003,-0.24104668060849704,0.42549906518260444,0.0,0.0,world_xy,1,0.771457194298395,0.45560204468595694,1.5,0.7374253335042275,0.5159494912355074,0.25,-0.034031860794167534,0.06034744654955043,0.0692819013463433
14.49069595336914,1.12,clutter_moving,drone,tracking,1,1,481.9378066653922,237.6472312496017,511.6010027494743,232.63140870127768,387.676226327001,278.8548308967288,-12.323773672998982,-21.1451691032712,-0.24403251667681247,0.42407143946815523,0.0,0.0,world_xy,1,0.7690467274923101,0.459857035337783,1.5,0.734576472079207,0.5199975064052385,0.25,-0.03447025541310311,0.06014047106745546,0.06931864661445729
14.613718748092651,1.1300000000000001,clutter_moving,drone,tracking,1,1,481.7799112801013,237.23593155893536,511.00765347663247,232.00765347663244,387.52088516662576,278.9506605459579,-12.47911483337424,-21.049339454042126,-0.24708489567168226,0.42237488175513327,0.0,0.0,world_xy,1,0.7666064023255419,0.46409774973246454,1.5,0.7317053897719212,0.5240297916900535,0.25,-0.03490101255362066,0.059932041957588944,0.06935366126221591
14.738587856292725,1.1400000000000001,clutter_moving,drone,tracking,1,1,481.3700521827669,236.94514445717192,511.11354581673305,231.30893094289507,387.4116059852122,279.00940883764935,-12.58839401478781,-20.990591162350654,-0.24966053721492296,0.42096519957566714,0.0,0.0,world_xy,1,0.7641355533688251,0.46832149855001587,1.5,0.7288121734323912,0.5280462251136296,0.25,-0.03532337993643386,0.05972472656361377,0.069388645564185
14.872986793518066,1.1500000000000001,clutter_moving,drone,tracking,1,1,480.94440208412755,236.2988943957301,510.5,231.0,387.2511311556762,279.10368099950375,-12.748868844323795,-20.89631900049625,-0.25258479903427705,0.41929384881450904,0.0,0.0,world_xy,1,0.7616389479966759,0.47253115054577255,1.5,0.7258969105801906,0.5320466851791624,0.25,-0.035742037416485295,0.05951553463338988,0.06942328212768152
15.004066467285156,1.16,clutter_moving,drone,tracking,1,1,480.7438324184491,235.96769512272067,510.00765347663247,230.00765347663244,387.13940306697253,279.18166004121207,-12.860596933027466,-20.81833995878793,-0.25512972582872684,0.41768397151319636,0.0,0.0,world_xy,1,0.7591131000063331,0.47672408903391766,1.5,0.7229596894017983,0.5360310508730397,0.25,-0.03615341060453481,0.05930696183912204,0.06945779165023293
15.114385604858398,1.17,clutter_moving,drone,tracking,1,1,480.0623076923077,235.5178205128205,509.71015187849713,229.4151878497202,386.9294365547714,279.2435136381412,-13.070563445228572,-20.756486361858776,-0.25858457452044137,0.41627913716138487,0.0,0.0,world_xy,1,0.7565618027480459,0.4809009287490496,1.5,0.720000598747931,0.5399992016685032,0.25,-0.036561204000114866,0.05909827291945363,0.06949336299244872
15.224451303482056,1.18,clutter_moving,drone,tracking,1,1,479.9733459955682,235.0551440329218,509.00765347663247,229.00765347663244,386.80243476839934,279.2944540738017,-13.197565231600663,-20.705545926198283,-0.2615362760818059,0.41508661691080434,0.0,0.0,world_xy,1,0.7539759570028415,0.48506372012066346,1.5,0.7170197281308552,0.5439510175292941,0.25,-0.03695622887198624,0.058887297408630634,0.06952320942340871
15.375207662582397,1.19,clutter_moving,drone,tracking,1,1,479.5570049235884,234.7405204936377,509.121287539406,228.3009789281566,386.6865804049282,279.35820799701173,-13.31341959507182,-20.641792002988268,-0.2641389397826027,0.4138486896427329,0.0,0.0,world_xy,1,0.7513605942420234,0.4892145862897715,1.5,0.71401716772168,0.5478863789132837,0.25,-0.03734342652034339,0.05867179262351224,0.06954790258474162
15.540101289749146,1.2,clutter_moving,drone,tracking,1,1,479.1937777777777,234.14990476190476,508.9923465233675,227.99234652336753,386.5467541557305,279.4569203849519,-13.453245844269475,-20.5430796150481,-0.2668482271891354,0.4122057861047589,0.0,0.0,world_xy,1,0.7487192048441974,0.4933530731861988,1.5,0.7109930083476286,0.5518051667760905,0.25,-0.03772619649656883,0.058452093589891674,0.06956948430985513
15.794560194015503,1.21,clutter_moving,drone,tracking,1,1,478.99114148316875,233.68672487977724,508.00765347663247,227.00765347663244,386.44170136823317,279.52533505966335,-13.558298631766831,-20.474664940336652,-0.2692229871845461,0.4107139180908447,0.0,0.0,world_xy,1,0.7460507225723061,0.4974751310472464,1.5,0.7079473414892916,0.5557072625746801,0.25,-0.038103381083014476,0.05823213152743367,0.06959057976612754
16.34537172317505,1.22,clutter_moving,drone,tracking,1,1,478.2717978395062,233.39962705761315,507.71015187849713,226.4151878497202,386.29783645287995,279.6192752379785,-13.702163547120051,-20.380724762021487,-0.2718741432513663,0.40900923552311647,0.0,0.0,world_xy,1,0.7433584927004606,0.5015822702281548,1.5,0.7048802592778591,0.5595925482709524,0.25,-0.03847823342260148,0.05801027804279757,0.06961154218897099
16.860330820083618,1.23,clutter_moving,drone,tracking,1,1,478.13604665905916,232.79428172942815,507.00765347663247,226.00765347663244,386.2003665633518,279.67357183299185,-13.799633436648207,-20.326428167008146,-0.2741393322662451,0.40764486582249204,0.0,0.0,world_xy,1,0.7406397512679469,0.505672362583386,1.5,0.7017918544923343,0.5634609063353113,0.25,-0.03884789677561262,0.057788543751925325,0.06963242687754637
17.251582860946655,1.24,clutter_moving,drone,tracking,1,1,477.728943338438,232.53681725370086,507.1241505055528,225.28526437924745,386.0783585792254,279.7352537722908,-13.92164142077462,-20.264746227709225,-0.2765007551483311,0.40635239812492285,0.0,0.0,world_xy,1,0.7378983579452845,0.5097488112416109,1.5,0.6986822205567261,0.5673122197502204,0.25,-0.039216137388558336,0.057563408508609526,0.06965236127230248
17.518559455871582,1.25,clutter_moving,drone,tracking,1,1,477.37178998220185,231.98582506992116,506.5076655602971,224.9925715188873,385.8935173025628,279.8094179171555,-14.106482697437173,-20.190582082844514,-0.2795966494885579,0.40495498206750496,0.0,0.0,world_xy,1,0.7351333503938011,0.5138123352228601,1.5,0.6955514515372244,0.5711463720137424,0.25,-0.0395818988565767,0.05733403679088234,0.06967006883756122
17.631632804870605,1.26,clutter_moving,drone,tracking,1,1,477.0883747392376,231.70984259434857,506.00765347663247,224.00765347663244,385.780505887229,279.8957344588244,-14.219494112770974,-20.104265541175607,-0.2822329275103318,0.4033766628833089,0.0,0.0,world_xy,1,0.7323373838989156,0.5178618850435351,1.5,0.692399642139353,0.5749632471430639,0.25,-0.03993774175956255,0.05710136209952876,0.06968205486690965
17.793960571289062,1.27,clutter_moving,drone,tracking,1,1,476.60843833524245,231.0942471681303,506.0751503006012,223.59602538410152,385.6532975890104,279.9983354359406,-14.346702410989622,-20.00166456405941,-0.2848185439005351,0.40153780850214255,0.0,0.0,world_xy,1,0.7295150546238123,0.5218956516723682,1.5,0.6892268877051058,0.5787627296780032,0.25,-0.040288166918706514,0.05686707800563506,0.06969218718456568
17.93021535873413,1.28,clutter_moving,drone,tracking,1,1,476.2919203450025,230.7827879249112,505.00765347663247,223.00765347663244,385.55786615276804,280.073943003971,-14.442133847231958,-19.92605699602899,-0.2870318170747923,0.39987864078228297,0.0,0.0,world_xy,1,0.7266668691848069,0.5259110297573896,1.5,0.6860332842100627,0.5825447046845034,0.25,-0.04063358497474423,0.0566336749271138,0.06970266396379524
18.068533658981323,1.29,clutter_moving,drone,tracking,1,1,475.6070878274268,230.41782229070364,505.199341563786,222.36559670781892,385.45637701471617,280.14277622050923,-14.543622985283832,-19.857223779490766,-0.2891441705217787,0.39837484992642574,0.0,0.0,world_xy,1,0.723796551014059,0.5299098161652124,1.5,0.6828189282604858,0.586309057758109,0.25,-0.040977622753573195,0.056399241592896665,0.06971398725354966
18.323594570159912,1.3,clutter_moving,drone,tracking,1,1,475.4681419305609,229.8945695027343,504.5836979419867,221.6005509641873,385.3339110543116,280.2406703897574,-14.666088945688387,-19.759329610242617,-0.29144185513737264,0.39662130817956043,0.0,0.0,world_xy,1,0.7209051093088412,0.5338935646644767,1.5,0.6795839170903974,0.5900556750274263,0.25,-0.04132119221844377,0.0561621103629496,0.06972534379100406
18.548062324523926,1.31,clutter_moving,drone,tracking,1,1,475.21426767676763,229.57487373737374,504.00765347663247,221.00765347663244,385.2268193464418,280.3133845767747,-14.7731806535582,-19.686615423225305,-0.29365382200095785,0.39503235833628053,0.0,0.0,world_xy,1,0.7179906907574675,0.5378597777462722,1.5,0.676328348558639,0.593784443157569,0.25,-0.04166234219882847,0.0559246654112967,0.06973750037718422
18.70844030380249,1.32,clutter_moving,drone,tracking,1,1,474.6752169474221,229.04779224093923,503.5836979419867,220.6005509641873,385.0959654346937,280.4163951655281,-14.90403456530629,-19.583604834471885,-0.2960886001188002,0.393184214430517,0.0,0.0,world_xy,1,0.7150541525374579,0.541810101329635,1.5,0.67305232114591,0.5974952493535851,0.25,-0.042001831391547895,0.05568514802395008,0.06974947706394113
18.88175654411316,1.33,clutter_moving,drone,tracking,1,1,474.3919302898276,228.7480583443834,503.00765347663247,220.00765347663244,384.98479327259986,280.4928170988087,-15.015206727400141,-19.5071829011913,-0.29840714405486163,0.391511908406837,0.0,0.0,world_xy,1,0.7120932665362698,0.5457419434739402,1.5,0.66975593395179,0.6011879813638704,0.25,-0.0423373325844798,0.05544603788993019,0.06976182944892163
19.035640954971313,1.34,clutter_moving,drone,tracking,1,1,473.67590276441535,228.44904111346287,503.19169960474306,219.37351778656125,384.87346414389157,280.55446741415557,-15.126535856108433,-19.445532585844433,-0.3006751092418805,0.3900812172273654,0.0,0.0,world_xy,1,0.7091091950957212,0.5496570625580086,1.5,0.6664392866917406,0.6048625274835631,0.25,-0.04266990840398066,0.05520546492555445,0.06977366581204346
19.2312331199646,1.35,clutter_moving,drone,tracking,1,1,473.5683517040415,227.80413024198654,502.00765347663247,219.00765347663244,384.7346708917639,280.6559405218345,-15.265329108236074,-19.34405947816549,-0.303222419349443,0.3883212020121349,0.0,0.0,world_xy,1,0.7061024440033025,0.5535578747302823,1.5,0.6631024796940879,0.6085187765579234,0.25,-0.0429999643092146,0.05496090182764113,0.0697832190451353
19.383596420288086,1.36,clutter_moving,drone,tracking,1,1,472.88933925239655,227.55439747796433,502.19169960474306,218.37351778656125,384.6509142693724,280.7245927663871,-15.349085730627621,-19.275407233612896,-0.30529003174415326,0.38677402047520254,0.0,0.0,world_xy,1,0.703070219809808,0.5574410867504036,1.5,0.6597456138969895,0.6121566179856954,0.25,-0.043324605912818503,0.054715531235291825,0.06979119454387654
19.447098970413208,1.37,clutter_moving,drone,tracking,1,1,472.69000255036974,227.01970160673298,501.5,218.0,384.52545550105117,280.82928054192945,-15.47454449894883,-19.17071945807055,-0.3076005037733061,0.3849262232526172,0.0,0.0,world_xy,1,0.7000173194923665,0.5613088269551556,1.5,0.6563687908453797,0.6157759417224534,0.25,-0.04364852864698676,0.05446711476729782,0.06979871520394065
19.62999987602234,1.3800000000000001,clutter_moving,drone,tracking,1,1,472.4437290917124,226.768162595468,501.00765347663247,217.00765347663244,384.436764293722,280.9024722066517,-15.563235706278022,-19.09752779334832,-0.30961581946704597,0.38328960619050934,0.0,0.0,world_xy,1,0.6969413144546334,0.5651580891876817,1.5,0.6529721126878982,0.6193766382839304,0.25,-0.04396920176673513,0.05421854909624868,0.06980645937236891
19.710244178771973,1.3900000000000001,clutter_moving,drone,tracking,1,1,471.9253588516746,226.2357256778309,500.5076655602971,216.9925715188873,384.33697213947784,280.9925354827405,-15.663027860522163,-19.007464517259507,-0.3116204252259145,0.3815624324755838,0.0,0.0,world_xy,1,0.6938451562599629,0.5689909852495868,1.5,0.6495556821738004,0.62295859874933,0.25,-0.04428947408616246,0.05396761349974322,0.06981447429929213
19.871842861175537,1.4000000000000001,clutter_moving,drone,tracking,1,1,471.58835455870235,225.94709497560663,500.00765347663247,216.00765347663244,384.2127691867626,281.0974355381984,-15.787230813237386,-18.902564461801603,-0.31388873029727277,0.37963130369383036,0.0,0.0,world_xy,1,0.6907289520077038,0.5728066095743426,1.5,0.646119602649849,0.6265217147646212,0.25,-0.044609349357854766,0.053715105190278556,0.06982339561875966
19.989809036254883,1.41,clutter_moving,drone,tracking,1,1,471.0544282797345,225.35547473200612,499.9923465233675,215.99234652336753,384.12198310832497,281.19198958716373,-15.878016891675031,-18.808010412836268,-0.31590811444219813,0.37772220120342265,0.0,0.0,world_xy,1,0.687590064704731,0.5766029226112809,1.5,0.6426639780571873,0.6300658785458161,0.25,-0.04492608664754372,0.053462955934535206,0.06983295009320929
20.360764503479004,1.42,clutter_moving,drone,tracking,1,1,470.7965285696186,225.1231470923603,499.00765347663247,215.00765347663244,383.9473290953773,281.26542096445604,-16.052670904622687,-18.73457903554396,-0.3187380314498387,0.37605535993252376,0.0,0.0,world_xy,1,0.6844309835603091,0.5803801446233151,1.5,0.6391889129281957,0.6335909828822309,0.25,-0.045242070632113385,0.053210838258915816,0.06984438605426807
20.507192134857178,1.43,clutter_moving,drone,tracking,1,1,470.04516833718833,224.8040992032896,499.1828063241107,214.3418972332016,383.8529296749604,281.3367885929739,-16.14707032503958,-18.663211407026097,-0.3210498877278628,0.3745202374469227,0.0,0.0,world_xy,1,0.6812436032458107,0.5841406982226404,1.5,0.6356945123833295,0.637096921139728,0.25,-0.045549090862481156,0.05295622291708768,0.06985042035695166
20.669054985046387,1.44,clutter_moving,drone,tracking,1,1,469.9041435936605,224.40525746292406,498.00765347663247,214.00765347663244,383.7567390911054,281.401707606025,-16.243260908894626,-18.598292393974987,-0.32314831947537914,0.37311532318484003,0.0,0.0,world_xy,1,0.678033104368532,0.5878859005971095,1.5,0.6321808821279387,0.6405835872639427,0.25,-0.04585222224059338,0.052697686666833166,0.06985322085943133
20.88099956512451,1.45,clutter_moving,drone,tracking,1,1,469.2300668724279,224.0601851851852,498.1828063241107,213.3418972332016,383.64282964725646,281.51245800671893,-16.357170352743537,-18.48754199328107,-0.3253456176440995,0.3712648573592698,0.0,0.0,world_xy,1,0.6748016211737783,0.5916170538289579,1.5,0.6286481284490705,0.6440508757834903,0.25,-0.04615349272470781,0.05243382195453239,0.06985306418081644
21.00171422958374,1.46,clutter_moving,drone,tracking,1,1,469.05305056680675,223.5628582346198,497.00765347663247,213.00765347663244,383.5564868932209,281.5818254995975,-16.443513106779108,-18.418174500402472,-0.32728417211441496,0.36966910531609853,0.0,0.0,world_xy,1,0.6715481649973373,0.5953297024025506,1.5,0.6250963582122544,0.6474986818131578,0.25,-0.04645180678508287,0.052168979410607275,0.06985250723018492
21.2410728931427,1.47,clutter_moving,drone,tracking,1,1,468.3636773611648,223.26594511016623,497.07081510290067,212.08766812510126,383.4271440660655,281.69081093699845,-16.572855933934477,-18.309189063001554,-0.329579292724766,0.3677521770852614,0.0,0.0,world_xy,1,0.6682753232761931,0.5990263934557115,1.5,0.6215256788582693,0.6509269010570754,0.25,-0.04674964441792384,0.05190050760136389,0.06985121289198598
21.473920822143555,1.48,clutter_moving,drone,tracking,1,1,468.15617448810883,222.75670863538087,496.00765347663247,212.00765347663244,383.36068654399446,281.7698525249342,-16.63931345600554,-18.23014747506579,-0.33134312974220564,0.36602010191409134,0.0,0.0,world_xy,1,0.6649795303489454,0.6027039152265641,1.5,0.617936198399893,0.6543354298118726,0.25,-0.047043331949052414,0.05163151458530857,0.06984903993070819
21.5891695022583,1.49,clutter_moving,drone,tracking,1,1,467.5343412806099,222.52587710796666,496.07081510290067,211.08766812510126,383.26643437049484,281.8546456316063,-16.733565629505165,-18.145354368393726,-0.33317363030854935,0.36430794391367216,0.0,0.0,world_xy,1,0.6616660990515234,0.606364116245705,1.5,0.6143280254186361,0.6577241649698143,0.25,-0.047338073632887334,0.051360048724109375,0.06984803376055443
21.79710364341736,1.5,clutter_moving,drone,tracking,1,1,467.2736185383244,221.99688057040996,495.00765347663247,211.00765347663244,383.15044748602696,281.9803444533903,-16.849552513973038,-18.019655546609727,-0.33527321129255067,0.36215478577385946,0.0,0.0,world_xy,1,0.6583343627484379,0.6100071956848417,1.5,0.6107012690614558,0.6610930040219207,0.25,-0.0476330936869821,0.051085808337078986,0.0698474869100212
21.86656403541565,1.51,clutter_moving,drone,tracking,1,1,466.8478889531521,221.84750337381917,495.00765347663247,210.00765347663244,383.05499142126826,282.05644455338074,-16.945008578731745,-17.943555446619257,-0.337268039447697,0.36034876351104855,0.0,0.0,world_xy,1,0.6549816306355124,0.6136287435425803,1.5,0.6070560390374556,0.6644418450610672,0.25,-0.04792559159805676,0.050813101518486836,0.06984864791785005
22.02279829978943,1.52,clutter_moving,drone,tracking,1,1,466.3897680330473,221.3156657133778,494.06994645247653,209.57981927710844,382.95842377984735,282.1572135471372,-17.04157622015265,-17.84278645286281,-0.3392279561731428,0.3584275945614628,0.0,0.0,world_xy,1,0.6516089502410354,0.6172322311776909,1.5,0.6033924456145656,0.6677705867850675,0.25,-0.04821650462646976,0.05053835560737663,0.06984952903128293
22.183995962142944,1.53,clutter_moving,drone,tracking,1,1,466.10526979324254,221.03738023197172,494.00765347663247,209.00765347663244,382.8305234101904,282.2711065203055,-17.16947658980962,-17.728893479694477,-0.34151682276582007,0.35631024582929754,0.0,0.0,world_xy,1,0.648216670679304,0.6208165071233055,1.5,0.5997105996162077,0.6710791284997386,0.25,-0.048506071063096345,0.050262621376433114,0.06985105609515739
22.341617107391357,1.54,clutter_moving,drone,tracking,1,1,465.5138676844783,220.60687022900763,493.5617124115311,208.57448644916278,382.7596278982906,282.3502168064382,-17.240372101709397,-17.649783193561802,-0.34332666336342244,0.35448722575236374,0.0,0.0,world_xy,1,0.6448015024516458,0.6243796095815984,1.5,0.5960106124179423,0.6743673701219458,0.25,-0.048790890033703516,0.04998776054034737,0.06985218073990287
22.456435203552246,1.55,clutter_moving,drone,tracking,1,1,465.16338010365314,220.2342940209834,493.00765347663247,208.00765347663244,382.6417696265444,282.4543768156522,-17.358230373455626,-17.54562318434779,-0.345437532621552,0.35252110661638936,0.0,0.0,world_xy,1,0.6413682358180116,0.6279244818391221,1.5,0.5922925959441001,0.6776352121826308,0.25,-0.0490756398739115,0.0497107303435087,0.06985395579578074
22.583540439605713,1.56,clutter_moving,drone,tracking,1,1,464.5353379593934,220.03861475199176,492.6191894127378,207.74623655913976,382.5564363712726,282.53783424331516,-17.443563628727418,-17.46216575668484,-0.3473260895957,0.3507183213009084,0.0,0.0,world_xy,1,0.6379138604917961,0.631449692905286,1.5,0.588556662664396,0.6808825558298204,0.25,-0.04935719782740011,0.049432862924534415,0.0698551423610955
22.715476751327515,1.57,clutter_moving,drone,tracking,1,1,464.36527777777775,219.5135732323232,492.00765347663247,207.00765347663244,382.4714980578787,282.61899429611225,-17.528501942121295,-17.38100570388775,-0.34911026168139925,0.349014307328174,0.0,0.0,world_xy,1,0.6344405995958391,0.6349568761182951,1.5,0.5848029255905267,0.684109302831617,0.25,-0.04963767400531238,0.04915242671332187,0.06985599281712444
22.85963201522827,1.58,clutter_moving,drone,tracking,1,1,463.7028677983539,219.410558127572,491.1345899470899,206.24570105820104,382.36745746884935,282.7307829233418,-17.632542531150648,-17.269217076658208,-0.35105758559928674,0.34701782614091864,0.0,0.0,world_xy,1,0.6309494969790251,0.6384470191915769,1.5,0.5810314982727526,0.6873153555791697,0.25,-0.04991799870627256,0.0488683363875928,0.06985643059969752
22.943312883377075,1.59,clutter_moving,drone,tracking,1,1,463.44760639979756,218.9184215518877,491.0,206.0,382.2840766487477,282.823717219119,-17.715923351252286,-17.176282780881024,-0.35285107038345415,0.34509713235310463,0.0,0.0,world_xy,1,0.6274389211230322,0.641917197452986,1.5,0.5772424947964623,0.6905006170896274,0.25,-0.050196426326569954,0.04858341963664137,0.06985721064821265
23.0629620552063,1.6,clutter_moving,drone,tracking,1,1,462.7637017070979,218.64195867026055,490.62233589087805,205.23000852514917,382.19829302322864,282.91450521608664,-17.801706976771356,-17.08549478391336,-0.3546017584170393,0.3432341521819441,0.0,0.0,world_xy,1,0.6239104104191977,0.645368168776517,1.5,0.5734360297787221,0.6936649910090725,0.25,-0.0504743806404756,0.04829682223255549,0.06985875849743313
23.158477067947388,1.61,clutter_moving,drone,tracking,1,1,462.4017044726387,218.2903370498526,490.0,205.0,382.07296663282096,283.02837785791814,-17.927033367179035,-16.971622142081856,-0.35676815832663705,0.34114321204477527,0.0,0.0,world_xy,1,0.6203643928350273,0.6488005102983365,1.5,0.5696122183648086,0.6968083816154349,0.25,-0.050752174470218736,0.04800787131709838,0.06986085400175551
23.2393901348114,1.62,clutter_moving,drone,tracking,1,1,461.8299240962305,217.94448732793,489.1304487179487,204.74583333333334,382.0057418948253,283.13447354293584,-17.99425810517471,-16.865526457064163,-0.3584825104039085,0.33903523644785466,0.0,0.0,world_xy,1,0.6167967112517609,0.6522119424187842,1.5,0.5657711762247254,0.6999306938213888,0.25,-0.05102553502703555,0.04771875140260462,0.0698618956242873
23.294278383255005,1.6300000000000001,clutter_moving,drone,tracking,1,1,461.4903465030047,217.57518220176448,489.0,204.0,381.8900487491607,283.2534080625857,-18.109951250839288,-16.74659193741428,-0.360526593440991,0.33677836771309166,0.0,0.0,world_xy,1,0.6132118861477218,0.6556022947832628,1.5,0.5619130195497043,0.703031833177228,0.25,-0.05129886659801752,0.04742953839396513,0.06986511881121946
23.37381100654602,1.6400000000000001,clutter_moving,drone,tracking,1,1,460.8775088738302,217.30584059373987,488.1334654773703,203.2300958044268,381.7934592912967,283.33124959872055,-18.2065407087033,-16.668750401279453,-0.36250891484418224,0.3349065198849652,0.0,0.0,world_xy,1,0.6096066202133119,0.6589700784603937,1.5,0.5580378650486907,0.7061117058737232,0.25,-0.05156875516462123,0.0471416274133295,0.0698689454937301
23.45644497871399,1.6500000000000001,clutter_moving,drone,tracking,1,1,460.6439830834295,216.94969883378187,488.0,203.0,381.7069713151828,283.41315474627214,-18.293028684817216,-16.58684525372786,-0.36435232721287136,0.33316323173924084,0.0,0.0,world_xy,1,0.6059815310648701,0.6623191436592434,1.5,0.5541458299448124,0.7091702187449604,0.25,-0.05183570112005764,0.046851075085717064,0.06987104655932558
23.538033962249756,1.6600000000000001,clutter_moving,drone,tracking,1,1,460.06478639038113,216.66653875671528,487.1334654773703,202.2300958044268,381.6105200531952,283.5301147896689,-18.389479946804784,-16.469885210331086,-0.3662428266606447,0.3310921915963003,0.0,0.0,world_xy,1,0.6023380077927414,0.6656507759766358,1.5,0.550237031971835,0.7122072792711585,0.25,-0.05210097582090634,0.046556503294522655,0.0698714511120498
23.62308955192566,1.67,clutter_moving,drone,tracking,1,1,459.6385951419598,216.35294494648463,487.0,202.0,381.5253237661883,283.61291564578227,-18.474676233811692,-16.387084354217734,-0.3680307105692188,0.32924941411473024,0.0,0.0,world_xy,1,0.5986755795261349,0.6689616978925988,1.5,0.5463115893705988,0.715222795581468,0.25,-0.052363990155536166,0.0462610976888691,0.06987185860121498
23.843536138534546,1.68,clutter_moving,drone,tracking,1,1,459.2098906687007,215.79392321383168,486.00765347663247,202.00765347663244,381.4204152148156,283.7381006577834,-18.57958478518441,-16.261899342216623,-0.3699892523931769,0.3270431291160114,0.0,0.0,world_xy,1,0.5949952724204427,0.6722541920337461,1.5,0.542369620885443,0.7182166764567506,0.25,-0.05262565153499965,0.045962484423004435,0.06987137592618409
24.017888069152832,1.69,clutter_moving,drone,tracking,1,1,458.4753134289776,215.52565593899442,486.0,201.0,381.35573685346964,283.8232053549023,-18.644263146530363,-16.176794645097686,-0.3715820581887636,0.3251141491982797,0.0,0.0,world_xy,1,0.5912953798965109,0.6755246233249063,1.5,0.5384112457606142,0.7211888313323381,0.25,-0.052884134135896765,0.04566420800743187,0.06987096347016783
24.189619541168213,1.7,clutter_moving,drone,tracking,1,1,458.2748772869254,215.1843564735131,485.0,201.0,381.2814698070805,283.92411055657703,-18.718530192919502,-16.075889443422966,-0.3731157583070581,0.3231361510168784,0.0,0.0,world_xy,1,0.5875795593146232,0.6787757648168891,1.5,0.5344365837366575,0.7241391703007721,0.25,-0.05314297557796577,0.04536340548388307,0.06987141339901075
24.325913667678833,1.71,clutter_moving,drone,tracking,1,1,457.644323905463,215.01343148650392,485.0,200.0,381.1617712271857,284.042781123092,-18.83822877281432,-15.957218876907973,-0.3751226077391337,0.32094067560358297,0.0,0.0,world_xy,1,0.5838484017315526,0.6820071263270578,1.5,0.5304457550467965,0.7270676041145239,0.25,-0.05340264668475614,0.045060477787466025,0.06987338070661542
24.476559162139893,1.72,clutter_moving,drone,tracking,1,1,457.39505936422825,214.52093706115153,483.9923465233675,199.99234652336753,381.13608849195924,284.17832647462274,-18.863911508040758,-15.821673525377264,-0.37630820007105853,0.31846171280076224,0.0,0.0,world_xy,1,0.5800971756541613,0.6852165330830937,1.5,0.5264388804132942,0.7299740441886939,0.25,-0.05365829524086707,0.04475751110560022,0.06987451215231477
24.736404418945312,1.73,clutter_moving,drone,tracking,1,1,456.6788617886179,214.37675829139243,483.02281988590056,199.02233088834555,381.00341685649204,284.3046784650429,-18.996583143507962,-15.695321534957088,-0.37830110461056393,0.315956307644871,0.0,0.0,world_xy,1,0.5763340936534507,0.6884011502111014,1.5,0.5224160810438033,0.7328584026036914,0.25,-0.05391801260964735,0.04445725239259002,0.0698827544825799
24.8884756565094,1.74,clutter_moving,drone,tracking,1,1,456.3850454227812,213.87777142494122,482.9923465233675,198.99234652336753,380.93150756938604,284.3795030838239,-19.068492430613958,-15.62049691617608,-0.3799889138115073,0.3140058045181288,0.0,0.0,world_xy,1,0.572551082607345,0.6915607132875501,1.5,0.5183774786276978,0.7357205921078944,0.25,-0.05417360397964721,0.044159878820344334,0.06989187553336328
25.0258572101593,1.75,clutter_moving,drone,tracking,1,1,455.7765525246663,213.7524343844715,482.0221483942414,198.50704002531245,380.84298712827336,284.4642231410751,-19.157012871726636,-15.535776858924919,-0.38172215280417127,0.31219615748133206,0.0,0.0,world_xy,1,0.56875119346923,0.6947007713327313,1.5,0.5143231953323926,0.7385605261202887,0.25,-0.05442799813683741,0.043859754787557326,0.06990053698798196
25.195558071136475,1.76,clutter_moving,drone,tracking,1,1,455.38583638583634,213.45356982199084,481.9923465233675,197.99234652336753,380.73861679711894,284.5828795227839,-19.261383202881063,-15.417120477216088,-0.38365018399356876,0.3100765961159764,0.0,0.0,world_xy,1,0.5649339719411882,0.6978227329075447,1.5,0.5102533537996484,0.7413781187330867,0.25,-0.054680618141539794,0.04355538582554197,0.06990737897212793
25.326913356781006,1.77,clutter_moving,drone,tracking,1,1,454.8865932934286,213.23987899851966,481.1235362031997,197.20715817252184,380.66436153760856,284.67982049172196,-19.335638462391444,-15.320179508278045,-0.38533460588341184,0.3080564428432479,0.0,0.0,world_xy,1,0.5610974701012525,0.7009234988687044,1.5,0.5061680771418613,0.744173284714327,0.25,-0.054929392959391254,0.04324978584562256,0.06991267543571363
25.40463948249817,1.78,clutter_moving,drone,tracking,1,1,454.47091679506934,212.83609399075502,480.9923465233675,196.99234652336753,380.5968776445183,284.7537015961948,-19.403122355481685,-15.246298403805213,-0.38683491855783386,0.30633468172131895,0.0,0.0,world_xy,1,0.5572441240424184,0.7040040632971369,1.5,0.5020674889383385,0.7469459395104516,0.25,-0.055176635104079885,0.04294187621331469,0.06991756427485459
25.47936224937439,1.79,clutter_moving,drone,tracking,1,1,453.9191880259523,212.58232157769638,480.1093000958773,196.68408437200384,380.4974600616592,284.8896674140508,-19.502539938340817,-15.110332585949209,-0.38860365267277425,0.30406426522003477,0.0,0.0,world_xy,1,0.5533757748568401,0.7070674101143501,1.5,0.4979517132315605,0.7496959992488647,0.25,-0.055424061625279575,0.042628589134514505,0.06992155045936865
25.556426763534546,1.8,clutter_moving,drone,tracking,1,1,453.22334368530016,212.2457298136646,479.9923465233675,195.99234652336753,380.4172010231613,284.9925014891902,-19.582798976838717,-15.007498510809796,-0.39028243244797434,0.3019114029679234,0.0,0.0,world_xy,1,0.5494897383301124,0.7101080527665505,1.5,0.49382087452342877,0.7524233807404686,0.25,-0.05566886380668362,0.042315327973918015,0.06992574189143322
25.664202451705933,1.81,clutter_moving,drone,tracking,1,1,453.04359759989785,211.79682114132515,478.9923465233675,195.99234652336753,380.31923896232746,285.1255070180046,-19.68076103767254,-14.874492981995388,-0.3921154660159864,0.2994795541375148,0.0,0.0,world_xy,1,0.5455869140056326,0.7131271667962298,1.5,0.4896750977714989,0.7551280014821812,0.25,-0.055911816234133715,0.042000834685951394,0.06992997432372013
25.750291109085083,1.82,clutter_moving,drone,tracking,1,1,452.30179392526384,211.7569457936662,478.5,195.0,380.2521202145604,285.215943780023,-19.74787978543958,-14.784056219977003,-0.39367863734702924,0.2973904177816287,0.0,0.0,world_xy,1,0.5416657593454728,0.716121962337605,1.5,0.48551450838520177,0.7578097796594313,0.25,-0.056151250960271015,0.04168781732182636,0.06993452007028648
25.825901746749878,1.83,clutter_moving,drone,tracking,1,1,452.1331296932671,211.3138602520046,477.9923465233675,194.99234652336753,380.16777861441386,285.30774394265734,-19.832221385586138,-14.69225605734266,-0.39530982204761067,0.29544050463250215,0.0,0.0,world_xy,1,0.5377289729720025,0.7190958665154212,1.5,0.481339232222049,0.7604686341486336,0.25,-0.05638974074995351,0.041372767633212404,0.06993932201186079
25.917345762252808,1.84,clutter_moving,drone,tracking,1,1,451.3981894600711,211.10779178790816,477.5,194.0,380.08244870312626,285.4355884104684,-19.91755129687374,-14.564411589531574,-0.396982484187036,0.29315675456947327,0.0,0.0,world_xy,1,0.5337758747515264,0.7220502715617463,1.5,0.477149395583826,0.7631044845196426,0.25,-0.056626479167700416,0.04105421295789635,0.06994288058496242
25.981645822525024,1.85,clutter_moving,drone,tracking,1,1,451.0598158521666,210.90007082608972,476.9923465233675,193.99234652336753,379.9988086060691,285.5206741888009,-20.001191393930924,-14.47932581119909,-0.39865522321740643,0.291193123479453,0.0,0.0,world_xy,1,0.5298060499096561,0.724981839107441,1.5,0.4729451252127718,0.7657172510381856,0.25,-0.05686092469688425,0.04073541193074459,0.06994668357078976
26.113353729248047,1.86,clutter_moving,drone,tracking,1,1,450.49228009481703,210.4865141905311,476.1204481792717,193.19162959301366,379.91567397753016,285.5997127040852,-20.08432602246984,-14.40028729591478,-0.4003224366950011,0.28944006582081644,0.0,0.0,world_xy,1,0.525819497677482,0.7278937703422355,1.5,0.4687265482877443,0.7683068546682744,0.25,-0.057092949389737746,0.04041308432603896,0.06994871160187793
26.24240279197693,1.87,clutter_moving,drone,tracking,1,1,449.7890984509689,210.2328731609307,475.5,193.0,379.8187442726482,285.73987754411155,-20.18125572735181,-14.26012245588845,-0.40213890951362047,0.2871093766341404,0.0,0.0,world_xy,1,0.521816273310532,0.7307881710004436,1.5,0.464493792420374,0.7708732170745969,0.25,-0.05732248089015807,0.04008504607415331,0.06994767854739377
26.377049684524536,1.8800000000000001,clutter_moving,drone,tracking,1,1,449.59654510556624,209.9288547664747,474.9923465233675,192.99234652336753,379.74209343721725,285.8336805859523,-20.25790656278275,-14.166319414047678,-0.4037994814717395,0.2850287330398876,0.0,0.0,world_xy,1,0.5177948842153959,0.733659264766785,1.5,0.46024698565120287,0.773416260624886,0.25,-0.05754789856419301,0.039756995858100996,0.06994554559666905
26.631073474884033,1.8900000000000001,clutter_moving,drone,tracking,1,1,448.9762550006452,209.70421989934184,474.0074284811127,192.49233443970286,379.65198345948977,285.9803406223717,-20.34801654051023,-14.019659377628273,-0.4055379486078953,0.2824791830218604,0.0,0.0,world_xy,1,0.5137568894006784,0.7365095520971838,1.5,0.45598625644581214,0.775935908392268,0.25,-0.057770632954866286,0.039426356295084175,0.06994200170650541
27.028833150863647,1.9000000000000001,clutter_moving,drone,tracking,1,1,448.693315525027,209.32729122940913,473.9923465233675,191.99234652336753,379.5910810621453,286.0905847871272,-20.408918937854708,-13.909415212872773,-0.4069901851899547,0.28011919970143767,0.0,0.0,world_xy,1,0.5097015099145995,0.7393343439274024,1.5,0.45171173369093515,0.7784320841575902,0.25,-0.05798977622366436,0.03909774023018786,0.069938883588301
27.28212594985962,1.9100000000000001,clutter_moving,drone,tracking,1,1,447.95801944498095,209.14905672525913,473.11637860082305,191.1761316872428,379.52364687335785,286.1864015881357,-20.476353126642152,-13.813598411864291,-0.4083854677285433,0.2780032223961542,0.0,0.0,world_xy,1,0.5056316080626999,0.7421355359244167,1.5,0.4474235466905593,0.7809047124117263,0.25,-0.05820806137214063,0.0387691764873096,0.06993731088773038
27.415106296539307,1.92,clutter_moving,drone,tracking,1,1,447.27966815736596,208.87160541836798,472.9923465233675,190.99234652336753,379.4282821208672,286.3128483469024,-20.57171787913279,-13.687151653097601,-0.4100623571483052,0.275660118262343,0.0,0.0,world_xy,1,0.5015477533854145,0.7449155681483782,1.5,0.4431218251620146,0.7833537183578597,0.25,-0.05842592822339987,0.03843815020948149,0.06993626012514921
27.556570768356323,1.93,clutter_moving,drone,tracking,1,1,447.0506215558118,208.54652056901193,472.0979076824788,190.6764095192461,379.40362268113404,286.44294714735736,-20.59637731886596,-13.557052852642641,-0.4110882112242629,0.27317463459712343,0.0,0.0,world_xy,1,0.4974471298139314,0.7476721693310017,1.5,0.43880669923204885,0.7857790279137477,0.25,-0.05864043058188256,0.038106858582745984,0.06993448912999929
27.684977293014526,1.94,clutter_moving,drone,tracking,1,1,446.47729918509896,208.35823308756952,471.02281988590056,190.02233088834555,379.3035619444493,286.5750296196429,-20.696438055550686,-13.424970380357081,-0.4126505136619758,0.2706032597526335,0.0,0.0,world_xy,1,0.49333624770168877,0.750403915676973,1.5,0.4344782994328928,0.7881805677139608,0.25,-0.05885794826879598,0.03777665203698788,0.06993806912930843
27.823529720306396,1.95,clutter_moving,drone,tracking,1,1,446.1433828194391,207.98597893668315,470.9923465233675,189.99234652336753,379.2423245038137,286.65639571187637,-20.757675496186323,-13.343604288123629,-0.4140271616059387,0.268551114058045,0.0,0.0,world_xy,1,0.489209742565069,0.7531099482744993,1.5,0.43013675669830986,0.7905582651121036,0.25,-0.05907298586675913,0.0374483168376043,0.06994279157414238
27.908149480819702,1.96,clutter_moving,drone,tracking,1,1,445.5140492686682,207.7911855273287,470.10536398467434,189.66858237547893,379.1959857358803,286.7472496045851,-20.8040142641197,-13.252750395414921,-0.41515637962798907,0.2666282556756844,0.0,0.0,world_xy,1,0.4850694709490096,0.7557954594150798,1.5,0.42578220235963704,0.7929120481830108,0.25,-0.059287268589372555,0.037116588767931,0.06994727570503445
27.992879390716553,1.97,clutter_moving,drone,tracking,1,1,444.83116546948804,207.55917944735648,469.9923465233675,188.99234652336753,379.0732642414481,286.8793868095188,-20.9267357585519,-13.120613190481208,-0.417014464176666,0.26430946014935125,0.0,0.0,world_xy,1,0.4809179071527297,0.7584617419718366,1.5,0.42141476814181084,0.7952418457249241,0.25,-0.05950313901091886,0.03678010375308749,0.06995283828580949
28.063872575759888,1.98,clutter_moving,drone,tracking,1,1,444.5464260574646,207.1985665834773,468.9923465233675,188.99234652336753,379.01108348508194,287.0025038520801,-20.98891651491806,-12.99749614791989,-0.4185345905435983,0.26191171469432684,0.0,0.0,world_xy,1,0.476747762510963,0.7611048365733301,1.5,0.4170345861593836,0.7975475872616453,0.25,-0.05971317635157941,0.03644275068831526,0.06995525361061544
28.148648023605347,1.99,clutter_moving,drone,tracking,1,1,443.8871299871299,207.07631917631917,468.02281988590056,188.02233088834555,378.95672571948745,287.1154972807693,-21.04327428051255,-12.884502719230682,-0.41981658283025725,0.2595898015239846,0.0,0.0,world_xy,1,0.472562416605527,0.7637239537202734,1.5,0.4126417889125259,0.7998292030446691,0.25,-0.059920627693001105,0.03610524932439574,0.0699576346934345
28.21673083305359,2.0,clutter_moving,drone,tracking,1,1,443.67135793077216,206.6479650057056,467.9923465233675,187.99234652336753,378.8468066231272,287.2559370604474,-21.15319337687282,-12.744062939552578,-0.42160258941921686,0.25700010302087145,0.0,0.0,world_xy,1,0.46836425077722443,0.7663198517355132,1.5,0.4082365092830196,0.8020866240552919,0.25,-0.060127741494204856,0.03576677231977865,0.06996147010582902
28.30557346343994,2.0100000000000002,clutter_moving,drone,tracking,1,1,442.9303071103417,206.4773353850099,467.0946462715105,187.6376673040153,378.79316161492346,287.342578811279,-21.206838385076537,-12.657421188721003,-0.42299638747448953,0.2548816794353232,0.0,0.0,world_xy,1,0.46414822488303226,0.768889852765722,1.5,0.4038188805302376,0.8043197820067002,0.25,-0.060329344352794634,0.03542992924097821,0.06996363109543983
28.38868474960327,2.02,clutter_moving,drone,tracking,1,1,442.37633991992766,206.23169314219294,466.5,187.0,378.73095934219197,287.4327515070875,-21.269040657808034,-12.567248492912483,-0.4243078215994087,0.25293648916793277,0.0,0.0,world_xy,1,0.45991826100828737,0.7714386695600752,1.5,0.3993890362871129,0.8065286093460363,0.25,-0.060529224721174446,0.03508993978596109,0.06996492635262908
28.45931339263916,2.0300000000000002,clutter_moving,drone,tracking,1,1,441.9973302822273,205.90236460717009,465.9923465233675,186.99234652336753,378.6689837106554,287.6035345134499,-21.331016289344575,-12.396465486550085,-0.42557969890252423,0.2501825404776207,0.0,0.0,world_xy,1,0.4556751827922933,0.7739680344517545,1.5,0.39494711055609594,0.8087130392564417,0.25,-0.06072807223619736,0.03474500480468712,0.06996509212744978
28.5188410282135,2.04,clutter_moving,drone,tracking,1,1,441.4246054750402,205.81977455716586,465.1097288676236,186.6373205741627,378.61927523797846,287.70216354712005,-21.380724762021543,-12.297836452879949,-0.4266988368883729,0.24785834419660874,0.0,0.0,world_xy,1,0.45141938580326807,0.7764698598565307,1.5,0.3904932377051016,0.8108730056590779,0.25,-0.06092614809816649,0.03440314580254722,0.06996836401682575
28.571405172348022,2.05,clutter_moving,drone,tracking,1,1,440.8440043581362,205.38716913414083,464.9923465233675,185.99234652336753,378.52829461438733,287.83102654846584,-21.471705385612665,-12.168973451534157,-0.42820323584150716,0.24539496285534967,0.0,0.0,world_xy,1,0.44715239743438434,0.7789484432984968,1.5,0.3860275524634438,0.8130084432151262,0.25,-0.06112484497094056,0.034059999916629446,0.06997378271211523
28.617821216583252,2.06,clutter_moving,drone,tracking,1,1,440.46185658840744,205.2658268117325,463.9923465233675,185.99234652336753,378.4840738664237,287.92843460181746,-21.515926133576272,-12.071565398182543,-0.42936664359801724,0.24321495266491533,0.0,0.0,world_xy,1,0.4428703650759693,0.7814023929270503,1.5,0.38155018991776013,0.8151192873277636,0.25,-0.061320175158209145,0.03371689440071335,0.06997851705675324
28.689775228500366,2.07,clutter_moving,drone,tracking,1,1,439.75877362128807,205.131315079059,463.5,185.0,378.41205228849793,288.0455071143198,-21.587947711502068,-11.954492885680224,-0.4306824144456305,0.24094615044169437,0.0,0.0,world_xy,1,0.4385766986399891,0.7838345424536994,1.5,0.37706128550792706,0.817205474144116,0.25,-0.06151541313206205,0.033370931690416605,0.0699840348557778
28.76064968109131,2.08,clutter_moving,drone,tracking,1,1,439.15535038789506,204.68384945822913,462.9923465233675,184.99234652336753,378.32943408341356,288.2018445553512,-21.67056591658644,-11.798155444648785,-0.43218331158298456,0.2382054775898991,0.0,0.0,world_xy,1,0.4342698744955328,0.7862440039581163,1.5,0.37256097502296,0.819266940557192,0.25,-0.0617088994725728,0.033022936599075625,0.06998930358092345
28.81201481819153,2.09,clutter_moving,drone,tracking,1,1,438.8603162409577,204.58165290314318,462.0,185.0,378.2710299464803,288.29799403521673,-21.728970053519674,-11.702005964783268,-0.4335011608010595,0.23591453052807054,0.0,0.0,world_xy,1,0.42994804137970294,0.7886260587340154,1.5,0.36804939459690833,0.8213036242077891,0.25,-0.06189864678279461,0.03267756547377376,0.06999475522375902
28.87955093383789,2.1,clutter_moving,drone,tracking,1,1,438.16792465002254,204.56699567769817,461.5,184.0,378.22558580641396,288.398622661881,-21.77441419358604,-11.601377338118994,-0.4345940784899232,0.2337766894569407,0.0,0.0,world_xy,1,0.42561302977169235,0.7909852040392961,1.5,0.3635266807047355,0.8233154634863828,0.25,-0.06208634906695687,0.032330259447086784,0.06999971725928585
28.930432081222534,2.11,clutter_moving,drone,tracking,1,1,437.66294728741826,204.09465178914968,461.0,184.0,378.12640879203013,288.5329350758558,-21.873591207969866,-11.46706492414421,-0.436176838608134,0.23133722442120963,0.0,0.0,world_xy,1,0.4212670889867931,0.7933229709338655,1.5,0.3589929701581924,0.8253023975349879,0.25,-0.06227411882860068,0.03197942660112241,0.07000535409249248
28.980000495910645,2.12,clutter_moving,drone,tracking,1,1,437.20204538191115,203.90495365931605,460.09519261381723,183.6064947468959,378.06849243061396,288.6204969161761,-21.931507569386042,-11.37950308382392,-0.4375261606369068,0.22927628491160745,0.0,0.0,world_xy,1,0.4169053206007118,0.7956363431780776,1.5,0.35444840010167694,0.8272643662490011,0.25,-0.06245692049903484,0.031628023070923494,0.0700085620592055
29.033871173858643,2.13,clutter_moving,drone,tracking,1,1,436.6848519652884,203.5490045941807,459.97832621420656,183.47761430153454,378.0503417800582,288.75967403930906,-21.949658219941796,-11.240325960690939,-0.4383330127059678,0.22681791377782368,0.0,0.0,world_xy,1,0.4125300589943427,0.7979291060271937,1.5,0.3498931080080871,0.8292013102790186,0.25,-0.0626369509862556,0.031272204251824864,0.07000955925887864
29.087966918945312,2.14,clutter_moving,drone,tracking,1,1,436.0059122164385,203.55227813122548,458.9923465233675,182.99234652336753,377.96383179860646,288.90247773770756,-22.036168201393536,-11.097522262292443,-0.4396477059330144,0.22414080608523754,0.0,0.0,world_xy,1,0.40814672886728304,0.8001972851649719,1.5,0.34532723167466073,0.8311131710326309,0.25,-0.06281949719262231,0.030915885867659032,0.0700148643254845
29.13750147819519,2.15,clutter_moving,drone,tracking,1,1,435.6933461292386,203.35719769673705,458.5614552605703,182.57866273353,377.8987803454715,289.0176470588235,-22.101219654528506,-10.982352941176487,-0.4409548838696701,0.22166924509129826,0.0,0.0,world_xy,1,0.4037502518079529,0.8024386932258243,1.5,0.34075090921880963,0.8329998906761962,0.25,-0.06299934258914325,0.03056119745037189,0.07002073947242242
29.194045305252075,2.16,clutter_moving,drone,tracking,1,1,435.01106870229006,202.95801526717557,458.0,182.0,377.8081989506183,289.17170054686903,-22.191801049381695,-10.828299453130967,-0.4425395092845501,0.21886245427552486,0.0,0.0,world_xy,1,0.39934070296925617,0.8046553856767372,1.5,0.3361642790739384,0.8348614121365889,0.25,-0.06317642389531775,0.03020602645985171,0.0700261706128083
29.25033450126648,2.17,clutter_moving,drone,tracking,1,1,434.3879476318829,202.86863047105632,456.9923465233675,181.99234652336753,377.768236234904,289.26985016431144,-22.23176376509599,-10.730149835688565,-0.4436921805941034,0.21651975261656042,0.0,0.0,world_xy,1,0.39491530787641066,0.8068440102194925,1.5,0.33156747998525965,0.8366976791029269,0.25,-0.06334782789115101,0.029853668883434437,0.07002991392489806
29.301737308502197,2.18,clutter_moving,drone,tracking,1,1,434.033731688512,202.76310717039323,456.5,182.0,377.7104250935345,289.36770619925636,-22.289574906465475,-10.63229380074364,-0.44484680523846676,0.21438912048563222,0.0,0.0,world_xy,1,0.39047838607046964,0.8090092077456581,1.5,0.3269606510055947,0.8385086360282747,0.25,-0.06351773506487496,0.029499428282616647,0.07003369857984718
29.352028369903564,2.19,clutter_moving,drone,tracking,1,1,433.4151075474099,202.42408043782612,456.0,181.0,377.63805774278217,289.5025196850394,-22.361942257217834,-10.497480314960626,-0.4461624271867062,0.2119473876831014,0.0,0.0,world_xy,1,0.38602991801808495,0.8111530989505145,1.5,0.32234393149116963,0.8402942281313232,0.25,-0.06368598652691532,0.02914112918080869,0.0700364925580873
29.40457844734192,2.2,clutter_moving,drone,tracking,1,1,432.8413279393822,202.29891478841583,455.00765347663247,181.00765347663244,377.58681576368474,289.60968780624387,-22.41318423631526,-10.390312193756131,-0.4473181188334857,0.2096697585887131,0.0,0.0,world_xy,1,0.38156829374621787,0.8132725728273454,1.5,0.3177174610973972,0.8420544013980474,0.25,-0.06385083264882069,0.028781828570701995,0.07003800743754053
29.468475818634033,2.21,clutter_moving,drone,tracking,1,1,432.3904981136901,202.12916426881512,454.49235165574044,180.9920995125231,377.5702996877644,289.7435466456564,-22.429700312235582,-10.256453354343591,-0.44801985690965995,0.2071723782627004,0.0,0.0,world_xy,1,0.377095112557883,0.8153692704132326,1.5,0.3130813797746542,0.8437891025833403,0.25,-0.0640137327832288,0.028419832170107684,0.0700388809549361
29.526443004608154,2.22,clutter_moving,drone,tracking,1,1,431.85967597907893,201.79563719862227,453.9882371642028,180.5120012716579,377.4974600616592,289.8896674140508,-22.502539938340817,-10.110332585949209,-0.44913687493109594,0.20444122866365647,0.0,0.0,world_xy,1,0.37261491398878643,0.8174409941958596,1.5,0.3084358277640469,0.8454982792126234,0.25,-0.06417908622473956,0.028057285016763855,0.07004403151699991
29.580859422683716,2.23,clutter_moving,drone,tracking,1,1,431.2131611078979,201.80271190797507,453.0074284811127,180.49233443970286,377.4484704068402,290.00187475908467,-22.551529593159785,-9.998125240915329,-0.4501784192437508,0.20197793054871402,0.0,0.0,world_xy,1,0.3681235452394755,0.8194854064824961,1.5,0.3037809455931698,0.8471818795834338,0.25,-0.06434259964630568,0.027696473100937702,0.07005044433460605
29.64711022377014,2.24,clutter_moving,drone,tracking,1,1,430.9129042587256,201.68229266730705,452.5,180.0,377.40156611309646,290.110270245019,-22.598433886903535,-9.889729754980976,-0.45116306141562673,0.19967709605171205,0.0,0.0,world_xy,1,0.363621761047038,0.8215051857879833,1.5,0.29911687407185317,0.8488398527669888,0.25,-0.0645048869751848,0.02733466697900555,0.07005757962229714
29.81794285774231,2.25,clutter_moving,drone,tracking,1,1,430.22281571919115,201.30847004959938,451.90383086949606,179.43331743760928,377.32347706331,290.25555108162206,-22.67652293668999,-9.744448918377941,-0.45246512994062194,0.1970436313254278,0.0,0.0,world_xy,1,0.3591101304328817,0.8235019567485004,1.5,0.2944437542879053,0.8504721486097259,0.25,-0.06466637614497639,0.026970191861225512,0.07006519430326934
29.977136373519897,2.2600000000000002,clutter_moving,drone,tracking,1,1,429.5963461538461,201.19801282051282,451.0153144346692,179.0,377.27011001196416,290.36292275817794,-22.729889988035836,-9.637077241822055,-0.4536380983416741,0.1946774837564851,0.0,0.0,world_xy,1,0.3545854791334755,0.8254723930617547,1.5,0.28976172760284263,0.8520787177348206,0.25,-0.06482375153063286,0.026606324673065895,0.07007150116212597
30.09442639350891,2.27,clutter_moving,drone,tracking,1,1,428.9618197113828,201.16889924286545,450.5,179.0,377.19698508891764,290.498791466704,-22.803014911082357,-9.501208533295994,-0.4549703082756592,0.19211816155667424,0.0,0.0,world_xy,1,0.35004909815005875,0.8274191678993196,1.5,0.28507093564761626,0.853659511543679,0.25,-0.06497816250244248,0.026240343644359454,0.07007650987861694
30.187520265579224,2.2800000000000002,clutter_moving,drone,tracking,1,1,428.6759329779132,200.79436405178978,449.8855550090178,178.90965732087227,377.19211888793546,290.6356955656341,-22.807881112064536,-9.36430443436592,-0.45562333095675656,0.18946052147852854,0.0,0.0,world_xy,1,0.34549939506730215,0.8293403495148863,1.5,0.2803715203183244,0.8552144822174093,0.25,-0.06512787474897774,0.025874132702522923,0.07007931800771394
30.24333095550537,2.29,clutter_moving,drone,tracking,1,1,428.0360187143497,200.74107543421135,449.0368962787015,178.49231987331748,377.13303681393404,290.73228617624227,-22.86696318606596,-9.267713823757731,-0.456567093977266,0.1872020867266729,0.0,0.0,world_xy,1,0.3409431617577346,0.8312349547296716,1.5,0.2756636237719229,0.8567435827182669,0.25,-0.06527953798581171,0.025508627988595323,0.07008643364804334
30.35004162788391,2.3000000000000003,clutter_moving,drone,tracking,1,1,427.3327605956472,200.38717067583048,448.5,178.0,377.04390602569936,290.8756929612642,-22.956093974300643,-9.124307038735822,-0.45797222600707677,0.18460831645309683,0.0,0.0,world_xy,1,0.3363774908179619,0.8331069755969382,1.5,0.2709473884219227,0.8582467667910784,0.25,-0.06543010239603925,0.025139791194140115,0.07009356176455257
30.449724197387695,2.31,clutter_moving,drone,tracking,1,1,426.8319871794871,200.36903846153845,447.8855550090178,177.90965732087227,377.007809490457,291.00183855717034,-22.99219050954298,-8.998161442829655,-0.4590015973081573,0.18205351827501978,0.0,0.0,world_xy,1,0.33179776855789117,0.8349530587614692,1.5,0.26622295693408426,0.8597239889646402,0.25,-0.0655748116238069,0.024770930203171004,0.07009746716271659
30.522526502609253,2.32,clutter_moving,drone,tracking,1,1,426.4097342299071,200.18840858149215,447.0147058823529,177.51470588235293,376.95802261667194,291.12485849992413,-23.04197738332806,-8.87514150007587,-0.4600124700052794,0.1795506397245935,0.0,0.0,world_xy,1,0.3272077525848096,0.8367735939442194,1.5,0.26149047222209937,0.8611752045530942,0.25,-0.06571728036271024,0.024401610608874802,0.07010135190264316
30.58994960784912,2.33,clutter_moving,drone,tracking,1,1,425.7984363081617,199.90217391304347,446.5,177.5,376.88788085772165,291.26910929354136,-23.112119142278345,-8.730890706458638,-0.46123892206743755,0.17683758564711208,0.0,0.0,world_xy,1,0.32260762788475683,0.8385691003414653,1.5,0.25675007744326955,0.8626003696572794,0.25,-0.06585755044148728,0.02403126931581412,0.07010505584536846
30.65641164779663,2.34,clutter_moving,drone,tracking,1,1,425.14841895965617,199.87133602719516,445.8670805475963,177.39286851321233,376.88533272604116,291.4127951790344,-23.114667273958844,-8.58720482096561,-0.4618188549438942,0.17403616657182217,0.0,0.0,world_xy,1,0.31799523866408247,0.8403374761979364,1.5,0.2520019159941759,0.8639994411660603,0.25,-0.0659933226699066,0.023661964968123894,0.07010711250056681
30.717907905578613,2.35,clutter_moving,drone,tracking,1,1,424.4750193648335,199.91156726052154,445.0076609616952,176.9923390383048,376.828165872571,291.50402886771303,-23.17183412742901,-8.495971132286968,-0.4627086601264715,0.1717719574124766,0.0,0.0,world_xy,1,0.3133770501146435,0.8420778378636546,1.5,0.24724613150633937,0.8653723767576302,0.25,-0.06613091860830414,0.02329453889397559,0.07011372146920379
30.802061557769775,2.36,clutter_moving,drone,tracking,1,1,424.23269242972265,199.5319499968272,444.4925835370823,176.4920945395273,376.75761502051483,291.63837771902485,-23.242384979485166,-8.361622280975155,-0.463885131831249,0.1692752259263412,0.0,0.0,world_xy,1,0.3087499635133788,0.8437955574377795,1.5,0.24248286784187897,0.8667191349007923,0.25,-0.06626709567149983,0.02292357746301288,0.07012002832599587
30.991336584091187,2.37,clutter_moving,drone,tracking,1,1,423.470340604669,199.3916953693073,443.85921325051754,176.39337474120083,376.7159082287161,291.7547085018589,-23.284091771283897,-8.245291498141114,-0.4648733188081849,0.1668720581464058,0.0,0.0,world_xy,1,0.3041111121950663,0.8454883096970429,1.5,0.2377122690891567,0.8680396748562156,0.25,-0.0663988431059096,0.022551365159172665,0.07012396477913628
31.384129285812378,2.38,clutter_moving,drone,tracking,1,1,422.8850154083205,199.32639958911145,443.0153144346692,176.0,376.6851796730458,291.8668545981942,-23.31482032695419,-8.133145401805791,-0.4656560170601793,0.16455702558574628,0.0,0.0,world_xy,1,0.29946237900698447,0.847157030278507,1.5,0.2329344795584215,0.8693339566776668,0.25,-0.06652789944856297,0.022176926399159802,0.07012686695947463
31.606865406036377,2.39,clutter_moving,drone,tracking,1,1,422.3404473498686,199.03973594821508,442.5,176.0,376.60679118337595,292.01873006973403,-23.393208816624053,-7.981269930265967,-0.46687050465994523,0.16184463074651148,0.0,0.0,world_xy,1,0.2948058188363827,0.8488026005343644,1.5,0.2281496437774417,0.8706019412132198,0.25,-0.06665617505894098,0.02179934067885536,0.07013028538029047
31.753817796707153,2.4,clutter_moving,drone,tracking,1,1,421.9616850934045,198.9897064430042,441.8516571064372,175.401051625239,376.57819124706543,292.1322167326582,-23.421808752934567,-7.8677832673417925,-0.46773162337925556,0.1593756997766899,0.0,0.0,world_xy,1,0.29013711378978324,0.8504210468418295,1.5,0.2233579064871356,0.8718435901064387,0.25,-0.06677920730264764,0.02142254326460924,0.07013121906750261
31.89686679840088,2.41,clutter_moving,drone,tracking,1,1,421.33461513811443,198.9908350958149,441.0,175.5,376.57491492578254,292.2854699657368,-23.425085074217463,-7.714530034263191,-0.4681551663370571,0.15657889527640556,0.0,0.0,world_xy,1,0.2854597975559907,0.8520148038395964,1.5,0.21855941263719025,0.8730588657975398,0.25,-0.06690038491880046,0.021044061957943394,0.07013211850481507
32.06504011154175,2.42,clutter_moving,drone,tracking,1,1,420.74188197767137,198.7610207336523,440.5,175.0,376.5052325784887,292.43253648804733,-23.494767421511312,-7.567463511952667,-0.4691122664883001,0.15370260150586185,0.0,0.0,world_xy,1,0.2807782458926201,0.8535805927923604,1.5,0.21375430738167914,0.8742477315245254,0.25,-0.06702393851094099,0.02066713873216497,0.070137999379031
32.266929149627686,2.43,clutter_moving,drone,tracking,1,1,420.1731510015408,198.6858628659476,439.8547724659109,174.89469360933134,376.4671916010499,292.53595800524937,-23.532808398950124,-7.46404199475063,-0.4699614123081864,0.15127063261989476,0.0,0.0,world_xy,1,0.27608712322773715,0.8551176188074191,1.5,0.20894273607466915,0.8754101513242984,0.25,-0.067144387153068,0.020292532516879347,0.0701438208405394
32.40076398849487,2.44,clutter_moving,drone,tracking,1,1,419.6739877769289,198.5735294117647,439.0,174.98468556533072,376.40858821950263,292.66757124265393,-23.591411780497367,-7.332428757346065,-0.470988165124155,0.14872850100975937,0.0,0.0,world_xy,1,0.2713875091046553,0.856630325133618,1.5,0.20412484426582628,0.8765460900337484,0.25,-0.06726266483882903,0.01991576490013036,0.070149153756677
32.81186556816101,2.45,clutter_moving,drone,tracking,1,1,419.0726923076923,198.51820512820512,438.4925835370823,174.4920945395273,376.3737343674317,292.77530535665306,-23.626265632568277,-7.224694643346936,-0.4718335962641208,0.14639946653120803,0.0,0.0,world_xy,1,0.2666776274534138,0.8581176101437156,1.5,0.19930077769600973,0.877655513290816,0.25,-0.06737684975740404,0.019537903147100466,0.07015247353171003
33.09588646888733,2.46,clutter_moving,drone,tracking,1,1,418.4992640941959,198.24393677609265,437.5,174.5,376.38263322005395,292.9308470261243,-23.617366779946053,-7.069152973875703,-0.4721161528982609,0.14364044265167633,0.0,0.0,world_xy,1,0.2619592914907726,0.8595816048090277,1.5,0.1944706822928658,0.8787383875355322,0.25,-0.06748860919790678,0.019156782726504562,0.07015479096895871
33.308507442474365,2.47,clutter_moving,drone,tracking,1,1,417.87861271676303,198.2747591522158,436.9852941176471,174.46995572422514,376.3427314782365,293.0512896894932,-23.657268521763513,-6.948710310506783,-0.472682222543616,0.14107401260882896,0.0,0.0,world_xy,1,0.25723812996178996,0.8610180092355444,1.5,0.18963470416641148,0.8797946800110339,0.25,-0.06760342579537848,0.0187766707754895,0.07016257224961443
33.488728523254395,2.48,clutter_moving,drone,tracking,1,1,417.24896319336443,198.25330482115086,436.5,174.0,376.27827096939876,293.21133115044967,-23.72172903060124,-6.788668849550334,-0.47364601948124085,0.1381586630190267,0.0,0.0,world_xy,1,0.25251130773635383,0.8624287493616327,1.5,0.18479298960461712,0.880824358764554,0.25,-0.0677183181317367,0.018395609402921287,0.07017242375674326
33.68022322654724,2.49,clutter_moving,drone,tracking,1,1,416.8975287465853,197.9689981576774,435.5,174.0,376.2455802443195,293.31441111753134,-23.754419755680487,-6.6855888824686645,-0.4744393260790437,0.13571287606571733,0.0,0.0,world_xy,1,0.24777484754154142,0.863810335991823,1.5,0.17994568506897848,0.8818273926483889,0.25,-0.06782916247256293,0.018017056656565944,0.07018126254418089
33.81351113319397,2.5,clutter_moving,drone,tracking,1,1,416.32067267728115,197.9476948654006,434.81406874500396,173.39264588329334,376.1839557642003,293.45463144618833,-23.816044235799723,-6.54536855381167,-0.47547418332936664,0.13306984832150118,0.0,0.0,world_xy,1,0.24303045428075098,0.8651674647524802,1.5,0.17509293719008848,0.8828037513208401,0.25,-0.06793751709066251,0.017636286568359916,0.07018934984999771
33.984976291656494,2.5100000000000002,clutter_moving,drone,tracking,1,1,415.6262470232348,198.0004505374268,434.4925835370823,173.4920945395273,376.14359198925666,293.57412856892626,-23.856408010743337,-6.425871431073745,-0.47638387061639165,0.13056601748648672,0.0,0.0,world_xy,1,0.23827571244745732,0.8664981632356952,1.5,0.1702348927631998,0.8837534052471322,0.25,-0.06804081968425751,0.017255242011437022,0.07019470435993663
34.12937378883362,2.52,clutter_moving,drone,tracking,1,1,415.0115869662633,197.6952179758018,433.5,173.0,376.155861360599,293.70474056177085,-23.844138639401024,-6.295259438229152,-0.4766582668107875,0.1280025616894397,0.0,0.0,world_xy,1,0.2335118737412934,0.8678038234105601,1.5,0.1653716987437867,0.8846763257003062,0.25,-0.06814017499750669,0.016872502289746127,0.07019803973194924
34.2215735912323,2.5300000000000002,clutter_moving,drone,tracking,1,1,414.44997748182453,197.7316476870617,432.82386831275716,172.88362139917695,376.11172209282637,293.81401444173974,-23.88827790717363,-6.185985558260256,-0.4772672770437643,0.12564699390111067,0.0,0.0,world_xy,1,0.22874529107318553,0.8690838490274545,1.5,0.16050350224309687,0.8855724847620889,0.25,-0.06824178883008866,0.016488635734634438,0.07020553290959251
34.294230937957764,2.54,clutter_moving,drone,tracking,1,1,414.0750479846449,197.54779270633398,432.49235165574044,172.9920995125231,376.04510277690235,293.9807227649963,-23.954897223097646,-6.019277235003699,-0.47827414412376806,0.12275319684054051,0.0,0.0,world_xy,1,0.2239726183027479,0.8703403189664656,1.5,0.1556304505237034,0.8864418553237371,0.25,-0.0683421677790445,0.016101536357271518,0.07021332757962412
34.41361403465271,2.5500000000000003,clutter_moving,drone,tracking,1,1,413.4009146341463,197.32088414634146,431.5,172.5,376.02029132672715,294.09915730009214,-23.979708673272853,-5.900842699907855,-0.479000160261697,0.12014820827722965,0.0,0.0,world_xy,1,0.2191898768615102,0.871567850934871,1.5,0.1507526909950492,0.8872844110868573,0.25,-0.068437185866461,0.015716560151986303,0.07021864903522093
34.51605820655823,2.56,clutter_moving,drone,tracking,1,1,412.8189561319244,197.3839897534422,430.8142469254112,172.37725602938826,375.9936223148894,294.2991029190174,-24.00637768511058,-5.7008970809826,-0.47962022665398,0.11677656161556194,0.0,0.0,world_xy,1,0.21439987525889323,0.8727693330176433,1.5,0.14587037120898827,0.8881001265642022,0.25,-0.06852950404990496,0.015330793546558974,0.07022340176958927
34.589802503585815,2.57,clutter_moving,drone,tracking,1,1,412.260747004933,197.4022038567493,430.00765347663247,172.00765347663244,375.9696523689375,294.39879450518646,-24.03034763106251,-5.6012054948135415,-0.4801629259359787,0.11416271316995183,0.0,0.0,world_xy,1,0.20960367299235344,0.8739370986337989,1.5,0.1409836388553216,0.8888889770804407,0.25,-0.06862003413703183,0.014951878446641809,0.07023010575280779
34.68004035949707,2.58,clutter_moving,drone,tracking,1,1,411.6362068965517,197.14425287356323,429.5,172.0,375.92868988391376,294.5012788171817,-24.071310116086238,-5.498721182818315,-0.4808577279481391,0.1118591539374798,0.0,0.0,world_xy,1,0.20480204373299365,0.8750787257654984,1.5,0.13609264175732994,0.889650938772905,0.25,-0.06870940197566372,0.014572213007406631,0.07023767729492891
34.75745892524719,2.59,clutter_moving,drone,tracking,1,1,411.09017341040465,197.1936416184971,428.5,172.0,375.9046200920281,294.59608646906315,-24.095379907971903,-5.403913530936848,-0.48143515656435354,0.10977966811217123,0.0,0.0,world_xy,1,0.19999346645351226,0.8761973173048732,1.5,0.13119752786730324,0.8903859885923117,0.25,-0.06879593858620903,0.014188671287438503,0.07024385780166424
34.834925174713135,2.6,clutter_moving,drone,tracking,1,1,410.7002929563112,197.13966373710355,427.8160237388724,171.8717441477085,375.841869940054,294.7527915433601,-24.158130059946018,-5.247208456639896,-0.4823852511133653,0.10712014367351591,0.0,0.0,world_xy,1,0.19517911488786874,0.8772951139859949,1.5,0.12629844526206285,0.8910941043034601,0.25,-0.06888066962580588,0.013798990317465232,0.07024926178886805
34.91401743888855,2.61,clutter_moving,drone,tracking,1,1,409.9728205128205,197.1976282051282,427.4925835370823,171.4920945395273,375.81717774936806,294.8872232243451,-24.182822250631943,-5.112776775654879,-0.4830844077579658,0.10444460918528585,0.0,0.0,world_xy,1,0.19035526237673508,0.87836631542273,1.5,0.1213955421384844,0.8917752644859037,0.25,-0.06895972023825069,0.013408949063173692,0.07025128418980388
34.973325967788696,2.62,clutter_moving,drone,tracking,1,1,409.5294492199936,196.9196434256606,426.5,171.5,375.83570811744386,295.02471642627086,-24.164291882556142,-4.975283573729143,-0.48319519419920215,0.10172819344439919,0.0,0.0,world_xy,1,0.18552441829915542,0.8794107615145829,1.5,0.11648896680901287,0.8924294485345992,0.25,-0.06903545149014255,0.013018687020016295,0.07025225814287371
35.03553318977356,2.63,clutter_moving,drone,tracking,1,1,408.86933128362796,196.99865488086087,425.8066218809981,171.36596289187457,375.7827581578041,295.1889820764683,-24.217241842195904,-4.811017923531722,-0.48382749765379585,0.09869888420882857,0.0,0.0,world_xy,1,0.1806924663571634,0.8804280434490268,1.5,0.11157886769717867,0.8930566366605287,0.25,-0.06911359865998473,0.012628593211501893,0.07025788842710144
35.10871934890747,2.64,clutter_moving,drone,tracking,1,1,408.2863668532458,196.9726565013189,425.4925835370823,171.4920945395273,375.7512941272592,295.3026302735321,-24.2487058727408,-4.697369726467912,-0.484458138544357,0.09608556488511988,0.0,0.0,world_xy,1,0.17585419138062544,0.8814150322911151,1.5,0.10666539333310489,0.8936568098912995,0.25,-0.06918879804752055,0.012241777600184411,0.07026343924170636
35.20590806007385,2.65,clutter_moving,drone,tracking,1,1,407.8467344719503,196.77553892407087,424.5,171.0,375.73818152109845,295.41244609396426,-24.261818478901546,-4.587553906035737,-0.4848861656128776,0.09370159716469706,0.0,0.0,world_xy,1,0.17100960999518186,0.8823758879399662,1.5,0.10174869234901676,0.8942299500717168,0.25,-0.0692609176461651,0.011854062131750553,0.07026801194151053
35.313186168670654,2.66,clutter_moving,drone,tracking,1,1,407.3757192174914,196.68245748625495,423.5,171.0,375.7114508004879,295.5882696269837,-24.28854919951209,-4.411730373016326,-0.4853728157204279,0.09069475282729325,0.0,0.0,world_xy,1,0.1661607483390531,0.8833129039116132,1.5,0.09682891347474354,0.8947760398643342,0.25,-0.06933183486430955,0.01146313595272097,0.07027308739142214
35.86681532859802,2.67,clutter_moving,drone,tracking,1,1,406.7545703547996,196.73565195235363,423.49235165574044,170.9920995125231,375.6896553736613,295.70056319122233,-24.31034462633869,-4.299436808777671,-0.48583155796391814,0.08810644366883633,0.0,0.0,world_xy,1,0.1613070201818488,0.8842198514398861,1.5,0.09190620553322179,0.8952950627499769,0.25,-0.06940081464862702,0.011075211310090816,0.07027896825833634
36.15036916732788,2.68,clutter_moving,drone,tracking,1,1,406.2169805338913,196.44772049965124,422.5,170.5,375.67051894914397,295.80100626287737,-24.32948105085603,-4.198993737122635,-0.48624849264317943,0.08583683075932534,0.0,0.0,world_xy,1,0.15644870460220964,0.8851009158765745,1.5,0.0869807174359908,0.8957870030282423,0.25,-0.06946798716621884,0.010686087151667856,0.07028508874248496
36.31029152870178,2.69,clutter_moving,drone,tracking,1,1,405.69165085388994,196.49019607843135,421.5,170.5,375.62155247941126,295.9806728578938,-24.378447520588736,-4.019327142106192,-0.4869747444159069,0.08283917240486453,0.0,0.0,world_xy,1,0.15158621967577784,0.8859592841841677,1.5,0.08205259817869029,0.8962518458179746,0.25,-0.06953362149708756,0.010292561633806874,0.07029126079027143
36.42628717422485,2.7,clutter_moving,drone,tracking,1,1,405.0472817764165,196.57739918325674,420.7841254600736,170.37125940150423,375.5958695347534,296.1012939088191,-24.404130465246624,-3.898706091180884,-0.4875840701048709,0.08016339458517877,0.0,0.0,world_xy,1,0.14671647223161877,0.8867876759082164,1.5,0.07712199683655141,0.8966895770577146,0.25,-0.06959447539506736,0.009901901149498182,0.07029536721498131
36.539551973342896,2.71,clutter_moving,drone,tracking,1,1,404.55274261603375,196.7275284490474,420.5,170.0,375.61869831877357,296.24629003927333,-24.381301681226432,-3.753709960726667,-0.4876071500406826,0.07736433713132378,0.0,0.0,world_xy,1,0.14184063153057005,0.8875893098540681,1.5,0.07218906255988958,0.8971001835061257,0.25,-0.06965156897068048,0.009510873652057605,0.07029792157455911
36.602811336517334,2.72,clutter_moving,drone,tracking,1,1,403.9519376899696,196.4309143870314,419.5,170.0,375.57129856492827,296.386401820091,-24.42870143507173,-3.6135981799089905,-0.4881389333040962,0.07456353168809458,0.0,0.0,world_xy,1,0.13696456003016322,0.8883629532253814,1.5,0.06725394456958987,0.8974836527423943,0.25,-0.06971061546057335,0.009120699517012887,0.07030474427498877
36.67434048652649,2.73,clutter_moving,drone,tracking,1,1,403.19115384615384,196.4854487179487,418.80049504950495,169.86864686468644,375.555018899622,296.50134747305054,-24.444981100378016,-3.4986525269494564,-0.48855731209100145,0.07203876705608658,0.0,0.0,world_xy,1,0.13208317069712225,0.8891085885422624,1.5,0.06231679215259562,0.8978399731666051,0.25,-0.06976637854452664,0.008731384624342753,0.07031062972749139
36.74749422073364,2.74,clutter_moving,drone,tracking,1,1,402.7501920122888,196.5744367639529,418.49235165574044,169.9920995125231,375.54207063105946,296.6197017955269,-24.45792936894054,-3.3802982044730925,-0.4888880134992966,0.06960072542444298,0.0,0.0,world_xy,1,0.12719759757621224,0.8898289762128232,1.5,0.05737775465739032,0.8981691340000927,0.25,-0.06981984291882193,0.008340157787269487,0.07031620508194054
36.848499059677124,2.75,clutter_moving,drone,tracking,1,1,402.2597328244275,196.34185750636132,417.5,170.0,375.5268911390631,296.7967368580872,-24.473108860936918,-3.203263141912828,-0.48920380354498955,0.06655622100204045,0.0,0.0,world_xy,1,0.12230871744121927,0.8905249834670677,1.5,0.05243698148948237,0.8984711252857667,0.25,-0.0698717359517369,0.007946141818699015,0.07032212066421291
37.033504486083984,2.7600000000000002,clutter_moving,drone,tracking,1,1,401.784757592907,196.23423253474186,416.5,170.0,375.515714235661,296.91936745967786,-24.484285764339006,-3.080632540322142,-0.4894688550029743,0.06383725739446176,0.0,0.0,world_xy,1,0.11741667940576937,0.8911905456770881,1.5,0.04749462210688277,0.8987459378884137,0.25,-0.0699220572988866,0.007555392211325618,0.07032906972494192
37.229663372039795,2.77,clutter_moving,drone,tracking,1,1,401.20604674796743,196.40459857723576,415.77649695805314,169.37896253602307,375.4961980517205,297.0228292101759,-24.503801948279488,-2.977170789824072,-0.48980280618241284,0.06147564451557259,0.0,0.0,world_xy,1,0.11252199085573963,0.8918289182510327,1.5,0.04255082601558633,0.8989935634949737,0.25,-0.06997116484015331,0.0071646452439410035,0.07033701764049592
37.284138441085815,2.7800000000000002,clutter_moving,drone,tracking,1,1,400.5918920622911,196.22350419267386,415.4925835370823,169.50790546047267,375.47846806124954,297.1638926848639,-24.521531938750456,-2.8361073151360756,-0.4901481141083408,0.05886122049850449,0.0,0.0,world_xy,1,0.1076239627939155,0.8924436746961885,1.5,0.03760574276504725,0.8992139946147909,0.25,-0.07001822002886826,0.006770319918602441,0.0703447820937078
37.40819501876831,2.79,clutter_moving,drone,tracking,1,1,400.10776894942614,196.23029385798964,414.5,169.5,375.46878062438753,297.34829553408935,-24.531219375612466,-2.6517044659106546,-0.49041006448049046,0.05565629834934423,0.0,0.0,world_xy,1,0.1027224816528321,0.8930322869011735,1.5,0.032659521943657545,0.8994072245798406,0.25,-0.07006295970917456,0.006374937678667036,0.07035238555739462
37.5010027885437,2.8000000000000003,clutter_moving,drone,tracking,1,1,399.4429171439481,196.37444317169403,413.7690213038603,169.36969405734422,375.4569553805774,297.4571303587052,-24.543044619422574,-2.5428696412948284,-0.49065801982986906,0.05301690031144801,0.0,0.0,world_xy,1,0.0978183810080272,0.893588849884667,1.5,0.027712313174219308,0.8995732475449312,0.25,-0.07010606783380789,0.005984397660264151,0.07036102445583527
37.579684019088745,2.81,clutter_moving,drone,tracking,1,1,398.8431222498565,196.46502136343344,413.4925835370823,169.4920945395273,375.45142097158055,297.56907111857765,-24.548579028419454,-2.4309288814223464,-0.4908304782360551,0.05059782283579741,0.0,0.0,world_xy,1,0.09291180080972851,0.8941190188877816,1.5,0.02276426610942096,0.8997120584878806,0.25,-0.07014753470030755,0.005593039600099048,0.07037015501261261
37.70379972457886,2.82,clutter_moving,drone,tracking,1,1,398.38863636363635,196.2443813131313,412.4925835370823,169.4920945395273,375.40191426653826,297.7084420321573,-24.598085733461744,-2.2915579678427207,-0.49145265827430396,0.047976157922378755,0.0,0.0,world_xy,1,0.08800349602736796,0.8946249971161395,1.5,0.017815530427308688,0.8998236532096684,0.25,-0.07018796560005927,0.005198656093528875,0.07038022833334578
37.76009774208069,2.83,clutter_moving,drone,tracking,1,1,397.8113685276617,196.26478035194327,411.5,169.0,375.42513490784216,297.8675333473497,-24.574865092157836,-2.132466652650294,-0.491477212237173,0.045046404244223674,0.0,0.0,world_xy,1,0.08308896944462492,0.8951047586953633,1.5,0.012866255826759121,0.899908028334563,0.25,-0.07022271361786579,0.0048032696391996366,0.07038679497664069
37.94927501678467,2.84,clutter_moving,drone,tracking,1,1,397.17464878671774,196.42624521072796,410.76934523809524,168.86541005291002,375.41844207723034,297.9956023547551,-24.58155792276966,-2.0043976452449215,-0.4915618826571941,0.04231925600759479,0.0,0.0,world_xy,1,0.07817419732225318,0.8955552227378055,1.5,0.00791659202295231,0.8999651813102229,0.25,-0.07025760529930088,0.004409958572417327,0.070395872300887
38.07131004333496,2.85,clutter_moving,drone,tracking,1,1,396.66198697274393,196.21969265793967,410.49235165574044,168.9920995125231,375.41123918298706,298.11170281096355,-24.58876081701294,-1.8882971890364502,-0.49167921618287963,0.03981493428281861,0.0,0.0,world_xy,1,0.07325857849568124,0.8959784152978815,1.5,0.0029666887428402853,0.899995110407775,0.25,-0.07029188975284095,0.004016695109893553,0.07040655938640511
38.17589044570923,2.86,clutter_moving,drone,tracking,1,1,396.06078468656904,196.32033973505736,409.5,169.0,375.36378067641306,298.2613382357232,-24.636219323586943,-1.7386617642767987,-0.4922540598417522,0.03704199983431316,0.0,0.0,world_xy,1,0.06834178633385243,0.8963765646407097,1.5,-0.0019833042793797853,0.8999978147218667,0.25,-0.07032509061323222,0.0036212500811569903,0.07041826341162924
38.28816294670105,2.87,clutter_moving,drone,tracking,1,1,395.66450999048527,196.3895337773549,408.5,169.0,375.3549535666964,298.37328757128427,-24.645046433303605,-1.6267124287157344,-0.4926098376951281,0.034562736641314,0.0,0.0,world_xy,1,0.0634192457354349,0.8967469846390528,1.5,-0.006933237306797042,0.8999732941706925,0.25,-0.07035248304223195,0.003226309531639715,0.07042642219651289
38.393436908721924,2.88,clutter_moving,drone,tracking,1,1,394.8707509122335,196.56865757633955,408.4201807228916,168.9300535475234,375.37470685008225,298.52385452763485,-24.625293149917752,-1.4761454723651468,-0.492552651611903,0.03179083168460792,0.0,0.0,world_xy,1,0.05849314735848363,0.897092612005466,1.5,-0.01188296060431406,0.8999215494959971,0.25,-0.07037610796279768,0.002828937490531147,0.07043294299769595
38.5006377696991,2.89,clutter_moving,drone,tracking,1,1,394.35320634920635,196.32590476190475,407.49235165574044,168.9920995125231,375.33238210286123,298.6783848923592,-24.66761789713877,-1.3216151076408096,-0.4929924900938828,0.02884364044212247,0.0,0.0,world_xy,1,0.0535676208423646,0.897410520322312,1.5,-0.01683232444317914,0.8998425822630531,0.25,-0.07039994528554373,0.0024320619407410815,0.07044194220413824
38.57620453834534,2.9,clutter_moving,drone,tracking,1,1,393.90041309183346,196.4230695900858,406.5,169.0,375.3398633310574,298.77806177529567,-24.660136668942584,-1.2219382247043313,-0.4931081239006157,0.026420958670702755,0.0,0.0,world_xy,1,0.04863769594142577,0.8976989567267333,1.5,-0.021781179105513162,0.8997363948606134,0.25,-0.07041887504693893,0.0020374381338801317,0.07044834360739638
38.656503200531006,2.91,clutter_moving,drone,tracking,1,1,393.28915814716646,196.46371323993435,405.76934523809524,168.86541005291002,375.3656622284513,298.93542980612006,-24.6343377715487,-1.0645701938799448,-0.4928763712423128,0.02359970353449563,0.0,0.0,world_xy,1,0.04370661470241961,0.8979631663134403,1.5,-0.026729374888840564,0.8996029905008386,0.25,-0.07043598959126018,0.0016398241873982755,0.07045507542445532
38.73049283027649,2.92,clutter_moving,drone,tracking,1,1,392.90600885515494,196.54882985452244,405.4149229521492,168.4421735604217,375.3652976837089,299.06149910642324,-24.63470231629111,-0.9385008935767587,-0.49277609253824295,0.02094337641986738,0.0,0.0,world_xy,1,0.03877785098999648,0.8981991633487852,1.5,-0.03167676211061544,0.8994423732192005,0.25,-0.07045461310061192,0.0012432098704152628,0.07046558080324616
38.810354232788086,2.93,clutter_moving,drone,tracking,1,1,392.27407407407406,196.4145637162586,404.4925835370823,168.4920945395273,375.3290847441801,299.2236520358795,-24.67091525581992,-0.7763479641204754,-0.49312930945622846,0.01796434699426555,0.0,0.0,world_xy,1,0.033850090064614057,0.8984085971129839,1.5,-0.03662319111275218,0.8992545478743597,0.25,-0.07047328117736623,0.0008459507613757244,0.07047835832789236
38.88082957267761,2.94,clutter_moving,drone,tracking,1,1,391.8099536166479,196.49974927917762,403.50741646291766,168.4920945395273,375.32161510764075,299.33238210286123,-24.678384892359247,-0.6676178971387685,-0.4933704230712545,0.015427753015945952,0.0,0.0,world_xy,1,0.02891879697005177,0.8985882405829266,1.5,-0.04156851226615026,0.8990395201480182,0.25,-0.07048730923620203,0.00045127956509161127,0.0704887538307058
38.94568109512329,2.95,clutter_moving,drone,tracking,1,1,391.14121073961496,196.63836119554202,403.16864490603365,168.30662710187931,375.35558549730524,299.48162665360115,-24.644414502694758,-0.518373346398846,-0.4931052499117069,0.012644595667562984,0.0,0.0,world_xy,1,0.023985092739339228,0.8987425181130861,1.5,-0.04651257597522251,0.8987972965447489,0.25,-0.07049766871456173,5.477843166279417e-05,0.07049768999665641
39.00169897079468,2.96,clutter_moving,drone,tracking,1,1,390.47220135236665,196.46118206862008,402.4925835370823,168.50790546047267,375.30912985368184,299.63711706033064,-24.69087014631816,-0.3628829396693618,-0.49349693406976786,0.009681780386766323,0.0,0.0,world_xy,1,0.01905404024022216,0.8988689640697618,1.5,-0.05145523268241793,0.8985278843917969,0.25,-0.07050927292264009,-0.00034107967796492833,0.07051009788268675
39.06761717796326,2.97,clutter_moving,drone,tracking,1,1,390.10077227349785,196.5744961386325,401.5,168.5,375.30570876597034,299.7351415080574,-24.694291234029663,-0.26485849194261846,-0.49371082390572185,0.007270244585413648,0.0,0.0,world_xy,1,0.01411907089952448,0.8989657818736294,1.5,-0.05639633287274864,0.8982312918388594,0.25,-0.07051540377227311,-0.0007344900347699967,0.07051922890090252
39.127448081970215,2.98,clutter_moving,drone,tracking,1,1,389.32636380916176,196.70861053031743,400.75365109934194,168.36896164339592,375.30808337273163,299.8570044417984,-24.69191662726837,-0.14299555820161913,-0.4937809536575269,0.004844561203653952,0.0,0.0,world_xy,1,0.009181962660467263,0.8990384843194835,1.5,-0.06133572707831025,0.8979075278578386,0.25,-0.0705176897387775,-0.0011309564616449608,0.07052675824545336
39.18066763877869,2.99,clutter_moving,drone,tracking,1,1,388.9075794930147,196.90745306277262,400.4074975657254,168.43427458617333,375.3386192395304,300.01731207289293,-24.661380760469626,0.017312072892934793,-0.49347661751105293,0.0019896197398219955,0.0,0.0,world_xy,1,0.0042441531238919935,0.8990869299315201,1.5,-0.0662732658828053,0.8975566022425701,0.25,-0.0705174190066973,-0.0015303276889500061,0.0705340221893072
39.24984550476074,3.0,clutter_moving,drone,tracking,1,1,388.3561248194889,196.6359012996798,399.5,168.5,375.30316612682014,300.1840205433482,-24.696833873179855,0.18402054334819695,-0.49372965048495226,-0.0011288970939102687,0.0,0.0,world_xy,1,-0.000690613051218536,0.8991068261289182,1.5,-0.07120879992606068,0.8971785256085271,0.25,-0.07051818687484214,-0.0019283005203911685,0.07054454637328175
39.31803631782532,3.0100000000000002,clutter_moving,drone,tracking,1,1,387.87598795634176,196.82473968134488,398.50741646291766,168.4920945395273,375.31366472315113,300.2996924226241,-24.686335276848865,0.2996924226241049,-0.49372803076356603,-0.003804620341124775,0.0,0.0,world_xy,1,-0.005627909556068059,0.8990955371579792,1.5,-0.07614217990854853,0.8967733093924988,0.25,-0.07051427035248048,-0.0023222277654804113,0.0705524986456006
39.38638162612915,3.02,clutter_moving,drone,tracking,1,1,387.1346871639147,197.00664262668437,397.7683534136546,168.3538955823293,375.3174005661093,300.4103183635355,-24.682599433890687,0.41031836353550943,-0.4936862076164023,-0.006225581152396753,0.0,0.0,world_xy,1,-0.010565189863703719,0.8990574909545679,1.5,-0.08107325659590038,0.8963409658522449,0.25,-0.07050806673219666,-0.0027165251023230086,0.07056037827948096
39.441900968551636,3.0300000000000002,clutter_moving,drone,tracking,1,1,386.59904294169496,196.89850144818033,397.4851598173516,168.5,375.311465172605,300.5916951180367,-24.688534827395017,0.5916951180366823,-0.49373267652872627,-0.009310157816982044,0.0,0.0,world_xy,1,-0.015502051939867742,0.8989952351430439,1.5,-0.08600188082342244,0.8958815080661247,0.25,-0.0704998288835547,-0.0031137270769192593,0.07056855651719138
39.509958267211914,3.04,clutter_moving,drone,tracking,1,1,386.12758750470454,196.9540208254924,396.5,168.5,375.30973849000003,300.6968444887978,-24.69026150999997,0.696844488797808,-0.4937725810479265,-0.011854860394417807,0.0,0.0,world_xy,1,-0.020439378705155005,0.8989021335648741,1.5,-0.0909279035006075,0.895394949932701,0.25,-0.0704885247954525,-0.003507183632173172,0.07057572149733154
39.579981327056885,3.0500000000000003,clutter_moving,drone,tracking,1,1,385.6708844822159,197.04123386842932,395.50741646291766,168.4920945395273,375.32226793895353,300.8237707549096,-24.67773206104647,0.8237707549096172,-0.49365271414307804,-0.014396165481493802,0.0,0.0,world_xy,1,-0.02537710451563427,0.8987835849609299,1.5,-0.09585117561564559,0.8948813061703204,0.25,-0.07047407110001132,-0.003902278790609559,0.07058202658729126
39.647385358810425,3.06,clutter_moving,drone,tracking,1,1,385.00871542250854,197.26683087027914,395.3920233463035,168.42412451361866,375.3606399383192,300.98060208873625,-24.639360061680804,0.9806020887362479,-0.493176682042874,-0.017264897442770936,0.0,0.0,world_xy,1,-0.03031363165706505,0.898639623306115,1.5,-0.10077154823993043,0.8943405923166673,0.25,-0.07045791658286538,-0.0042990309894477274,0.07058894868636484
39.71190071105957,3.0700000000000003,clutter_moving,drone,tracking,1,1,384.39395645645646,197.10310310310308,394.4925835370823,168.4920945395273,375.3376754501152,301.1385858939566,-24.662324549884772,1.1385858939565878,-0.49321507696802586,-0.02029364868276939,0.0,0.0,world_xy,1,-0.03524539847749379,0.8984669743316873,1.5,-0.10568887253256537,0.8937728247282949,0.25,-0.07044347405507158,-0.004694149603392428,0.07059970309743924
39.78442072868347,3.08,clutter_moving,drone,tracking,1,1,383.9026996625422,197.28171478565176,393.5,168.5,375.34430458049565,301.2481369305018,-24.655695419504355,1.2481369305018006,-0.4931594342501595,-0.022861648142766033,0.0,0.0,world_xy,1,-0.04017754924717405,0.8982640378448596,1.5,-0.11060299974486532,0.893178020580129,0.25,-0.07042545049769126,-0.00508601726473068,0.07060886381623699
39.86452531814575,3.09,clutter_moving,drone,tracking,1,1,383.25521719942,197.50873211020743,392.73807157057655,168.8661365142478,375.33797309521725,301.3659342262686,-24.66202690478275,1.365934226268621,-0.4932040413651821,-0.025313018153199546,0.0,0.0,world_xy,1,-0.045109143589675646,0.898035421363432,1.5,-0.11551378122485703,0.89255619786495,0.25,-0.07040463763518139,-0.0054792234984819554,0.07061752537923936
39.92289710044861,3.1,clutter_moving,drone,tracking,1,1,382.7856511304787,197.65833017557154,392.3882765531062,168.90915163660654,375.38398669933497,301.5145257262863,-24.61601330066503,1.5145257262863083,-0.49271796492164727,-0.02805064115808919,0.0,0.0,world_xy,1,-0.050041184003327466,0.8977822911819,1.5,-0.1204210684217756,0.8919073753928477,0.25,-0.07037988441844814,-0.005874915789052304,0.07062466117640902
39.99459528923035,3.11,clutter_moving,drone,tracking,1,1,382.10165529441497,197.60967904978517,391.5,169.0,375.34855355381643,301.66272154816716,-24.65144644618357,1.6627215481671556,-0.4928889951227605,-0.030912725550978848,0.0,0.0,world_xy,1,-0.05496836365254394,0.8975017847703192,1.5,-0.12532471289055674,0.8912315727906521,0.25,-0.0703563492380128,-0.00627021197966704,0.07063519969796352
40.06373190879822,3.12,clutter_moving,drone,tracking,1,1,381.68809659270494,197.75181743473038,390.5,169.0,375.3696856160746,301.7662108770885,-24.630314383925395,1.766210877088497,-0.4927335060284216,-0.03333904614591395,0.0,0.0,world_xy,1,-0.059897253603771544,0.8971926575148094,1.5,-0.13022456629632978,0.8905288105013408,0.25,-0.07032731269255824,-0.00666384701346856,0.07064232277874062
40.135284423828125,3.13,clutter_moving,drone,tracking,1,1,380.8953347373795,197.96943008488097,390.12640163098877,168.78627251104314,375.4058580337748,301.9218753649592,-24.59414196622521,1.9218753649591918,-0.49226563934126705,-0.03614319978021239,0.0,0.0,world_xy,1,-0.06482458866405576,0.8968592670533502,1.5,-0.13512048041890248,0.8897991097834191,0.25,-0.07029589175484673,-0.007060157269931033,0.07064954506778715
40.19885492324829,3.14,clutter_moving,drone,tracking,1,1,380.45333836762944,197.8890566987603,389.49235165574044,168.9920995125231,375.40832632464253,302.0501822259602,-24.59167367535747,2.0501822259602136,-0.4920279481325024,-0.038816444386657926,0.0,0.0,world_xy,1,-0.06974724505746843,0.896497835055548,1.5,-0.14001230715724652,0.889042492710278,0.25,-0.07026506209977809,-0.007455342345270011,0.07065947269383524
40.26465177536011,3.15,clutter_moving,drone,tracking,1,1,379.9586886488535,197.9382856420946,388.5,169.0,375.38658076112773,302.2126220448086,-24.613419238872268,2.2126220448085974,-0.492160188287221,-0.04180624246689064,0.0,0.0,world_xy,1,-0.07466752453879345,0.8961096706116815,1.5,-0.14489989853397534,0.8882589821695267,0.25,-0.07023237399518188,-0.007850688442154752,0.07066979316521935
40.33148241043091,3.16,clutter_moving,drone,tracking,1,1,379.3255739998728,198.3061120651275,387.73807157057655,168.8661365142478,375.40388195404915,302.32245545848724,-24.596118045950845,2.3224554584872408,-0.49202938323470874,-0.044359819153460434,0.0,0.0,world_xy,1,-0.07958912642166566,0.8956916081870125,1.5,-0.14978310669982303,0.8874486018622991,0.25,-0.07019398027815738,-0.00824300632471342,0.07067631866869986
40.38527321815491,3.17,clutter_moving,drone,tracking,1,1,378.7793641728536,198.3482454470461,387.38002334500584,168.90812072703017,375.4479615048119,302.4620647419073,-24.55203849518813,2.462064741907284,-0.49148564590268834,-0.04704463078003732,0.0,0.0,world_xy,1,-0.08450942025401274,0.8952480099954779,1.5,-0.15466178393811458,0.8866113763025376,0.25,-0.07015236368410184,-0.008636633692940321,0.07068200316921219
40.43787884712219,3.18,clutter_moving,drone,tracking,1,1,378.2371685874425,198.34441715473267,386.5,169.0,375.4576508469831,302.5787309253815,-24.542349153016914,2.5787309253814783,-0.49113438133939585,-0.04953612403021306,0.0,0.0,world_xy,1,-0.08942427671303962,0.8947775636876776,1.5,-0.15953578266923615,0.8857473308162517,0.25,-0.07011150595619653,-0.009030232871425903,0.07069065265760363
40.49751615524292,3.19,clutter_moving,drone,tracking,1,1,377.81991325664717,198.3731849896285,385.50741646291766,169.4920945395273,375.4332498701359,302.7259663929307,-24.56675012986409,2.7259663929306726,-0.4912447230312331,-0.05227688613583327,0.0,0.0,world_xy,1,-0.09433562052643359,0.8942822024473754,1.5,-0.16440495545509703,0.8848564915407512,0.25,-0.07006933492866345,-0.009425710906624252,0.07070046480356738
40.54686689376831,3.2,clutter_moving,drone,tracking,1,1,377.1643254872184,198.70304986079472,385.1150107101664,169.28093590377327,375.49365891255604,302.88747781203284,-24.506341087443957,2.8874778120328415,-0.4906298773259384,-0.05528685469348624,0.0,0.0,world_xy,1,-0.09924806775674591,0.8937594335860171,1.5,-0.1692691550035923,0.8839388854238567,0.25,-0.07002108724684639,-0.00982054816216038,0.07070640583027668
40.59779715538025,3.21,clutter_moving,drone,tracking,1,1,376.5787037037037,198.56337587587583,384.5,169.5,375.49982479501017,303.0062022566403,-24.50017520498983,3.006202256640279,-0.4902853720515604,-0.05794730943511187,0.0,0.0,world_xy,1,-0.10415436653000529,0.8932065650390822,1.5,-0.17412823417305617,0.8829945402230828,0.25,-0.06997386764305089,-0.010212024815999476,0.07071511580821878
40.66291332244873,3.22,clutter_moving,drone,tracking,1,1,376.1643227701731,198.67491718232387,383.5,169.5,375.5009810791871,303.12136767110485,-24.499018920812887,3.1213676711048493,-0.4901176255521439,-0.06041133362795369,0.0,0.0,world_xy,1,-0.10905722025052089,0.8926270919447311,1.5,-0.17898204597671485,0.8820234845048001,0.25,-0.06992482572619396,-0.010603607439931051,0.07072423731351761
40.70912575721741,3.23,clutter_moving,drone,tracking,1,1,375.5091505742774,199.04897134923638,382.72326740633537,169.37063836629682,375.56347135895413,303.2763080334996,-24.436528641045868,3.2763080334996175,-0.4893547465499693,-0.06322448850107495,0.0,0.0,world_xy,1,-0.11395839650604234,0.8920229786084516,1.5,-0.18383044358713063,0.8810257476433698,0.25,-0.0698720470810883,-0.010997230965081761,0.07073218540523947
40.75803089141846,3.24,clutter_moving,drone,tracking,1,1,375.0329552614997,199.14480151228733,382.36859129872227,169.41468542778586,375.54212313184695,303.42459136887055,-24.45787686815305,3.4245913688705514,-0.48924628149716975,-0.06612152488305979,0.0,0.0,world_xy,1,-0.11885194397154203,0.8913907337234408,1.5,-0.18867328034064612,0.8800013598202562,0.25,-0.06982133636910409,-0.011389373903184619,0.07074416477897043
40.813329219818115,3.25,clutter_moving,drone,tracking,1,1,374.3873359954364,199.22906763009442,381.5,170.0,375.5550850423462,303.5365542101211,-24.444914957653793,3.5365542101210963,-0.4890548912079181,-0.06865678250870896,0.0,0.0,world_xy,1,-0.12374440678651373,0.8907295184746102,1.5,-0.19351040974181843,0.8789503520231126,0.25,-0.0697660029553047,-0.01177916645149768,0.07075340225495642
40.862040758132935,3.2600000000000002,clutter_moving,drone,tracking,1,1,373.9327292177962,199.3060852054622,380.5076483442595,169.9920995125231,375.60359003985684,303.6821951062948,-24.39640996014316,3.6821951062947846,-0.48843521060513795,-0.07139969829816167,0.0,0.0,world_xy,1,-0.1286349556985929,0.8900429506495231,1.5,-0.1983416854678526,0.8778727560448447,0.25,-0.0697067297692597,-0.012170194604678386,0.07076116033418574
40.90866994857788,3.27,clutter_moving,drone,tracking,1,1,373.38303423698613,199.75715922107673,380.0948012232416,169.7791369351002,375.6254165572383,303.7911698619743,-24.37458344276172,3.7911698619743106,-0.487916262642691,-0.07383273271589016,0.0,0.0,world_xy,1,-0.13351930780464427,0.8893289536665415,1.5,-0.20316696137302553,0.8767686044826488,0.25,-0.06964765356838126,-0.012560349183892705,0.07077116658076625
40.964590311050415,3.2800000000000002,clutter_moving,drone,tracking,1,1,372.7004084197298,199.55859252277725,379.5,170.0,375.60551214213126,303.9365385289274,-24.39448785786874,3.9365385289273718,-0.4879016846257671,-0.07652665354035167,0.0,0.0,world_xy,1,-0.13839847043107117,0.8885906263393826,1.5,-0.20798609149310968,0.8756379307370256,0.25,-0.0695876210620385,-0.012952695602357012,0.07078283215894363
41.00952696800232,3.29,clutter_moving,drone,tracking,1,1,372.3710679977397,199.7339109687951,378.5,170.0,375.6226130829333,304.07958142087983,-24.3773869170667,4.079581420879833,-0.48770701416932893,-0.07931238972283641,0.0,0.0,world_xy,1,-0.14327748727732884,0.887825359803979,1.5,-0.21279893004978595,0.8744807690107692,0.25,-0.06952144277245711,-0.01334459079320982,0.0707906004254961
41.05706214904785,3.3000000000000003,clutter_moving,drone,tracking,1,1,371.5814012416065,200.00088686177622,377.7304347826087,170.3500805152979,375.6826980875512,304.2285017303663,-24.317301912448784,4.228501730366304,-0.48695847741313464,-0.08220409440930575,0.0,0.0,world_xy,1,-0.14815455741902211,0.8870322359067506,1.5,-0.2176053314550556,0.873297154307934,0.25,-0.06945077403603347,-0.013735081598816645,0.07079592135660312
41.10523176193237,3.31,clutter_moving,drone,tracking,1,1,371.21875,200.2278409090909,377.36859129872227,170.39899725052564,375.70089241418754,304.3387671960451,-24.299107585812465,4.338767196045126,-0.48642149827984765,-0.08471828164068397,0.0,0.0,world_xy,1,-0.15302414219315347,0.8862101949626575,1.5,-0.22240515031564187,0.8720871224327743,0.25,-0.0693810081224884,-0.014123072529883207,0.07080385205465267
41.16190528869629,3.3200000000000003,clutter_moving,drone,tracking,1,1,370.6814353946707,200.10331825037707,376.5,170.5,375.72079328115603,304.4475046545153,-24.279206718843966,4.447504654515285,-0.48596094813321505,-0.08704577793797592,0.0,0.0,world_xy,1,-0.15788835717595195,0.8853630121462507,1.5,-0.22719824143739084,0.8708507099886622,0.25,-0.06930988426143889,-0.014512302157588475,0.07081290115683159
41.22116017341614,3.33,clutter_moving,drone,tracking,1,1,370.03917499842794,200.41595925297113,375.6927662316739,170.38778798131142,375.7372002497797,304.6210176771655,-24.262799750220324,4.621017677165526,-0.4855732239123704,-0.09000179452090995,0.0,0.0,world_xy,1,-0.1627479666572841,0.8844925543668709,1.5,-0.2319844598296612,0.8695879543769799,0.25,-0.0692364931723771,-0.01490459998989102,0.07082258882353341
41.279545307159424,3.34,clutter_moving,drone,tracking,1,1,369.6019473081329,200.7894234440626,375.38002334500584,170.90812072703017,375.7574033552151,304.73797228300504,-24.242596644784896,4.7379722830050355,-0.48517651385320054,-0.09261850264746486,0.0,0.0,world_xy,1,-0.1676036988964078,0.8835925364216618,1.5,-0.23676366070971167,0.8682988937959881,0.25,-0.06915996181330386,-0.015293642625673676,0.07083075478052928
41.33415961265564,3.35,clutter_moving,drone,tracking,1,1,368.89544825851874,200.70162202942285,374.5,171.0,375.78612740377594,304.85190697131515,-24.213872596224064,4.851906971315145,-0.48468202979240493,-0.09504930287582579,0.0,0.0,world_xy,1,-0.1724554640349398,0.8826663513951871,1.5,-0.24153569950708048,0.8669835672396711,0.25,-0.06908023547214068,-0.01568278415551605,0.07083804522821693
41.44682002067566,3.36,clutter_moving,drone,tracking,1,1,368.531572327044,200.8801886792453,373.50741646291766,171.4920945395273,375.843666129898,305.00987187565636,-24.156333870102003,5.0098718756563585,-0.4838265859777043,-0.09788077692634155,0.0,0.0,world_xy,1,-0.17730228433286385,0.8817158583664289,1.5,-0.2463004318679572,0.8656420144965572,0.25,-0.06899814753509334,-0.01607384386987165,0.07084569725839049
41.7012255191803,3.37,clutter_moving,drone,tracking,1,1,367.86778221461617,201.17214933130504,372.7151837524178,171.3533204384268,375.8214058496325,305.1763178016308,-24.178594150367474,5.176317801630773,-0.48368649934400915,-0.10098584543479219,0.0,0.0,world_xy,1,-0.1821405501926409,0.8807370505971654,1.5,-0.25105771365955176,0.8642742761485145,0.25,-0.06891716346691087,-0.016462774448650963,0.07085618083746872
41.809019327163696,3.38,clutter_moving,drone,tracking,1,1,367.4431825351757,201.3429238437756,372.3760103459424,171.40688651794375,375.86393057038964,305.28510730189856,-24.13606942961036,5.285107301898563,-0.4831556884305181,-0.10357981076654069,0.0,0.0,world_xy,1,-0.186977415186081,0.8797271921428176,1.5,-0.25580740097445237,0.8628803935695235,0.25,-0.06882998578837138,-0.016846798573294075,0.07086170733052195
41.925050020217896,3.39,clutter_moving,drone,tracking,1,1,366.94429808054196,201.33427424413497,371.50741646291766,171.4920945395273,375.9140943438095,305.4200798850776,-24.085905656190505,5.420079885077598,-0.48236502201182874,-0.10623179358079689,0.0,0.0,world_xy,1,-0.19180897207038616,0.8786913940351522,1.5,-0.2605493501349805,0.8614604089244261,0.25,-0.06874037806459432,-0.01723098511072607,0.0708671039647411
42.01832723617554,3.4,clutter_moving,drone,tracking,1,1,366.2708136383689,201.67725467952354,370.69092721834494,171.87470920571616,375.96774023971403,305.52647718511247,-24.032259760285967,5.526477185112469,-0.4814191172684686,-0.10859555614759575,0.0,0.0,world_xy,1,-0.19663262229050446,0.8776290760993442,1.5,-0.26528341769753494,0.8600143651676496,0.25,-0.06865079540703048,-0.017614710931694533,0.07087460582765251
42.14123034477234,3.41,clutter_moving,drone,tracking,1,1,365.8601904761905,201.99333333333334,370.36415125770446,171.90021655838746,375.98186501261563,305.64544785534065,-24.01813498738437,5.645447855340649,-0.4808380876320389,-0.11096792667516521,0.0,0.0,world_xy,1,-0.20144681346318916,0.8765431205378682,1.5,-0.2700094604569334,0.8585423060419071,0.25,-0.06856264699374426,-0.018000814495961137,0.07088628841536841
42.2349066734314,3.42,clutter_moving,drone,tracking,1,1,365.18116214859435,201.8942018072289,369.5,172.0,376.00654670214254,305.82089926714275,-23.993453297857457,5.8208992671427495,-0.48030512571084955,-0.1139654589423946,0.0,0.0,world_xy,1,-0.20625519433950953,0.8754334412711166,1.5,-0.2747273354507424,0.8570442760768754,0.25,-0.06847214111123287,-0.018389165194241164,0.07089848732446749
42.29711198806763,3.43,clutter_moving,drone,tracking,1,1,364.6232516929308,202.279412695399,368.69106905710487,171.88645418326692,376.0345902041102,305.946871827189,-23.965409795889798,5.946871827189,-0.47975681432467004,-0.11670004662315657,0.0,0.0,world_xy,1,-0.21105824559661804,0.8742937866816926,1.5,-0.2794368999636039,0.8555203205878461,0.25,-0.06837865436698584,-0.018773466093846447,0.07090897970085674
42.34829902648926,3.44,clutter_moving,drone,tracking,1,1,364.1793895551748,202.4969858493559,368.0221273905484,172.4776355302671,376.0594208480689,306.05758254840856,-23.940579151931104,6.057582548408561,-0.47923693711734366,-0.11914842901291463,0.0,0.0,world_xy,1,-0.21585581373986473,0.873126786215461,1.5,-0.2841380115315495,0.853970485674357,0.25,-0.06828219779168476,-0.019156300541104065,0.07091842063726365
42.40015006065369,3.45,clutter_moving,drone,tracking,1,1,363.6523720349563,202.38832709113606,367.4925835370823,172.50790546047267,376.1518367394591,306.2180854479332,-23.8481632605409,6.21808544793322,-0.47798641756875454,-0.12201573298307701,0.0,0.0,world_xy,1,-0.22064818311103818,0.8719353019253319,1.5,-0.2888305279463135,0.8523948182187958,0.25,-0.0681823448352753,-0.01954048370653605,0.07092716440632456
42.443039417266846,3.46,clutter_moving,drone,tracking,1,1,363.21885143570535,202.61928838951312,366.5076483442595,172.9920995125231,376.1617847033762,306.3312148005486,-23.838215296623787,6.331214800548594,-0.4773142561688012,-0.12455044264841919,0.0,0.0,world_xy,1,-0.22542804728672572,0.8707151445955011,1.5,-0.2935143072596317,0.850793365884983,0.25,-0.06808625997290596,-0.019921778710518145,0.07094093362854051
42.48966646194458,3.47,clutter_moving,drone,tracking,1,1,362.558864706631,203.19816723940434,366.00765347663247,172.99234652336753,376.16676593558026,306.4749842337608,-23.83323406441974,6.474984233760779,-0.47695698998457775,-0.1272725257631572,0.0,0.0,world_xy,1,-0.23020118984841373,0.869469640169017,1.5,-0.29818920778753766,0.8491661771167294,0.25,-0.06798801793912393,-0.020303463052287585,0.07095492368543739
42.538896799087524,3.48,clutter_moving,drone,tracking,1,1,362.1225060363451,203.29794128860084,365.34831086703275,172.89332667665167,376.2247278881788,306.61249525810496,-23.77527211182121,6.612495258104957,-0.4761586387230933,-0.13001008443257528,0.0,0.0,world_xy,1,-0.2349707597482595,0.8681969149113854,1.5,-0.3028550881146461,0.8475133011363716,0.25,-0.06788432836638661,-0.02068361377501382,0.0709654417061526
42.5819730758667,3.49,clutter_moving,drone,tracking,1,1,361.66378174976484,203.2104735026654,364.5,173.0,376.2552892219518,306.7215286653943,-23.744710778048216,6.721528665394317,-0.47546320598392233,-0.13244135331399634,0.0,0.0,world_xy,1,-0.23973234613549044,0.8668968140670597,1.5,-0.30751180709843356,0.8458347879432814,0.25,-0.06777946096294313,-0.021062026123778277,0.07097650507643956
42.639822244644165,3.5,clutter_moving,drone,tracking,1,1,360.9749842470069,203.57914303717703,363.6927662316739,173.37618817464153,376.29664524339057,306.83639505221555,-23.70335475660943,6.8363950522155505,-0.47469534501546873,-0.13479895456566943,0.0,0.0,world_xy,1,-0.24448697819532966,0.8655724005339197,1.5,-0.3121592238735057,0.8441306883123553,0.25,-0.06767224567817604,-0.021441712221564435,0.07098788529122275
42.69684433937073,3.5100000000000002,clutter_moving,drone,tracking,1,1,360.5202592173147,203.8731596828992,363.35320730328,173.40749717240263,376.3531380313278,306.9848968006448,-23.646861968672226,6.984896800644776,-0.4737283869123554,-0.13749339436164376,0.0,0.0,world_xy,1,-0.24923393164548435,0.864224410988263,1.5,-0.3167971978558593,0.8424010537924769,0.25,-0.06756326621037495,-0.021823357195786097,0.07100037929693659
42.741562366485596,3.52,clutter_moving,drone,tracking,1,1,359.95570655593303,204.04498552913049,362.5,174.0,376.38909326606404,307.1087987293579,-23.610906733935963,7.108798729357886,-0.47289774818385555,-0.14006881348567646,0.0,0.0,world_xy,1,-0.2539712155146079,0.8628494770446465,1.5,-0.32142558874713506,0.8406459367049589,0.25,-0.06745437323252718,-0.022203540339687633,0.07101471447389769
42.804760456085205,3.5300000000000002,clutter_moving,drone,tracking,1,1,359.4088229701464,204.25816061355135,361.69092721834494,173.87470920571616,376.3788029997957,307.24936239750207,-23.62119700020429,7.249362397502068,-0.4726371536849822,-0.14277395244107716,0.0,0.0,world_xy,1,-0.2587001929964464,0.8614487889097898,1.5,-0.3260442565388617,0.8388653901419589,0.25,-0.06734406354241529,-0.022583398767830887,0.07102980215593828
42.86684846878052,3.54,clutter_moving,drone,tracking,1,1,358.97226959762486,204.4962415513865,361.35320730328,174.3918242042333,376.44977776222305,307.3985405802681,-23.55022223777695,7.398540580268104,-0.47173916377378844,-0.14563222498143386,0.0,0.0,world_xy,1,-0.26342656453329627,0.860021049385379,1.5,-0.33065306151669066,0.837059467964875,0.25,-0.06722649698339439,-0.022961581420504085,0.07103967988377181
42.94099497795105,3.5500000000000003,clutter_moving,drone,tracking,1,1,358.49517906336087,204.61382419233658,360.50741646291766,174.4920945395273,376.47417051658965,307.5060023799524,-23.525829483410348,7.506002379952406,-0.47106674801571863,-0.1481005274211217,0.0,0.0,world_xy,1,-0.26814395617103415,0.8585647271355648,1.5,-0.33525186426462267,0.8352282248027153,0.25,-0.06710790809358852,-0.02333650233284945,0.07104972673999958
43.04978585243225,3.56,clutter_moving,drone,tracking,1,1,357.79390512095506,204.91486019478478,359.69092721834494,174.87470920571616,376.5174664846512,307.61442472610173,-23.48253351534879,7.614424726101731,-0.47028790527591013,-0.1504039093266238,0.0,0.0,world_xy,1,-0.27285462365119134,0.8570837218613535,1.5,-0.3398405256692252,0.8333717160504457,0.25,-0.06698590201803384,-0.02371200581090782,0.07105892124671015
43.134506940841675,3.5700000000000003,clutter_moving,drone,tracking,1,1,357.3881461675579,205.33403361344537,359.0,174.98468556533072,376.5907846741953,307.7553473985234,-23.409215325804723,7.755347398523384,-0.4691309259580115,-0.15299058058073794,0.0,0.0,world_xy,1,-0.27755750270395046,0.8555796827680873,1.5,-0.344418906923841,0.8314899978673145,0.25,-0.06686140421989051,-0.02408968490077279,0.07106870121842745
43.2264347076416,3.58,clutter_moving,drone,tracking,1,1,356.8973539001756,205.1755706044645,358.5,175.0,376.5875551818373,307.89794571742226,-23.412444818162726,7.89794571742226,-0.46864580968089514,-0.15572316415297693,0.0,0.0,world_xy,1,-0.2822488119635306,0.8540497769622799,1.5,-0.348986869532786,0.8295831271751531,0.25,-0.06673805756925544,-0.02446664978712676,0.07108153965639154
43.3355393409729,3.59,clutter_moving,drone,tracking,1,1,356.2741833774751,205.619687224114,357.67747137558456,175.38042251249797,376.6201464816372,308.01526142416594,-23.37985351836278,8.015261424165942,-0.4680690030583934,-0.15824329953466498,0.0,0.0,world_xy,1,-0.28693527006033953,0.8524925453207501,1.5,-0.35354427531553956,0.8276511616566548,0.25,-0.06660900525520003,-0.024841383664095384,0.07109046295695401
