t_wall,t_sim,scenario_name,control_source,control_mode,external_found,drone_found,ext_red_u,ext_red_v,ext_blue_u,ext_blue_v,drone_red_u,drone_red_v,ex_px,ev_px,cmd_vx,cmd_vy,cmd_vz,cmd_yaw_rate,cmd_frame,cmd_valid,uav_x,uav_y,uav_z,platform_x,platform_y,platform_z,world_ex,world_ey,world_sep
0.8870961666107178,0.0,clutter,drone,tracking,1,1,520.6651549508692,299.49107142857144,399.5,299.5,729.4327326352246,299.4975850312525,329.4327326352246,-0.5024149687474733,1.5,0.010048299374949466,0.0,0.0,world_xy,1,0.0,0.0,1.5,1.0,0.0,0.25,1.0,0.0,1.0
0.9501237869262695,0.01,clutter,drone,tracking,1,1,520.6040781648259,298.8296988577362,402.0,299.5,726.5171284998294,297.4998031960954,326.51712849982937,-2.5001968039046005,1.5,0.03202389956167787,0.0,0.0,world_xy,1,0.015,0.00010048299374949466,1.5,0.999982000054,0.0059999640000648,0.25,0.9849820000539999,0.005899481006315305,0.9849996671606147
1.0293235778808594,0.02,clutter,drone,tracking,1,1,520.6337209302326,298.02595008508223,404.0,299.0,723.4298260719821,295.5750148288464,323.4298260719821,-4.424985171153594,1.5,0.06308559168544457,0.0,0.0,world_xy,1,0.03,0.00042072198936627335,1.5,0.9999280008639958,0.011999712002073594,0.25,0.9699280008639958,0.01157899001270732,0.9699971133306231
1.0987820625305176,0.03,clutter,drone,tracking,1,1,520.606180890275,297.2776675172479,406.00765347663247,299.00765347663247,720.2903358285575,293.6935603302905,320.29033582855755,-6.306439669709505,1.5,0.09775935262525462,0.0,0.0,world_xy,1,0.045,0.001051577906220719,1.5,0.9998380043739528,0.017999028015746276,0.25,0.9548380043739527,0.016947450109525558,0.9549883929462428
1.161545991897583,0.04,clutter,drone,tracking,1,1,520.6219541045658,296.6026496333097,408.0,299.0,717.023166046636,291.9870219077491,317.023166046636,-8.012978092250876,1.5,0.13213446769612422,0.0,0.0,world_xy,1,0.06,0.0020291714324732653,1.5,0.9997120138237345,0.02399769606635429,0.25,0.9397120138237345,0.021968524633881024,0.9399687680977746
1.222029209136963,0.05,clutter,drone,tracking,1,1,520.5803064699205,295.9162883087401,410.5,299.0,713.4802234623547,290.3772686079511,313.48022346235473,-9.622731392048877,1.5,0.16531055577579357,0.0,0.0,world_xy,1,0.075,0.0033505161094345075,1.5,0.9995500337489875,0.02999550020249566,0.25,0.9245500337489876,0.026644984093061153,0.9249339003856295
1.3336150646209717,0.06,clutter,drone,tracking,1,1,520.544255319149,295.0981560283688,412.9923465233675,298.9923465233675,709.6591338425616,288.8854118999847,309.6591338425616,-11.114588100015283,1.5,0.19665021919927522,0.0,0.0,world_xy,1,0.09,0.005003621667192443,1.5,0.9993520699809768,0.03599222450386925,0.25,0.9093520699809768,0.030988602836676805,0.9098799265202286
1.5071539878845215,0.07,clutter,drone,tracking,1,1,520.5350155939892,294.37690199414044,415.0,298.5,705.5027001003474,287.4976827280584,305.5027001003474,-12.502317271941592,1.5,0.22601808863103137,0.0,0.0,world_xy,1,0.105,0.006970123859185195,1.5,0.9991181296463766,0.04198765308904786,0.25,0.8941181296463766,0.03501752922986266,0.8948035857749448
1.6582603454589844,0.08,clutter,drone,tracking,1,1,520.4909322754321,293.73453291772927,417.0,298.0,700.7900918214818,286.2574695130749,300.79009182148184,-13.74253048692509,1.5,0.2528759752401401,0.0,0.0,world_xy,1,0.12,0.009230304745495509,1.5,0.9988482211670138,0.047981570123249925,0.25,0.8788482211670138,0.03875126537775442,0.8797021407367391
1.8309118747711182,0.09,clutter,drone,tracking,1,1,520.4650964812713,292.9809875141884,419.0,298.0,695.1170123903662,285.03254211332313,295.1170123903662,-14.967457886676868,1.5,0.2784362256115086,0.0,0.0,world_xy,1,0.135,0.01175906449789691,1.5,0.9985423542595644,0.05397375982610955,0.25,0.8635423542595644,0.04221469532821264,0.8645735816584987
2.0057785511016846,0.1,clutter,drone,tracking,1,1,520.4412014735052,292.17294795503915,421.00765347663247,297.00765347663247,689.9247328669381,283.93533697632057,289.92473286693814,-16.06466302367943,1.5,0.3020075947856526,0.0,0.0,world_xy,1,0.15000000000000002,0.014543426754011997,1.5,0.9982005399352042,0.059964006479444595,0.25,0.8482005399352042,0.0454205797254326,0.8494157904165464
2.1049649715423584,0.11,clutter,drone,tracking,1,1,520.3348450491308,291.50892857142856,424.0,297.0,684.6384240737519,282.9394503391894,284.63842407375193,-17.06054966081058,1.5,0.32356946392246,0.0,0.0,world_xy,1,0.16500000000000004,0.017563502701868523,1.5,0.9978227904992117,0.06595209443502249,0.25,0.8328227904992117,0.04838859173315397,0.8342273408279135
2.212526321411133,0.12,clutter,drone,tracking,1,1,520.343820861678,290.8158068783069,426.0,296.5,679.427963765719,281.9853414808238,279.427963765719,-18.01465851917618,1.5,0.343767502476045,0.0,0.0,world_xy,1,0.18000000000000005,0.020799197341093124,1.5,0.9974091195505261,0.07193780812232353,0.25,0.8174091195505261,0.05113861078123041,0.8190072198930852
2.2981255054473877,0.13,clutter,drone,tracking,1,1,520.3090366581415,290.0326797385621,428.0,296.0,674.0883834865792,281.1143946781833,274.08838348657923,-18.885605321816683,1.5,0.3624370346542038,0.0,0.0,world_xy,1,0.19500000000000006,0.024236872365853576,1.5,0.9969595419812568,0.07792093205630146,0.25,0.8019595419812567,0.053684059690447886,0.8037543687219589
2.3788764476776123,0.14,clutter,drone,tracking,1,1,520.1756475704292,289.35663641520136,430.00765347663247,295.00765347663247,668.8287075730138,280.27537493615637,268.82870757301384,-19.724625063843632,1.5,0.38006754129667164,0.0,0.0,world_xy,1,0.21000000000000008,0.027861242712395616,1.5,0.9964740739761475,0.08390125084514082,0.25,0.7864740739761474,0.0560400081327452,0.7884681043315301
2.4500410556793213,0.15,clutter,drone,tracking,1,1,520.0834990059642,288.60707185458676,432.0,295.0,663.4771792906417,279.54763314983853,263.47717929064174,-20.452366850161468,1.5,0.39600642893527843,0.0,0.0,world_xy,1,0.2250000000000001,0.031661918125362336,1.5,0.9959527330119943,0.08987854919801104,0.25,0.7709527330119942,0.058216631072648704,0.7731476525684547
2.565220355987549,0.16,clutter,drone,tracking,1,1,520.0796678529063,287.92289442467376,434.5839288550103,294.044624424329,658.1773822791864,278.826071561252,258.1773822791864,-21.17392843874802,1.5,0.4111161058471035,0.0,0.0,world_xy,1,0.2400000000000001,0.03562198241471512,1.5,0.9953955378570153,0.09585261193281704,0.25,0.7553955378570152,0.060230629518101916,0.7577929449041052
2.6968815326690674,0.17,clutter,drone,tracking,1,1,520.0227401932916,287.15610195186656,436.9923465233675,293.9923465233675,652.8384279983046,278.22141326877187,252.8384279983046,-21.77858673122813,1.5,0.42456670167470606,0.0,0.0,world_xy,1,0.2550000000000001,0.039733143473186155,1.5,0.994802508570176,0.10182322398394551,0.25,0.7398025085701759,0.06209008051075936,0.7424034817971679
2.935755491256714,0.18,clutter,drone,tracking,1,1,519.9481975588986,286.4212319046267,439.0,293.0,647.4818370855695,277.6222206733115,247.4818370855695,-22.377779326688483,1.5,0.437210588347191,0.0,0.0,world_xy,1,0.27000000000000013,0.04397881048993322,1.5,0.9941736665004669,0.10779017041000746,0.25,0.7241736665004668,0.06381135992007425,0.7269796344517352
2.987978458404541,0.19,clutter,drone,tracking,1,1,519.8689902710871,285.7027486540096,441.00765347663247,292.00765347663247,642.1357320589739,277.1045649039579,242.13573205897387,-22.895435096042092,1.5,0.448594550812699,0.0,0.0,world_xy,1,0.28500000000000014,0.04835091637340513,1.5,0.9935090342861344,0.11375323640157596,0.25,0.7085090342861342,0.06540232002817084,0.7115212682205204
3.0820493698120117,0.2,clutter,drone,tracking,1,1,519.7237514188422,285.0177355278093,443.0,292.0,636.7766749812486,276.59092838412204,236.77667498124856,-23.409071615877963,1.5,0.45936733564037213,0.0,0.0,world_xy,1,0.30000000000000016,0.05283686188153212,1.5,0.9928086358538663,0.11971220728891936,0.25,0.6928086358538661,0.06687534540738724,0.6960288196167255
3.1534905433654785,0.21,clutter,drone,tracking,1,1,519.6591489361703,284.22208037825055,445.49234170219484,291.00742144323385,631.433093717649,276.16016447406685,231.43309371764894,-23.839835525933154,1.5,0.4689534918234321,0.0,0.0,world_xy,1,0.31500000000000017,0.057430535237935836,1.5,0.9920724964179307,0.12566686854972925,0.25,0.6770724964179305,0.0682363333117934,0.6805022869832597
3.238154411315918,0.22,clutter,drone,tracking,1,1,519.6311785275493,283.5459313864474,447.9923465233675,290.00765347663247,626.043404413732,275.6832443374167,226.043404413732,-24.31675566258332,1.5,0.47851338360896095,0.0,0.0,world_xy,1,0.3300000000000002,0.06212007015617016,1.5,0.9913006424792677,0.13161700581684335,0.25,0.6613006424792676,0.06949693566067319,0.6649423763076886
3.316014051437378,0.23,clutter,drone,tracking,1,1,519.4988649262202,282.88308740068106,449.9923465233675,289.9923465233675,620.6089177458954,275.30758310934243,220.60891774589538,-24.69241689065757,1.5,0.4869476084212657,0.0,0.0,world_xy,1,0.3450000000000002,0.06690520399225977,1.5,0.9904931018245359,0.1375624048859627,0.25,0.6454931018245357,0.07065720089370292,0.6493487387692329
3.38687801361084,0.24,clutter,drone,tracking,1,1,519.397330303891,282.07057654075544,452.0,289.0,615.1908393837847,274.8823303546495,215.1908393837847,-25.117669645350475,1.5,0.49542078988842475,0.0,0.0,world_xy,1,0.3600000000000002,0.07177468007647243,1.5,0.9896499035251115,0.14350285172336283,0.25,0.6296499035251113,0.0717281716468904,0.6337222827208996
3.4541728496551514,0.25,clutter,drone,tracking,1,1,519.2378994138778,281.41406693136696,453.9853228962818,288.03049575994777,609.7610689022792,274.5818938666201,209.76106890227925,-25.418106133379922,1.5,0.5025385229169703,0.0,0.0,world_xy,1,0.3750000000000002,0.07672888797535668,1.5,0.9887710779360422,0.14943813247359922,0.25,0.613771077936042,0.07270924449824254,0.6180627559934964
3.51279354095459,0.26,clutter,drone,tracking,1,1,519.1490307328605,280.6408510638298,455.95882352941175,287.93905228758166,604.343125105452,274.29383461621256,204.34312510545203,-25.706165383787436,1.5,0.5089101545342984,0.0,0.0,world_xy,1,0.39000000000000024,0.08175427320452638,1.5,0.9878566566949545,0.15536803346720587,0.25,0.5978566566949542,0.07361376026267949,0.6023716192305872
3.571558952331543,0.27,clutter,drone,tracking,1,1,519.0548991696322,279.9488018979834,458.00765347663247,287.00765347663247,598.8760258425004,273.97588615330886,198.87602584250044,-26.024113846691137,1.5,0.5152748218540368,0.0,0.0,world_xy,1,0.40500000000000025,0.08684337474986936,1.5,0.986906672720914,0.16129234122838743,0.25,0.5819066727209138,0.07444896647851806,0.5866498311316932
3.6544017791748047,0.28,clutter,drone,tracking,1,1,518.9636260301222,279.298238135834,460.5,286.0,593.4154019897195,273.67071246863776,193.4154019897195,-26.32928753136224,1.5,0.5214958326793012,0.0,0.0,world_xy,1,0.42000000000000026,0.09199612296840973,1.5,0.9859211602132415,0.16721084248270432,0.25,0.5659211602132412,0.07521471951429459,0.5708975508869477
3.756410837173462,0.29,clutter,drone,tracking,1,1,518.8408468008695,278.50127587184573,462.89130434782606,285.1839591567852,587.8999912640867,273.50133659474096,187.89999126408668,-26.498663405259038,1.5,0.526158422163535,0.0,0.0,world_xy,1,0.4350000000000003,0.09721108129520274,1.5,0.9849001546502806,0.17312332416475054,0.25,0.5499001546502803,0.0759122428695478,0.5551151670616534
3.947429656982422,0.3,clutter,drone,tracking,1,1,518.6459574468086,277.8855319148936,465.0,284.5,582.4298889121777,273.2797282191015,182.42988891217772,-26.720271780898486,1.5,0.5306942795634741,0.0,0.0,world_xy,1,0.4500000000000003,0.10247266551683809,1.5,0.9838436927881214,0.17902957342582418,0.25,0.5338436927881212,0.07655690790898609,0.5393051533948502
4.065707683563232,0.31,clutter,drone,tracking,1,1,518.551914893617,277.0802836879433,466.8732440918856,283.76169228226735,576.9345715467184,273.02955753964784,176.93457154671842,-26.97044246035216,1.5,0.5354872928674371,0.0,0.0,world_xy,1,0.4650000000000003,0.10777960831247284,1.5,0.9827518126592768,0.18492937764158965,0.25,0.5177518126592765,0.07714976932911681,0.523468266869638
4.256795167922974,0.32,clutter,drone,tracking,1,1,518.5397366676139,276.33641185942975,469.00765347663247,282.9923465233675,571.4359454259227,272.86476007229896,171.43594542592268,-27.135239927701036,1.5,0.539456920995058,0.0,0.0,world_xy,1,0.4800000000000003,0.11313448124114721,1.5,0.9816245535713135,0.19082252441973235,0.25,0.5016245535713132,0.07768804317858514,0.5076047919381149
4.389069557189941,0.33,clutter,drone,tracking,1,1,519.0134650779812,275.6252542865446,471.08154993514916,282.1032749675745,565.8485892302401,272.6806432247498,165.84858923024012,-27.319356775250185,1.5,0.5432685389755282,0.0,0.0,world_xy,1,0.49500000000000033,0.1185290504510978,1.5,0.9804619561054371,0.19670880160760476,0.25,0.48546195610543674,0.07817975115650697,0.4917167724580994
4.55368447303772,0.34,clutter,drone,tracking,1,1,519.451512455516,274.8663009094504,473.89332667665167,281.34831086703275,560.3837278416838,272.5242823677494,160.38372784168382,-27.47571763225062,1.5,0.5467037364937446,0.0,0.0,world_xy,1,0.5100000000000003,0.12396173584085307,1.5,0.9792640621150305,0.20258799729986385,0.25,0.46926406211503013,0.07862626145901078,0.47580547389003375
4.7250893115997314,0.35000000000000003,clutter,drone,tracking,1,1,519.8552936435982,274.086380578221,475.40688651794375,280.62398965405754,554.7912373087936,272.41188614216486,154.7912373087936,-27.58811385783514,1.5,0.5494859338583716,0.0,0.0,world_xy,1,0.5250000000000004,0.12942877320579052,1.5,0.9780309147241483,0.20845989984609958,0.25,0.4530309147241479,0.07903112664030906,0.4598727309526351
5.069446325302124,0.36,clutter,drone,tracking,1,1,520.3138133498146,273.1625463535229,477.9923465233675,279.9923465233675,549.2340602901997,272.2732530008103,149.23406029019975,-27.726746999189686,1.5,0.5522628872273537,0.0,0.0,world_xy,1,0.5400000000000004,0.13492363254437423,1.5,0.9767625583259631,0.2143242978584545,0.25,0.4367625583259628,0.07940066531408027,0.443921161928285
5.398684501647949,0.37,clutter,drone,tracking,1,1,520.7719688542826,272.34684040468244,479.82689131152955,279.0921704658077,543.6412656205354,272.1708331146604,143.64126562053536,-27.82916688533959,1.5,0.5546391349910447,0.0,0.0,world_xy,1,0.5550000000000004,0.14044626141664776,1.5,0.9754590385811684,0.22018098021923352,0.25,0.42045903858116807,0.07973471880258576,0.42795260077154296
5.635663986206055,0.38,clutter,drone,tracking,1,1,521.4184070602422,271.3338266732445,481.8872403560831,278.1994724695021,538.038477682944,272.04278018749125,138.03847768294395,-27.957219812508754,1.5,0.5571170286835664,0.0,0.0,world_xy,1,0.5700000000000004,0.1459926527665582,1.5,0.9741204024163344,0.22602973608850413,0.25,0.40412040241633396,0.08003708332194592,0.4119699435102321
5.72321629524231,0.39,clutter,drone,tracking,1,1,521.6049672763886,270.4492364490686,484.0079004874769,277.5076483442595,532.4702812510945,271.96937059997896,132.47028125109455,-28.03062940002104,1.5,0.5590395863078363,0.0,0.0,world_xy,1,0.5850000000000004,0.15156382305339386,1.5,0.9727466980222181,0.23187035491168678,0.25,0.38774669802221773,0.08030653185829292,0.3959755559201097
5.9532458782196045,0.4,clutter,drone,tracking,1,1,521.8568563406108,269.6008251676122,487.0,276.5,526.796336162889,271.8344389020157,126.79633616288902,-28.165561097984323,1.5,0.5613889859163539,0.0,0.0,world_xy,1,0.6000000000000004,0.15715421891647222,1.5,0.9713379748520296,0.23770262642713458,0.25,0.37133797485202913,0.08054840751066236,0.37997360108264094
6.338319778442383,0.41000000000000003,clutter,drone,tracking,1,1,522.3014657883805,268.6998991157795,488.87646379680024,275.7928418274781,521.2133527019853,271.780206637847,121.21335270198529,-28.219793362152984,1.5,0.5630427706460421,0.0,0.0,world_xy,1,0.6150000000000004,0.16276810877563574,1.5,0.9698942836196508,0.24352634067370285,0.25,0.35489428361965036,0.0807582318980671,0.363966817945272
6.682372808456421,0.42,clutter,drone,tracking,1,1,522.6172524737449,267.8907302859224,490.87311827956984,274.74607113316785,515.5783114253875,271.7388491181395,115.57831142538748,-28.261150881860488,1.5,0.5642419064911843,0.0,0.0,world_xy,1,0.6300000000000004,0.16839853648209616,1.5,0.9684156762978101,0.24934128799830768,0.25,0.33841567629780966,0.08094275151621153,0.34796105958442974
6.921445846557617,0.43,clutter,drone,tracking,1,1,522.8620732696747,267.0149784684516,492.9159159159159,274.388054721388,509.86058547913706,271.68555440801487,109.86058547913706,-28.314445591985134,1.5,0.5653677594328694,0.0,0.0,world_xy,1,0.6450000000000005,0.174040955547008,1.5,0.9669022061162115,0.2551472590634734,0.25,0.321902206116211,0.08110630351646542,0.3319627430489581
7.1624436378479,0.44,clutter,drone,tracking,1,1,522.8349420849421,266.06885456885453,495.0,273.5,504.22881034492815,271.64659885977045,104.22881034492815,-28.35340114022955,1.5,0.5663029042873163,0.0,0.0,world_xy,1,0.6600000000000005,0.17969463314133668,1.5,0.965353927559618,0.2609440448548687,0.25,0.30535392755961754,0.08124941171353203,0.3159786194980274
7.530299186706543,0.45,clutter,drone,tracking,1,1,522.9735986733001,265.11004975124376,497.50790546047267,272.50741646291766,498.540749553837,271.5690240403121,98.54074955383697,-28.430975959687885,1.5,0.5675770424858592,0.0,0.0,world_xy,1,0.6750000000000005,0.18535766218420985,1.5,0.9637708963658905,0.26673143668883115,0.25,0.28877089636589004,0.0813737745046213,0.3000172024486072
7.845979690551758,0.46,clutter,drone,tracking,1,1,522.9156083572307,264.40809777413625,500.0,271.5,492.86908432609204,271.54700420462507,92.86908432609204,-28.45299579537493,1.5,0.5683926228677608,0.0,0.0,world_xy,1,0.6900000000000005,0.19103343260906844,1.5,0.9621531695239809,0.2725092262198798,0.25,0.2721531695239804,0.08147579361081134,0.2840874031463907
7.954386234283447,0.47000000000000003,clutter,drone,tracking,1,1,523.1939510664098,263.32926742278335,502.0079004874769,270.5076483442595,487.1283663840422,271.5237544671011,87.12836638404218,-28.476245532898872,1.5,0.56901538115238,0.0,0.0,world_xy,1,0.7050000000000005,0.19671735883774605,1.5,0.960500805271881,0.27827720544821544,0.25,0.25550080527188046,0.08155984661046939,0.268202666045106
8.061655759811401,0.48,clutter,drone,tracking,1,1,521.7478632478633,262.5447293447293,504.0,270.0,481.44153776160147,271.50353468187865,81.44153776160147,-28.496465318121352,1.5,0.5695180400179058,0.0,0.0,world_xy,1,0.7200000000000005,0.20240751264926984,1.5,0.9588138630945251,0.2840351667272088,0.25,0.23881386309452457,0.08162765407793895,0.25237895141314376
8.140260457992554,0.49,clutter,drone,tracking,1,1,520.2424894242489,261.792069979207,506.0079004874769,269.49235165574044,475.6476672150082,271.4812047180708,75.6476672150082,-28.518795281929215,1.5,0.569989866109279,0.0,0.0,world_xy,1,0.7350000000000005,0.2081026930494489,1.5,0.9570924037216496,0.2897829027708758,0.25,0.22209240372164907,0.08168020972142692,0.23663620274800778
8.20772910118103,0.5,clutter,drone,tracking,1,1,518.6643336868151,261.17207493814067,508.99209951252305,268.49235165574044,469.94421277639555,271.47946525563304,69.94421277639555,-28.520534744366955,1.4925585298464443,0.5702213219372121,0.0,0.0,world_xy,1,0.7500000000000006,0.2138025917105417,1.5,0.955336489125606,0.29552020666133955,0.25,0.20533648912560543,0.08171761495079785,0.22099964334739713
8.279850006103516,0.51,clutter,drone,tracking,1,1,515.0501643561527,262.9519794197513,511.0,267.5,464.1896638292406,271.4711528356745,64.1896638292406,-28.528847164325498,1.3777376405525468,0.5704169136793259,0.0,0.0,world_xy,1,0.764925585298465,0.2195048049299138,1.5,0.9535461825191301,0.3012468718562797,0.25,0.18862059722066515,0.08174206692636588,0.20557114389250958
8.450106620788574,0.52,clutter,drone,tracking,1,1,514.8214758125472,262.3324829931973,513.0,266.5,458.86074515300163,271.4603188507358,58.86074515300163,-28.539681149264197,1.267450134931664,0.5706241037976029,0.0,0.0,world_xy,1,0.7787029617039904,0.22520897406670706,1.5,0.9517215483530664,0.30696269219636757,0.25,0.173018586649076,0.08175371812966051,0.19136118141898004
8.621797323226929,0.53,clutter,drone,tracking,1,1,514.5558231793709,261.6543402285822,515.0,265.51530440632354,453.87479122136955,271.4620344090543,53.87479122136955,-28.537965590945703,1.1629752641543138,0.570698468209324,0.0,0.0,world_xy,1,0.7913774630533071,0.2309152151046831,1.5,0.9498626523140478,0.31266746191268835,0.25,0.15848518926074062,0.08175224680800525,0.1783283069878974
8.771616697311401,0.54,clutter,drone,tracking,1,1,514.342925999433,260.96229089878085,516.0223527492249,265.00750530265947,449.2027546182769,271.4722903384012,49.20275461827691,-28.527709661598806,1.0645691696704873,0.5706191169717827,0.0,0.0,world_xy,1,0.8030072156948502,0.23662219978677634,1.5,0.9479695613221308,0.3183609756341483,0.25,0.1449623456272806,0.08173877584737194,0.1664190768114944
8.921664237976074,0.55,clutter,drone,tracking,1,1,514.0588096251123,260.2697016971588,518.0,264.5,444.9161556700188,271.4737552121658,44.91615567001878,-28.526244787834173,0.9731338387219259,0.570567295303478,0.0,0.0,world_xy,1,0.813652907391555,0.24232839095649417,1.5,0.946042343528387,0.32404302839486837,0.25,0.13238943613683196,0.0817146374383742,0.1555771344777672
9.022392511367798,0.56,clutter,drone,tracking,1,1,513.7874176267007,259.49253306784243,519.0,263.5,440.9020064702241,271.48037910374546,40.90200647022408,-28.519620896254537,0.8878322985973316,0.5704711127453651,0.0,0.0,world_xy,1,0.8233842457787743,0.24803406390952895,1.5,0.9440810683124485,0.3297134156415628,0.25,0.1206968225336742,0.08167935173203386,0.14573688438103288
9.140810489654541,0.5700000000000001,clutter,drone,tracking,1,1,510.06213729653217,257.05874026893133,521.0,262.5,437.1576500817566,271.5040119131044,37.15765008175657,-28.49598808689558,0.8082586852681215,0.5701678696912656,0.0,0.0,world_xy,1,0.8322625687647477,0.2537387750369826,1.5,0.9420858062800114,0.3353719332409032,0.25,0.10982323751526368,0.08163315820392059,0.13683974574910737
9.212441205978394,0.58,clutter,drone,tracking,1,1,509.00223133952346,255.96451450370688,521.5079054604727,261.50741646291766,433.66491092989884,271.50986945717983,33.66491092989884,-28.490130542820168,0.7340304285995418,0.5699669773320915,0.0,0.0,world_xy,1,0.840345155617429,0.2594404537338953,1.5,0.9400566292602934,0.341018377486867,0.25,0.09971147364286448,0.08157792375297168,0.1288306470521565
9.301574945449829,0.59,clutter,drone,tracking,1,1,507.99136069114473,255.58207343412528,523.0079004874768,260.5076483442595,430.47957790844185,271.5326893462131,30.479577908441854,-28.46731065378691,0.6655890498626542,0.5696255569910972,0.0,0.0,world_xy,1,0.8476854599034244,0.2651401235072162,1.5,0.937993610303448,0.3466525451080712,0.25,0.0903081504000236,0.08151242160085498,0.12165458028331202
9.391326189041138,0.6,clutter,drone,tracking,1,1,506.9713496218732,255.08733275159975,524.0076609616951,259.99233903830475,427.4795429091418,271.55081898362033,27.4795429091418,-28.44918101637967,0.6017900444387542,0.56927249182617,0.0,0.0,world_xy,1,0.854341350402051,0.2708363790771272,1.5,0.9358968236779348,0.35227423327508994,0.25,0.08155547327588386,0.08143785419796273,0.11525371715316622
9.478394031524658,0.61,clutter,drone,tracking,1,1,504.99531459170015,254.5240220139818,524.5,259.5,424.6802308953908,271.6141665645264,24.68023089539082,-28.385833435473614,0.5422880598467384,0.5684167891119863,0.0,0.0,world_xy,1,0.8603592508464385,0.27652910399538894,1.5,0.933766344867846,0.3578832396077564,0.25,0.07340709402140755,0.08135413561236748,0.10957689917999709
9.538898468017578,0.62,clutter,drone,tracking,1,1,505.0296040813393,254.0099877847237,525.5,258.5,422.06521586767593,271.60267731987665,22.06521586767593,-28.397322680123352,0.4867470014754676,0.5681581045817506,0.0,0.0,world_xy,1,0.8657821314449059,0.2822132718865088,1.5,0.9316022505701886,0.3634793621824483,0.25,0.06582011912528274,0.08126609029593951,0.10457755740910285
9.607166767120361,0.63,clutter,drone,tracking,1,1,504.91025912589134,253.48153639765584,526.0079004874768,257.5076483442595,419.6614259619144,271.6782335673559,19.661425961914404,-28.321766432644097,0.43531183624501885,0.5672105778208729,0.0,0.0,world_xy,1,0.8706496014596605,0.2878948529323263,1.5,0.9294046186921237,0.3690623995393574,0.25,0.058755017232463125,0.08116754660703107,0.10020141052995013
9.675045251846313,0.64,clutter,drone,tracking,1,1,504.2771711981731,252.74794833369012,527.0,256.5,417.3852771406393,271.6882612831871,17.38527714063929,-28.311738716812897,0.3871283748572907,0.5666738859043347,0.0,0.0,world_xy,1,0.8750027198221108,0.293566958710535,1.5,0.9271735283481612,0.3746321506897417,0.25,0.052170808526050494,0.0810651919792067,0.09640206747205923
9.731065511703491,0.65,clutter,drone,tracking,1,1,504.19245864872437,252.2640173815531,527.2454618473895,256.04160642570275,415.2978435320552,271.72563541393095,15.297843532055197,-28.274364586069055,0.342484047538388,0.5660212591037103,0.0,0.0,world_xy,1,0.8788740035706837,0.29923369756957835,1.5,0.924909059857313,0.3801884151231614,0.25,0.046035056286629294,0.08095471755358308,0.09312836679279596
9.782641649246216,0.66,clutter,drone,tracking,1,1,503.8463312368973,251.78693221523406,528.0076534766324,255.00765347663244,413.3225119216469,271.7585961348766,13.322511921646878,-28.241403865123402,0.30066545253039023,0.565365009113027,0.0,0.0,world_xy,1,0.8822988440460675,0.30489391016061546,1.5,0.9226112947402,0.385730992814697,0.25,0.04031245069413247,0.08083708265408157,0.09033121062506401
9.833252668380737,0.67,clutter,drone,tracking,1,1,503.8012081274025,251.37184239428882,528.4920945395272,254.4925835370823,411.5022423095789,271.8303961413589,11.50224230957889,-28.169603858641096,0.2618241190440434,0.5642798965459143,0.0,0.0,world_xy,1,0.8853054985713714,0.31054756025174574,1.5,0.9202803157161181,0.3912596842321502,0.25,0.034974817144746706,0.08071212398040445,0.08796411081649519
9.888156652450562,0.68,clutter,drone,tracking,1,1,503.8275815674403,250.6468213925328,529.0,253.5,409.7696707581143,271.83181290235973,9.769670758114273,-28.16818709764027,0.22528723190907657,0.5637760115197044,0.0,0.0,world_xy,1,0.8879237397618118,0.3161903592172049,1.5,0.9179162067000607,0.396774290343227,0.25,0.029992466938248863,0.08058393112602208,0.08598440573014052
10.002965450286865,0.6900000000000001,clutter,drone,tracking,1,1,503.2172467602957,249.96526222945926,529.0751503006012,252.59602538410152,408.2135848087374,271.86548284094823,8.21358480873738,-28.134517159051768,0.19172868725519565,0.5631788939334365,0.0,0.0,world_xy,1,0.8901766120809026,0.32182811933240196,1.5,0.9155190527996969,0.40227461262270303,0.25,0.025342440718794323,0.08044649329030107,0.08434380584424715
10.06549859046936,0.7000000000000001,clutter,drone,tracking,1,1,503.0402356564236,249.4413202115552,529.5,252.0,406.6701769756439,271.95503767303313,6.670176975643926,-28.044962326966868,0.15964985599692122,0.561925087866682,0.0,0.0,world_xy,1,0.8920938989534546,0.3274599082717363,1.5,0.9130889403123083,0.4077604530595702,0.25,0.02099504135885366,0.08030054478783388,0.0829998147882445
10.12178635597229,0.71,clutter,drone,tracking,1,1,502.8570764428505,248.88337650262332,529.5223644697328,251.02212739054843,405.33803483197255,271.99912394435296,5.33803483197255,-28.00087605564704,0.1305608183503126,0.5608759261521243,0.0,0.0,world_xy,1,0.8936903975134238,0.33307915915040315,1.5,0.9106259567216819,0.4132316141641653,0.25,0.016935559208258066,0.08015245501376217,0.08192209232209333
10.19828748703003,0.72,clutter,drone,tracking,1,1,502.5447815453764,248.40154669839382,530.0829577699882,250.39592722416955,404.0086837774432,272.0471129941524,4.008683777443196,-27.952887005847572,0.10284788980951583,0.5598759238327792,0.0,0.0,world_xy,1,0.8949960056969269,0.3386879184119244,1.5,0.9081301906949609,0.4186878989752795,0.25,0.013134184998033982,0.07999998056335511,0.08107097942975511
10.268275737762451,0.73,clutter,drone,tracking,1,1,502.31676239519373,247.76061266257344,530.0829577699882,249.39592722416955,402.77368049354175,272.15167539236455,2.7736804935417467,-27.848324607635448,0.07679203584324133,0.5582757364087406,0.0,0.0,world_xy,1,0.8960244845950222,0.3442866776502522,1.5,0.9056017320794529,0.4241291110672488,0.25,0.009577247484430784,0.0798424334169966,0.08041478622321625
10.44054651260376,0.74,clutter,drone,tracking,1,1,502.05706593117935,246.9263856054636,530.092,248.6278333333333,401.64438064226226,272.1801322339128,1.6443806422622629,-27.819867766087214,0.05264460319434349,0.5572426268108925,0.0,0.0,world_xy,1,0.8967924049534546,0.34986943501433965,1.5,0.903040671899395,0.4295550545570256,0.25,0.006248266945940384,0.07968561954268594,0.07993021207109001
10.547561168670654,0.75,clutter,drone,tracking,1,1,501.7162356321839,246.45859456635316,530.1076666666667,247.6435,400.5968008310136,272.23027947501413,0.5968008310135815,-27.76972052498587,0.030254880578603968,0.5562261078397462,0.0,0.0,world_xy,1,0.897318850985398,0.3554418612824486,1.5,0.900447102352677,0.4349655341112302,0.25,0.0031282513672790113,0.07952367282878159,0.07958517761993107
10.687012195587158,0.76,clutter,drone,tracking,1,1,501.479444009397,245.80579483163666,530.0076534766324,247.00765347663244,399.5882696269837,272.28854919951203,-0.41173037301632576,-27.711450800487967,0.0090856621571922,0.5551277073332535,0.0,0.0,world_xy,1,0.897621399791184,0.36100412236084606,1.5,0.8978211168075223,0.440360354953183,0.25,0.00019971701633825223,0.07935623259233693,0.07935648390733861
10.758226871490479,0.77,clutter,drone,tracking,1,1,501.2381785205337,245.3198600855033,530.0076534766324,246.00765347663244,398.6378476173801,272.32571712042954,-1.362152382619911,-27.674282879570455,-0.010895128238082532,0.5542245799752391,0.0,0.0,world_xy,1,0.897712256412756,0.3665553994341786,1.5,0.8951628097991272,0.4457393228699164,0.25,-0.0025494466136287697,0.07918392343573782,0.07922495445699249
10.864052534103394,0.78,clutter,drone,tracking,1,1,500.86214470284233,244.8912144702842,530.0997834416124,245.36415125770446,397.73915124348486,272.38164860242915,-2.260848756515145,-27.618351397570848,-0.029772144028803738,0.553202926362137,0.0,0.0,world_xy,1,0.8976033051303751,0.37209764523393096,1.5,0.8924722770262569,0.4511022442191662,0.25,-0.0051310281041182515,0.07900459898523526,0.07917104338218038
10.959184885025024,0.79,clutter,drone,tracking,1,1,500.65656175580864,243.86014031022717,530.0989010989011,244.6436896436896,396.90977843185345,272.47182802480813,-3.0902215681465464,-27.528171975191867,-0.04738990206257369,0.5517512085900722,0.0,0.0,world_xy,1,0.8973055836900871,0.37762967449755236,1.5,0.8897496153478004,0.45644892593634323,0.25,-0.0075559683422866675,0.07881925143879087,0.07918059771788147
11.046865224838257,0.8,clutter,drone,tracking,1,1,500.3926721657395,243.42272523818656,530.1067799433616,243.65134099616859,396.1121915040237,272.5265601457654,-3.8878084959762873,-27.473439854234584,-0.06409134938389732,0.5504958822621129,0.0,0.0,world_xy,1,0.8968316846694613,0.3831471865834531,1.5,0.8869949227792842,0.46177917554148284,0.25,-0.009836761890177126,0.07863198895802975,0.07924488356972804
11.183172225952148,0.81,clutter,drone,tracking,1,1,500.0054247239772,242.93171229816835,530.0076534766324,243.00765347663244,395.4203240935181,272.5755284894302,-4.579675906481896,-27.424471510569788,-0.07921754219405465,0.5493923336342185,0.0,0.0,world_xy,1,0.8961907711756223,0.38865214540607423,1.5,0.8842082984893433,0.46709280114617513,0.25,-0.011982472686278944,0.0784406557401009,0.07935058994496792
11.314026594161987,0.8200000000000001,clutter,drone,tracking,1,1,499.69845197309985,242.41276487755357,530.0076534766324,242.00765347663244,394.68630917992795,272.67300409073135,-5.313690820072054,-27.326995909268646,-0.09409849300811718,0.5478235051373533,0.0,0.0,world_xy,1,0.8953985957536817,0.3941460687424164,1.5,0.8813898427961512,0.4723896114604721,0.25,-0.014008752957530568,0.07824354271805567,0.07948771689070785
11.422504425048828,0.8300000000000001,clutter,drone,tracking,1,1,499.54161930024,241.82941770872802,529.6195774875019,241.3372036768263,394.0377593215587,272.6840306980656,-5.962240678441276,-27.315969301934388,-0.10792896931650678,0.5469962396330873,0.0,0.0,world_xy,1,0.8944576108236005,0.39962430379378994,1.5,0.8785396571638084,0.4776694157997745,0.25,-0.015917953659792095,0.07804511200598457,0.07965187227392691
11.519214153289795,0.84,clutter,drone,tracking,1,1,499.14790328673973,241.01360030222895,529.5994506382291,240.64679269671998,393.40340925669796,272.77514779086937,-6.596590743302045,-27.22485220913063,-0.12113053436875053,0.5456216821353261,0.0,0.0,world_xy,1,0.8933783211304355,0.4050942661901208,1.5,0.87565784419869,0.48293202409169633,0.25,-0.0177204769317455,0.07783775790157554,0.0798293921925553
11.65279483795166,0.85,clutter,drone,tracking,1,1,498.8265414710485,240.52419405320813,529.5,240.0,392.81342765258296,272.84216117151976,-7.186572347417041,-27.157838828480237,-0.1335610362875252,0.5442659840741795,0.0,0.0,world_xy,1,0.892167015786748,0.41055048301147407,1.5,0.8727445076457513,0.4881772468829075,0.25,-0.019422508140996664,0.07762676387143341,0.0800196744034763
11.791431188583374,0.86,clutter,drone,tracking,1,1,498.6759553643787,239.91627704008476,529.0076534766324,239.00765347663244,392.32018081788556,272.9667974909766,-7.679819182114443,-27.033202509023397,-0.14458047733264523,0.5422849204326381,0.0,0.0,world_xy,1,0.8908314054238727,0.41599314285221584,1.5,0.8697997523847936,0.49340489534595394,0.25,-0.021031653039079168,0.0774117524937381,0.08021788986072854
12.106670618057251,0.87,clutter,drone,tracking,1,1,498.0521148036254,239.3603977844914,529.0076534766324,238.00765347663244,391.74252801083645,273.0493364394855,-8.257471989163548,-26.9506635605145,-0.15589340668048937,0.5404855133603467,0.0,0.0,world_xy,1,0.8893856006505463,0.42141599205654223,1.5,0.8668236844266883,0.4986147812860556,0.25,-0.022561916223857947,0.07719878922951334,0.08042818611777347
12.716036081314087,0.88,clutter,drone,tracking,1,1,497.79021854843757,238.90212286304714,529.1135458167331,237.30893094289507,391.28144684378594,273.1086825805472,-8.718553156214057,-26.891317419452776,-0.16605611772457488,0.5390229726261365,0.0,0.0,world_xy,1,0.8878266665837414,0.4268208471901457,1.5,0.8638164109095605,0.5038067171478813,0.25,-0.024010255674180914,0.0769858699577356,0.08064314323418274
12.928526878356934,0.89,clutter,drone,tracking,1,1,497.43616622987645,238.1891925620866,528.6195774875019,236.67747137558456,390.7827581578041,273.1889820764683,-9.217241842195904,-26.811017923531722,-0.17611491324021367,0.5374815348406103,0.0,0.0,world_xy,1,0.8861661054064957,0.43221107691640703,1.5,0.8607780400949321,0.5089805160223007,0.25,-0.025388065311563568,0.07676943910589362,0.08085852237641822
13.277901887893677,0.9,clutter,drone,tracking,1,1,497.1965160250449,237.5028826483169,528.1204258150366,235.6751497005988,390.34360428812363,273.2423245038137,-9.656395711876371,-26.757675496186323,-0.1854720637887362,0.5362011211363241,0.0,0.0,world_xy,1,0.8844049562740935,0.43758589226481315,1.5,0.8577086813638242,0.5141359916531131,0.25,-0.02669627491026938,0.07655009938829993,0.08107162765384247
13.56922698020935,0.91,clutter,drone,tracking,1,1,496.735957513277,237.06654170571696,528.0076534766324,235.00765347663244,389.9340330097768,273.35774608403125,-10.065966990223217,-26.64225391596875,-0.1941880655973867,0.5343552975870022,0.0,0.0,world_xy,1,0.8825502356362062,0.4429479034761764,1.5,0.8546084452128195,0.5192729584437527,0.25,-0.027941790423386625,0.07632505496757624,0.08127888820516675
13.723471879959106,0.92,clutter,drone,tracking,1,1,496.3690209267564,236.556302939711,527.6270722678255,234.3066151617576,389.50076990376203,273.40656167979,-10.499230096237966,-26.593438320209998,-0.20287616057744168,0.5329877054364609,0.0,0.0,world_xy,1,0.8806083549802323,0.44829145645204643,1.5,0.8514774432500848,0.5243912314639697,0.25,-0.02913091173014748,0.07609977501192328,0.08148488065337635
13.897215843200684,0.93,clutter,drone,tracking,1,1,495.81032547699215,235.90204514278588,527.7138755980861,233.45406698564594,389.10805539985046,273.4911890414798,-10.891944600149543,-26.5088109585202,-0.2111056628614937,0.5314413879901296,0.0,0.0,world_xy,1,0.8785795933744579,0.45362133350641104,1.5,0.8483157881913526,0.5294906264564881,0.25,-0.03026380518310534,0.0758692929500771,0.08168260229024032
14.084431171417236,0.9400000000000001,clutter,drone,tracking,1,1,495.65177291705606,235.20377640680502,527.1126643368281,232.66716591778996,388.73861679711894,273.5828795227839,-11.261383202881063,-26.417120477216088,-0.21887276351936386,0.5297369498449354,0.0,0.0,world_xy,1,0.876468536745843,0.4589357473863123,1.5,0.8451235938558634,0.5345709598436391,0.25,-0.03134494288997958,0.0756352124573268,0.08187301636217542
14.261773347854614,0.9500000000000001,clutter,drone,tracking,1,1,495.2431979127842,234.6769163871288,527.0076534766324,232.00765347663244,388.3722719339719,273.650895103344,-11.627728066028112,-26.349104896656,-0.22639775231002296,0.528221781293437,0.0,0.0,world_xy,1,0.8742798091106494,0.46423311688476165,1.5,0.8419009751622687,0.5396320487339693,0.25,-0.0323788339483807,0.07539893184920765,0.0820572227890895
14.56586217880249,0.96,clutter,drone,tracking,1,1,494.9811902559358,234.22769041011406,526.5147058823529,231.01470588235293,388.0488189528282,273.67940001401837,-11.951181047171815,-26.32059998598163,-0.2333419800584003,0.5272264014278446,0.0,0.0,world_xy,1,0.8720158315875491,0.469515334697696,1.5,0.8386480481244935,0.5446737109288251,0.25,-0.03336778346305569,0.07515837623112909,0.08223253912495541
14.897829055786133,0.97,clutter,drone,tracking,1,1,494.2246908931149,233.6480261093328,526.2263252913178,230.4447726899721,387.7217290306012,273.7886688495503,-12.278270969398818,-26.211331150449723,-0.24006487168966714,0.525576523297477,0.0,0.0,world_xy,1,0.8696824117869651,0.47478759871197446,1.5,0.8353649298475595,0.5496957649289124,0.25,-0.03431748193940565,0.07490816621693791,0.08239492055124412
15.156766891479492,0.98,clutter,drone,tracking,1,1,494.0670501639141,232.97866023380962,526.1047904191616,229.65951430472387,387.4340643940721,273.9005068376368,-12.565935605927905,-26.099493162363217,-0.24625448392555718,0.52360386026986,0.0,0.0,world_xy,1,0.8672817630700684,0.48004336394494923,1.5,0.8320517385233703,0.5546980299408292,0.25,-0.0352300245466981,0.07465466599587994,0.08254982607199936
15.399387836456299,0.99,clutter,drone,tracking,1,1,493.8711701734957,232.43195521102496,525.5,229.0,387.10520756742875,273.98198592486256,-12.89479243257125,-26.018014075137444,-0.2526572345247845,0.521819891947949,0.0,0.0,world_xy,1,0.8648192182308129,0.48527940254764784,1.5,0.8287085934264558,0.5596803258835754,0.25,-0.036110624804357117,0.07440092333592757,0.0827011161774714
15.607945203781128,1.0,clutter,drone,tracking,1,1,493.29564894012645,231.9204165117144,525.0076534766324,228.00765347663244,386.804988820978,274.0848613275891,-13.195011179022003,-25.915138672410876,-0.25884087850539506,0.5198854767730967,0.0,0.0,world_xy,1,0.862292645885565,0.49049760146712734,1.5,0.8253356149096783,0.5646424733950354,0.25,-0.03695703097588665,0.07414487192790803,0.08284494053204776
15.771237134933472,1.01,clutter,drone,tracking,1,1,493.0220456924687,231.45489254264425,524.6293616337031,227.2913651712494,386.5409396678579,274.1326583047205,-13.459060332142087,-25.867341695279492,-0.26452805898099074,0.5184892231959679,0.0,0.0,world_xy,1,0.859704237100511,0.4956964562348583,1.5,0.8219329243999002,0.5695842938384343,0.25,-0.03777131270061085,0.07388783760357603,0.08298243554427498
15.988741159439087,1.02,clutter,drone,tracking,1,1,492.57437127221294,230.72692615138655,524.1126643368281,226.66716591778996,386.27905687355917,274.25200618634915,-13.72094312644083,-25.74799381365085,-0.26996800093229495,0.5165480823883449,0.0,0.0,world_xy,1,0.8570589565107011,0.500881348466818,1.5,0.8185006443936125,0.5745056093087701,0.25,-0.0385583121170886,0.07362426084195217,0.08311001875732332
16.14086890220642,1.03,clutter,drone,tracking,1,1,492.0985255105188,230.25954716515514,524.0,226.0,386.0137019904682,274.37068965517244,-13.986298009531822,-25.62931034482756,-0.27533487852438276,0.5143690508678583,0.0,0.0,world_xy,1,0.8543592765013781,0.5060468292907014,1.5,0.8150388984525244,0.5794062426392174,0.25,-0.03932037804885369,0.07335941334851592,0.08323277994121782
16.34884548187256,1.04,clutter,drone,tracking,1,1,491.82572410407454,229.68980117820325,523.5147058823529,225.01470588235293,385.7537015961948,274.4031223554816,-14.246298403805213,-25.596877644518372,-0.2806099777778296,0.5130317269802384,0.0,0.0,world_xy,1,0.8516059277161343,0.51119051979938,1.5,0.8115478111991162,0.5842860174075054,0.25,-0.04005811651701807,0.07309549760812539,0.08335229132705628
16.504053831100464,1.05,clutter,drone,tracking,1,1,491.1103633077833,229.07970337134665,523.2280701754386,224.4290867355304,385.5158377375661,274.524447866718,-14.484162262433927,-25.475552133282008,-0.2856002748867965,0.5110953506072093,0.0,0.0,world_xy,1,0.848799827938356,0.5163208370691824,1.5,0.8080275083121519,0.5891447579422695,0.25,-0.04077231962620409,0.07282392087308709,0.08346080217102515
16.64841365814209,1.06,clutter,drone,tracking,1,1,490.8942278075525,228.48598533850796,523.1047904191616,223.65951430472387,385.2847245326189,274.6278986966444,-14.715275467381105,-25.372101303355578,-0.2903881538402506,0.5090860221101555,0.0,0.0,world_xy,1,0.845943825189488,0.5214317905752545,1.5,0.8044781165221552,0.5939822893293754,0.25,-0.04146570866733279,0.0725504987541209,0.08356422598669729
16.78013038635254,1.07,clutter,drone,tracking,1,1,490.53221854710273,228.02682837192208,522.0076534766324,223.00765347663244,385.0430143322704,274.67512352384625,-14.956985667729612,-25.324876476153747,-0.2952015115731385,0.5076623511872611,0.0,0.0,world_xy,1,0.8430399436510855,0.526522650796356,1.5,0.8008997636068472,0.5987984374182153,0.25,-0.04214018004423825,0.0722757866218593,0.08366351717426988
16.923266887664795,1.08,clutter,drone,tracking,1,1,490.03857511997046,227.55383290267008,521.5300442757748,222.0290955091714,384.8003198337798,274.7866626979263,-15.199680166220219,-25.213337302073683,-0.30003716203633474,0.505794768357078,0.0,0.0,world_xy,1,0.8400879285353541,0.5315992743082286,1.5,0.7972925783865464,0.6035930288279783,0.25,-0.04279535014880764,0.07199375451974965,0.0837528667223339
17.053056240081787,1.09,clutter,drone,tracking,1,1,489.4728796844181,226.99186390532543,521.7122370936903,221.40822179732314,384.5875551818373,274.89794571742226,-15.412444818162726,-25.10205428257774,-0.30455361591614066,0.5037302428690402,0.0,0.0,world_xy,1,0.8370875569149907,0.5366572219917994,1.5,0.7936566907195313,0.6083658909538915,0.25,-0.04343086619545944,0.07170866896209205,0.08383539433200518
17.186804056167603,1.1,clutter,drone,tracking,1,1,489.10007385524375,226.43069916297387,521.1047904191616,220.65951430472387,384.4162870558554,275.00063073796343,-15.583712944144622,-24.999369262036566,-0.30846996954785416,0.5016716711734703,0.0,0.0,world_xy,1,0.8340420207558293,0.5416945244204898,1.5,0.7899922314973651,0.6131168519734338,0.25,-0.044049789258464256,0.07142232755294398,0.0839138415685704
17.32900619506836,1.11,clutter,drone,tracking,1,1,488.85531471956887,225.85941709527305,520.5,220.0,384.19993228373113,275.1128993654518,-15.80006771626887,-24.887100634548176,-0.3126122311754919,0.4995103590080916,0.0,0.0,world_xy,1,0.8309573210603508,0.5467112411322246,1.5,0.786299332640184,0.6178457408525216,0.25,-0.04465798842016677,0.07113449972029706,0.08399079104397512
17.4955735206604,1.12,clutter,drone,tracking,1,1,488.3286445801715,225.40995743105682,520.0076534766324,219.00765347663244,383.98071133515367,275.1804534528227,-16.01928866484633,-24.81954654717731,-0.31688767934228096,0.49779467357259166,0.0,0.0,world_xy,1,0.8278311987485959,0.5517063447223055,1.5,0.7825781270919481,0.622552387351666,0.25,-0.045253071656647825,0.07084604262936045,0.08406546407772256
17.74573516845703,1.1300000000000001,clutter,drone,tracking,1,1,487.73737747364527,224.85833179212133,519.7347003656016,218.4156731839135,383.7707264695412,275.2962191371533,-16.229273530458784,-24.703780862846713,-0.3211214645390731,0.4957491925989801,0.0,0.0,world_xy,1,0.8246623219551731,0.5566842914580314,1.5,0.7788287488156552,0.6272366220321013,0.25,-0.04583357313951786,0.07055233057406984,0.08413291731640098
18.0273756980896,1.1400000000000001,clutter,drone,tracking,1,1,487.3601085816521,224.33407366277993,519.1145521145521,217.65934065934067,383.56532619347615,275.41764664706704,-16.434673806523847,-24.582353352932955,-0.32528607091434525,0.4934930235518036,0.0,0.0,world_xy,1,0.8214511073097823,0.5616417833840213,1.5,0.7750513327885183,0.6318982762618849,0.25,-0.04639977452126398,0.07025649287786362,0.0841956879366244
18.245540618896484,1.1500000000000001,clutter,drone,tracking,1,1,487.0755237045204,223.8245742986647,518.507658297805,217.00742144323382,383.4081793364133,275.5088198236035,-16.591820663586702,-24.491180176396483,-0.3288887592109091,0.4914748425386729,0.0,0.0,world_xy,1,0.8181982466006389,0.5665767136195393,1.5,0.7712460149971065,0.636537182221968,0.25,-0.046952231603532346,0.06996046860242866,0.0842554402968921
18.389753580093384,1.16,clutter,drone,tracking,1,1,486.4750245459008,223.24165439371623,518.2229320229319,216.38198198198197,383.2190923043704,275.62983712366577,-16.780907695629594,-24.370162876334234,-0.33258992629683465,0.4892354707820794,0.0,0.0,world_xy,1,0.8149093590085298,0.5714914620449261,1.5,0.7674129324324495,0.641153172912237,0.25,-0.04749642657608033,0.06966171086731088,0.08431289639466674
18.581866025924683,1.17,clutter,drone,tracking,1,1,486.1017240321492,222.72906313270752,517.9923465233675,215.99234652336753,383.01666316232127,275.66868166526496,-16.983336837678735,-24.331318334735045,-0.3364821720480417,0.48780046353402123,0.0,0.0,world_xy,1,0.8115834597455615,0.5763838167527469,1.5,0.7635522230851052,0.6457460821575256,0.25,-0.04803123666045628,0.06936226540477874,0.08436897271637082
18.71986722946167,1.18,clutter,drone,tracking,1,1,485.6637442922374,222.2144901065449,517.0076534766324,215.00765347663244,382.8185516585243,275.7876983779556,-17.181448341475686,-24.21230162204438,-0.34041290917785133,0.4858455264327977,0.0,0.0,world_xy,1,0.808218638025081,0.581261821388087,1.5,0.7596640259401933,0.6503157446135971,0.25,-0.04855461208488765,0.06905392322551007,0.08441560677711532
18.91160774230957,1.19,clutter,drone,tracking,1,1,485.19736277215577,221.79208831646733,517.0076534766324,214.00765347663244,382.635630935277,275.93385779864735,-17.364369064723007,-24.066142201352648,-0.34419386884198616,0.48335805110963814,0.0,0.0,world_xy,1,0.8048145089333024,0.586120276652415,1.5,0.7557484809723913,0.6548619957730966,0.25,-0.049066027960911085,0.06874171912068161,0.08445649203896402
19.13740587234497,1.2,clutter,drone,tracking,1,1,484.5847566574839,221.25766758494032,516.2307440183546,213.38938053097345,382.49593538666386,276.0140159080556,-17.50406461333614,-23.985984091944374,-0.3474319517255913,0.48135694801072526,0.0,0.0,world_xy,1,0.8013725702448825,0.5909538571635113,1.5,0.751805729140895,0.6593846719714731,0.25,-0.04956684110398746,0.06843081480796176,0.08449643869601546
19.296855211257935,1.21,clutter,drone,tracking,1,1,484.19419382556924,220.7053949548886,515.5,213.0,382.3285710117015,276.15273279056873,-17.671428988298487,-23.847267209431266,-0.35073009714779946,0.4789305659085703,0.0,0.0,world_xy,1,0.7978982507276265,0.5957674266436186,1.5,0.7478359123843445,0.6638836103928722,0.25,-0.050062338343282,0.06811618374925366,0.08453432562550749
19.43811869621277,1.22,clutter,drone,tracking,1,1,483.86352568785,220.21737277818357,515.0076534766324,212.00765347663244,382.176504234444,276.2549654765865,-17.823495765556004,-23.745034523413494,-0.3538869971376258,0.4767141344164051,0.0,0.0,world_xy,1,0.7943909497561485,0.6005567323027043,1.5,0.7438391736157145,0.6683586490759965,0.25,-0.050551776140434046,0.06780191677329217,0.08457293886985952
19.6048641204834,1.23,clutter,drone,tracking,1,1,483.12185914098274,219.76853570986506,515.2141453831041,211.37426326129665,381.98880400883064,276.3835021200547,-18.01119599116936,-23.616497879945314,-0.3573723046147946,0.4743028371667808,0.0,0.0,world_xy,1,0.7908520797847722,0.6053238736468683,1.5,0.7398156567171686,0.6728096269199367,0.25,-0.05103642306760359,0.06748575327306838,0.08461113032201426
19.786606311798096,1.24,clutter,drone,tracking,1,1,482.8838937621832,219.16453460038986,514.0076534766324,211.00765347663244,381.840265853687,276.46616673091074,-18.159734146312985,-23.533833269089257,-0.3605746126861004,0.4723084426850332,0.0,0.0,world_xy,1,0.7872783567386243,0.6100669020185362,1.5,0.735765506534881,0.6772363836899711,0.25,-0.0515128502037433,0.06716948167143488,0.08464817188883954
19.952509880065918,1.25,clutter,drone,tracking,1,1,482.26905113077675,218.74483775811208,514.0,210.0,381.66757124265393,276.5914117804973,-18.332428757346065,-23.40858821950269,-0.36391529203955186,0.4700332696227945,0.0,0.0,world_xy,1,0.7836726106117633,0.6147899864453865,1.5,0.7316888688738209,0.6816387600233341,0.25,-0.0519837417379424,0.0668487735779476,0.08468215829767685
20.12770175933838,1.26,clutter,drone,tracking,1,1,481.7317521603236,218.17913832199545,513.0967846178703,209.1354015188237,381.50827762416435,276.64880473207097,-18.49172237583565,-23.35119526792903,-0.36717082755199043,0.46837811927747686,0.0,0.0,world_xy,1,0.7800334576913678,0.6194903191416145,1.5,0.7275858904925034,0.6860165974349532,0.25,-0.05244756719886434,0.06652627829333879,0.0847141842234354
20.266557693481445,1.27,clutter,drone,tracking,1,1,481.27856747277093,217.7263553012122,512.6081757957666,208.64679269671998,381.3514125480721,276.7723466213811,-18.64858745192788,-23.227653378618925,-0.37036133436960245,0.46627434083967273,0.0,0.0,world_xy,1,0.7763617494158479,0.6241741003343892,1.5,0.7234567190977075,0.6903697383231544,0.25,-0.05290503031814042,0.06619563798876515,0.08473962899200707
20.598571062088013,1.28,clutter,drone,tracking,1,1,480.74810710988,217.29941520467835,512.0076534766324,208.00765347663244,381.21654671639783,276.87813519650246,-18.78345328360217,-23.121864803497544,-0.373280586585945,0.4641639662163257,0.0,0.0,world_xy,1,0.7726581360721518,0.6288368437427859,1.5,0.7193015033391573,0.6946980259753357,0.25,-0.05335663273299451,0.06586118223254978,0.08476217069939156
20.843381881713867,1.29,clutter,drone,tracking,1,1,480.1537177823104,216.81154583101548,511.5974576271187,207.13873195229127,381.03927095734997,277.0237586665733,-18.96072904265003,-22.976241333426685,-0.37654428343282564,0.4616124394650401,0.0,0.0,world_xy,1,0.7689253302062924,0.6334784834049492,1.5,0.7151203928041713,0.6990013045736092,0.25,-0.05380493740212111,0.06552282116866004,0.08478332019180645
21.024314641952515,1.3,clutter,drone,tracking,1,1,479.7310717797443,216.2091937069813,511.092,206.6278333333333,380.8673134058288,277.17210382848566,-19.13268659417122,-22.82789617151434,-0.3799044800806549,0.4588324556459258,0.0,0.0,world_xy,1,0.7651598873719642,0.6380946077995996,1.5,0.7109135380122773,0.7032794192004103,0.25,-0.05424634935968686,0.06518481140081067,0.08480404504628572
21.24550175666809,1.31,clutter,drone,tracking,1,1,479.3541093797739,215.78851206843873,510.5,206.0,380.7358253815401,277.2624062563833,-19.26417461845989,-22.737593743616685,-0.38286293683935346,0.4565881362204502,0.0,0.0,world_xy,1,0.7613608425711577,0.6426829323560589,1.5,0.7066810904097934,0.707532215844074,0.25,-0.054679752161364226,0.06484928348801511,0.08482514288427202
21.409417390823364,1.32,clutter,drone,tracking,1,1,478.59402026192237,215.35872251050156,510.09678461787036,205.1354015188237,380.5802646317558,277.39444483338,-19.419735368244176,-22.60555516661998,-0.38590541062839506,0.4541257681320224,0.0,0.0,world_xy,1,0.7575322132027641,0.6472488137182634,1.5,0.7024232023643763,0.7117595414043808,0.25,-0.05510901083838782,0.06451072768611743,0.084844782174144
21.652660131454468,1.33,clutter,drone,tracking,1,1,478.3167766373411,214.7492668621701,509.00765347663247,205.00765347663244,380.4581262686358,277.4914607685308,-19.541873731364205,-22.50853923146917,-0.38861804582778403,0.451950527205571,0.0,0.0,world_xy,1,0.7536731590964801,0.6517900713995836,1.5,0.6981400271595356,0.715961243698067,0.25,-0.055533131936944535,0.06417117229848346,0.08486382089493578
21.847980499267578,1.34,clutter,drone,tracking,1,1,477.7482080499908,214.38779636096305,509.0,204.0,380.30365636581166,277.6251014036009,-19.696343634188338,-22.374898596399078,-0.3915379005985746,0.4495016218028968,0.0,0.0,world_xy,1,0.7497869786382023,0.6563095766716392,1.5,0.6938317189891162,0.7201371714643038,0.25,-0.0559552596490861,0.06382759479266453,0.08488199420026146
22.00678586959839,1.35,clutter,drone,tracking,1,1,477.2188917494176,213.87323770994234,508.0967846178704,203.1354015188237,380.18543027035224,277.7188989840636,-19.814569729647758,-22.281101015936372,-0.39415232229548397,0.44736784098660365,0.0,0.0,world_xy,1,0.7458715996322166,0.6608045928896682,1.5,0.689498432951747,0.7242871743701426,0.25,-0.056373166680469655,0.06348258148047436,0.08489977663697991
22.172609567642212,1.36,clutter,drone,tracking,1,1,476.7243153832016,213.38669362249587,507.9923465233675,202.99234652336753,380.0136890382663,277.85234977651737,-19.986310961733693,-22.14765022348263,-0.39721796561203837,0.44493968090228053,0.0,0.0,world_xy,1,0.7419300764092618,0.6652782712995342,1.5,0.6851403250452572,0.7284111030159269,0.25,-0.05678975136400455,0.06313283171639272,0.08491660791927466
22.32319712638855,1.37,clutter,drone,tracking,1,1,476.2495083579154,213.05635447394295,507.00765347663247,202.00765347663244,379.8800954614945,277.9608409480797,-20.119904538505523,-22.039159051920308,-0.400067034448978,0.4426536059771496,0.0,0.0,world_xy,1,0.7379578967531414,0.669727668108557,1.5,0.6807575521610608,0.732508808940671,0.25,-0.057200344592080565,0.06278114083211406,0.08493144921426043
22.520893335342407,1.3800000000000001,clutter,drone,tracking,1,1,475.5464158367146,212.5253289069224,506.10377205763314,201.1346932167719,379.72514691550384,278.1196858021557,-20.274853084496158,-21.880314197844314,-0.4030535494314978,0.43987757886600476,0.0,0.0,world_xy,1,0.7339572264086516,0.6741542041683285,1.5,0.6763502720785084,0.7365801446274042,0.25,-0.05760695433014318,0.06242594045907568,0.08494444790211579
22.680766105651855,1.3900000000000001,clutter,drone,tracking,1,1,475.2172684844018,212.06036600343893,505.9923465233675,200.99234652336753,379.61687762235715,278.2259472581596,-20.38312237764285,-21.77405274184042,-0.40558844339824535,0.43745949064994677,0.0,0.0,world_xy,1,0.7299266909143366,0.6785529799569885,1.5,0.6719186434592069,0.7406249635084812,0.25,-0.05800804745512966,0.06207198355149268,0.08495801734723658
22.81970524787903,1.4000000000000001,clutter,drone,tracking,1,1,474.7856230614851,211.62500760201908,505.00765347663247,200.00765347663244,379.47302926351165,278.3558527023243,-20.52697073648835,-21.644147297675715,-0.4083114776305823,0.4349423910669089,0.0,0.0,world_xy,1,0.7258708064803542,0.682927574863488,1.5,0.667462825841308,0.7446431199708594,0.25,-0.058407980639046175,0.06171554510737143,0.08497235262266893
22.961596250534058,1.41,clutter,drone,tracking,1,1,473.943250586637,211.3629739409658,505.1794493608653,199.2959685349066,379.3587276035834,278.464218225084,-20.641272396416582,-21.535781774916018,-0.41079416129434443,0.4326176755041852,0.0,0.0,world_xy,1,0.7217876917040483,0.687276998774157,1.5,0.6629829796337648,0.7486344693613399,0.25,-0.05880471207028348,0.06135747058718288,0.08498666576896612
23.085334300994873,1.42,clutter,drone,tracking,1,1,473.6299064284846,210.6988090898043,504.0,199.0,379.1780825917361,278.56348538995167,-20.821917408263914,-21.436514610048334,-0.41389846407335806,0.4304796146874151,0.0,0.0,world_xy,1,0.7176797500911049,0.6916031755291989,1.5,0.6584792661105568,0.7525988679917759,0.25,-0.059200483980548,0.06099569246257697,0.08500101059705344
23.28272843360901,1.43,clutter,drone,tracking,1,1,472.8857213377761,210.402505244971,503.57580037664786,198.10860012554926,379.0508655733109,278.670153490328,-20.949134426689113,-21.329846509671995,-0.4166947875265914,0.42834413821572875,0.0,0.0,world_xy,1,0.7135407654503713,0.6959079716760731,1.5,0.6539518474048844,0.7565361731442447,0.25,-0.05958891804548683,0.060628201468171605,0.0850095169207363
23.43715238571167,1.44,clutter,drone,tracking,1,1,472.34383688600553,210.0329317269076,503.1903827281649,197.29587831207067,378.91304017885807,278.807604971134,-21.08695982114193,-21.192395028865974,-0.4194692124195274,0.4258712075146036,0.0,0.0,world_xy,1,0.7093738175751053,0.7001914130582304,1.5,0.6494008865033323,0.7604462430761862,0.25,-0.05997293107177304,0.06025483001795584,0.08501409884150035
23.60651397705078,1.45,clutter,drone,tracking,1,1,472.0522875816993,209.49239508887666,502.00765347663247,197.00765347663244,378.78564465381265,278.9351756183271,-21.214355346187347,-21.064824381672906,-0.42211905439684816,0.42335511157997363,0.0,0.0,world_xy,1,0.70517912545091,0.7044501251333765,1.5,0.6448265472400012,0.7643289370255051,0.25,-0.06035257821090878,0.059878811892128625,0.08501709128355772
23.801771879196167,1.46,clutter,drone,tracking,1,1,471.2775308641975,209.13469135802467,502.0741460255787,196.10409583940424,378.63942610889217,279.0874967883587,-21.360573891107833,-20.912503211641308,-0.42491988728076785,0.4205473355390425,0.0,0.0,world_xy,1,0.7009579349069415,0.7086836762491762,1.5,0.6402289942906106,0.7681841152156385,0.25,-0.06072894061633083,0.05950043896646229,0.08501944757279678
24.002340078353882,1.47,clutter,drone,tracking,1,1,470.97447145555344,208.52805702796564,500.9923465233675,195.99234652336753,378.53054611693,279.2009960182623,-21.469453883070003,-20.799003981737712,-0.4273779419901156,0.4180353447916839,0.0,0.0,world_xy,1,0.6967087360341337,0.7128891496045666,1.5,0.6356083931665703,0.7720116388605878,0.25,-0.061100342867563495,0.05912248925602115,0.08502188326755737
24.438032388687134,1.48,clutter,drone,tracking,1,1,470.2192430966469,208.1690705128205,500.08045977011494,195.10361016674761,378.3992110315529,279.33307073288864,-21.60078896844709,-20.666929267111357,-0.4299287525484701,0.41545212709448265,0.0,0.0,world_xy,1,0.6924349566142326,0.7170695030524834,1.5,0.6309649102090216,0.7758113701699153,0.25,-0.06147004640521103,0.0587418671174319,0.08502454679385728
24.78812289237976,1.49,clutter,drone,tracking,1,1,469.6418169424304,207.9175807151267,500.1903827281649,194.29587831207067,378.2896246622193,279.46131937270553,-21.710375337780704,-20.538680627294468,-0.43228206736239927,0.4128789440927564,0.0,0.0,world_xy,1,0.6881356690887479,0.7212240243234282,1.5,0.6262987125828494,0.7795831723537043,0.25,-0.06183695650589849,0.05835914803027609,0.08502705068819016
25.005241870880127,1.5,clutter,drone,tracking,1,1,469.309772324971,207.36659952389672,499.00765347663247,194.00765347663244,378.1910306468463,279.6213763358021,-21.808969353153714,-20.378623664197903,-0.4344255931977705,0.4099603851479173,0.0,0.0,world_xy,1,0.6838128484151239,0.7253528137643558,1.5,0.6216099682706645,0.7833269096274833,0.25,-0.062202880144459405,0.05797409586312752,0.08503054797784783
25.27602791786194,1.51,clutter,drone,tracking,1,1,468.5725242778499,206.98787653862803,499.06705539358603,193.0960479429867,378.06653591795515,279.73032494557,-21.93346408204485,-20.269675054430024,-0.43675962184149014,0.407448598915293,0.0,0.0,world_xy,1,0.6794685924831462,0.729452417615835,1.5,0.6168988460667556,0.787042447217115,0.25,-0.06256974641639057,0.05759002960128001,0.08503872456762113
25.442089080810547,1.52,clutter,drone,tracking,1,1,468.07121351766506,206.61198156682028,497.9923465233675,192.99234652336753,377.90691989030864,279.8830970301651,-22.093080109691357,-20.116902969834882,-0.43956571103527553,0.4046378021800656,0.0,0.0,world_xy,1,0.6751009962647313,0.733526903604988,1.5,0.6121655155710133,0.7907296513636475,0.25,-0.06293548069371802,0.05720274775865952,0.08504721677568396
25.844433784484863,1.53,clutter,drone,tracking,1,1,467.4785600196584,206.14485809067452,497.08045977011494,192.10361016674761,377.81018405051174,280.0142151885438,-22.189815949488263,-19.9857848114562,-0.4418925454102449,0.4019306439070477,0.0,0.0,world_xy,1,0.6707053391543786,0.7375732816267886,1.5,0.6074101471828243,0.7943883893281294,0.25,-0.06329519197155431,0.056815107701340795,0.08505432258169403
26.192139387130737,1.54,clutter,drone,tracking,1,1,466.8756559856763,205.88071865160214,497.07244295516193,191.63076432104674,377.66878519945135,280.1617847033762,-22.33121480054865,-19.838215296623787,-0.44449500824064536,0.3990891580210331,0.0,0.0,world_xy,1,0.6662864137002761,0.741592588065859,1.5,0.6026329120949369,0.7980185293963895,0.25,-0.06365350160533922,0.05642594133053047,0.08506265409483406
26.419269323349,1.55,clutter,drone,tracking,1,1,466.4602412604628,205.47267355982274,496.0,191.0,377.5693790237382,280.28083722939175,-22.43062097626182,-19.71916277060825,-0.4467595844471704,0.3965009115861557,0.0,0.0,world_xy,1,0.6618414636178697,0.7455834796460694,1.5,0.5978339822872982,0.8016199408837771,0.25,-0.06400748133057144,0.05603646123770767,0.085070809648954
26.552448749542236,1.56,clutter,drone,tracking,1,1,465.75987186595205,205.00770036345713,495.0956084913304,190.11829525198507,377.4387315809737,280.4227713415701,-22.561268419026305,-19.577228658429874,-0.449215765610516,0.39377492545649867,0.0,0.0,world_xy,1,0.657373867773398,0.7495484887619309,1.5,0.5930135305208634,0.8051924941398678,0.25,-0.06436033725253465,0.0556440053779369,0.0850794237507511
26.661162614822388,1.57,clutter,drone,tracking,1,1,465.3319203833395,204.61610762992996,494.5,190.0,377.3015903586331,280.5777233067787,-22.69840964136688,-19.422276693221306,-0.45182960057976784,0.39084376008085875,0.0,0.0,world_xy,1,0.6528817101172929,0.753486238016496,1.5,0.588171730331375,0.8087360605531302,0.25,-0.06470997978591786,0.05524982253663424,0.08508774514713312
26.835142135620117,1.58,clutter,drone,tracking,1,1,464.6740549193448,204.14154660756063,494.08045977011494,189.10361016674761,377.2053634480142,280.6848755434941,-22.794636551985775,-19.315124456505885,-0.454064322332739,0.38834606105795116,0.0,0.0,world_xy,1,0.6483634141114952,0.7573946756173046,1.5,0.5833087560231174,0.8122505125555559,0.25,-0.06505465808837785,0.05485583693825136,0.08509566020186791
26.985100746154785,1.59,clutter,drone,tracking,1,1,464.1628162816282,203.79562400684512,493.00765347663247,189.00765347663244,377.092937996579,280.7994127159261,-22.907062003421004,-19.20058728407389,-0.4563066270873637,0.3859621876008909,0.0,0.0,world_xy,1,0.6438227708881679,0.7612781362278841,1.5,0.5784247826626401,0.8157357236272527,0.25,-0.06539798822552778,0.05445758739936857,0.08510302984797977
27.161554098129272,1.6,clutter,drone,tracking,1,1,463.4345591877167,203.49523278850916,492.5741265344665,188.09191060749131,376.9550435909107,280.9687160813697,-23.04495640908931,-19.031283918630322,-0.45883250268929604,0.3830271075253344,0.0,0.0,world_xy,1,0.6392597046172942,0.765137758103893,1.5,0.5735199860724567,0.8191915683009983,0.25,-0.06573971854483751,0.05405381019710531,0.08510890077529576
27.550947666168213,1.61,clutter,drone,tracking,1,1,463.0169688091314,202.95367148873834,492.08719910728513,187.645464689941,376.8079686670052,281.13188108871645,-23.192031332994816,-18.868118911283545,-0.46158697087312617,0.37991150641051946,0.0,0.0,world_xy,1,0.6346713795904012,0.7689680291791463,1.5,0.5685945428247148,0.8226179221667576,0.25,-0.06607683676568643,0.05364989298761125,0.08511438993813741
27.890352964401245,1.62,clutter,drone,tracking,1,1,462.31053182966656,202.60966290749982,491.07081510290067,187.08766812510126,376.71650588557986,281.25565651790765,-23.283494114420137,-18.744343482092347,-0.46383257215152823,0.3771479561877496,0.0,0.0,world_xy,1,0.6300555098816699,0.7727671442432515,1.5,0.5636486302348394,0.8260146618761615,0.25,-0.06640687964683056,0.05324751763290991,0.08511857493224197
28.15604829788208,1.6300000000000001,clutter,drone,tracking,1,1,461.7431288987709,202.2597121857822,491.0656783038418,186.61533556512035,376.6267124287156,281.3549535666964,-23.37328757128438,-18.645046433303605,-0.46583082075231586,0.37481209105082697,0.0,0.0,world_xy,1,0.6254171841601547,0.7765386238051291,1.5,0.5586824263551494,0.8293816651469472,0.25,-0.06673475780500526,0.052843041341818164,0.08512294001939674
28.42704701423645,1.6400000000000001,clutter,drone,tracking,1,1,461.3517337705714,201.8511568591729,490.0,186.0,376.49732255354894,281.51833963320735,-23.50267744645106,-18.481660366792653,-0.4681533212495038,0.3719637050075913,0.0,0.0,world_xy,1,0.6207588759526316,0.7802867447156373,1.5,0.5536961099684484,0.832718810767361,0.25,-0.06706276598418315,0.05243206605172368,0.08512658886565129
28.677453756332397,1.6500000000000001,clutter,drone,tracking,1,1,460.6478821362799,201.51362799263353,489.07081510290067,185.08766812510126,376.3720882725453,281.6604973939638,-23.627911727454716,-18.339502606036206,-0.47057602356427863,0.3691181959198144,0.0,0.0,world_xy,1,0.6160773427401365,0.7840063817657132,1.5,0.5486898605815875,0.8360259786005205,0.25,-0.06738748215854895,0.05201959683480728,0.0851299665601053
28.947704792022705,1.6600000000000001,clutter,drone,tracking,1,1,460.11241734019103,201.1694219936321,488.5,185.0,376.2781269513355,281.7747626300647,-23.72187304866452,-18.225237369935314,-0.4726998141392351,0.36658079923320486,0.0,0.0,world_xy,1,0.6113715825044936,0.7876975637249114,1.5,0.5436638584190042,0.8393030495887411,0.25,-0.06770772408548942,0.051605485863829736,0.08513202729924088
29.115209579467773,1.67,clutter,drone,tracking,1,1,459.5160127123823,200.678278939005,488.07081510290067,184.08766812510126,376.15260031971616,281.955088038646,-23.847399680283843,-18.04491196135399,-0.4750363128457781,0.3634553912298361,0.0,0.0,world_xy,1,0.6066445843631013,0.7913633717172435,1.5,0.5386182844162335,0.8425499057578212,0.25,-0.06802629994686782,0.051186534040577714,0.0851330649721273
29.262422800064087,1.68,clutter,drone,tracking,1,1,458.9764569192197,200.3468476732098,487.00765347663247,184.00765347663244,376.0522113667402,282.06697132051687,-23.94778863325979,-17.93302867948313,-0.4771920157464578,0.3608182415277406,0.0,0.0,world_xy,1,0.6018942212346435,0.7949979256295419,1.5,0.5335533202133944,0.8457664302212893,0.25,-0.06834090102124912,0.05076850459174742,0.0851347156621695
29.45319390296936,1.69,clutter,drone,tracking,1,1,458.17728924194836,200.10862737853316,486.0221483942414,183.50704002531245,375.91640545194525,282.2478475323235,-24.083594548054748,-17.752152467676524,-0.4796559471145082,0.3576418858319251,0.0,0.0,world_xy,1,0.597122301077179,0.7986061080448192,1.5,0.5284691481486513,0.848952507184612,0.25,-0.0686531529285277,0.050346399139792775,0.08513527655074092
29.63154697418213,1.7,clutter,drone,tracking,1,1,457.7120708748616,199.7827611664821,485.9923465233675,182.99234652336753,375.8177239274187,282.36517663812674,-24.182276072581317,-17.63482336187326,-0.48185021299992314,0.35492190560497217,0.0,0.0,world_xy,1,0.5923257416060339,0.8021825269031385,1.5,0.5233659512516495,0.852108021949363,0.25,-0.06895979035438438,0.049925495046224455,0.08513523208009259
29.78771424293518,1.71,clutter,drone,tracking,1,1,457.0477591809208,199.32180736925997,485.07081510290067,182.08766812510126,375.73337302212644,282.5491177998401,-24.266626977873557,-17.450882200159924,-0.4837654926065746,0.35167456172399664,0.0,0.0,world_xy,1,0.5875072394760347,0.8057317459591883,1.5,0.5182439132369261,0.8552328609173512,0.25,-0.06926332623910858,0.049501114958162895,0.08513382843386315
30.049315690994263,1.72,clutter,drone,tracking,1,1,456.5389745472344,198.97326235927557,484.5782915232005,181.6023938350549,375.6459190522046,282.67857247074613,-24.35408094779541,-17.321427529253867,-0.48558936209870807,0.348789255597591,0.0,0.0,world_xy,1,0.582669584549969,0.8092484915764282,1.5,0.5131032184972965,0.8583269115947114,0.25,-0.06956636605267252,0.04907842001828322,0.08513618852911758
30.421464920043945,1.73,clutter,drone,tracking,1,1,455.78795730766853,198.65401937195384,484.04815175097275,181.06452658884564,375.5264882099436,282.8261156464968,-24.47351179005642,-17.173884353503183,-0.48772384263503926,0.34586789290745096,0.0,0.0,world_xy,1,0.5778136909289819,0.8127363841324041,1.5,0.5079440520972159,0.8613900625959535,0.25,-0.069869638831766,0.0486536784635494,0.08514074734529803
30.687828063964844,1.74,clutter,drone,tracking,1,1,455.37108638823025,198.2152106511034,483.0640597679224,180.59926879669368,375.4358507096548,282.9663045382863,-24.5641492903452,-17.033695461713705,-0.4896813713795649,0.3430112018872037,0.0,0.0,world_xy,1,0.5729364525026316,0.8161950630614786,1.5,0.5027665997661179,0.8644222036479722,0.25,-0.07016985273651366,0.04822714058649358,0.0851449665113178
30.84610366821289,1.75,clutter,drone,tracking,1,1,454.6179775280899,197.9225762878369,482.0,180.5,375.3289211824097,283.13102220665905,-24.671078817590285,-16.868977793340946,-0.4917384841142973,0.339913796575992,0.0,0.0,world_xy,1,0.5680396387888359,0.8196251750803506,1.5,0.49757104789172696,0.867423225594017,0.25,-0.07046859089710894,0.04779805051366637,0.08514972657578594
31.02967405319214,1.76,clutter,drone,tracking,1,1,454.09332596549393,197.60004911892918,482.0397393101255,179.56922587823874,375.2425966447848,283.26202771699485,-24.757403355215217,-16.73797228300515,-0.49361375475880126,0.337078903572253,0.0,0.0,world_xy,1,0.5631222539476929,0.8230243130461106,1.5,0.4923575835133495,0.8703930203976219,0.25,-0.07076467043434337,0.04736870735151133,0.08515534638432488
31.184460639953613,1.77,clutter,drone,tracking,1,1,453.40501857603994,197.15147085693403,481.0,179.0,375.1153019632575,283.41689148943624,-24.88469803674252,-16.58310851056376,-0.4958578680456283,0.33409970022371527,0.0,0.0,world_xy,1,0.5581861164001048,0.8263951020818331,1.5,0.48712639431514015,0.873331481146495,0.25,-0.0710597220849647,0.04693637906466186,0.08516165676226624
31.517744302749634,1.78,clutter,drone,tracking,1,1,452.98994883040933,196.88523391812865,480.0,179.0,375.0169767686324,283.53386593783944,-24.98302323136761,-16.466134062160563,-0.4979492961655765,0.3314723397844381,0.0,0.0,world_xy,1,0.5532275377196486,0.8297360990840702,1.5,0.481877668619345,0.8762385020563663,0.25,-0.07134986910030361,0.04650240297229613,0.08516617464010155
31.977142810821533,1.79,clutter,drone,tracking,1,1,452.1660207910438,196.58750076889953,479.00765347663247,178.00765347663244,374.8980069450523,283.69643117686536,-25.101993054947684,-16.30356882313464,-0.5001991068789339,0.3285018099574782,0.0,0.0,world_xy,1,0.5482480447579928,0.8330508224819145,1.5,0.4766115953795223,0.8791139784747973,0.25,-0.07163644937847052,0.0460631559928828,0.08516804106928152
32.18942880630493,1.8,clutter,drone,tracking,1,1,451.58588638170363,196.36672170243992,478.9923465233675,177.99234652336753,374.80974223404934,283.82194482863264,-25.190257765950662,-16.17805517136736,-0.5021824335209775,0.3257844213659062,0.0,0.0,world_xy,1,0.5432460536892035,0.8363358405814894,1.5,0.47132836417373997,0.8819578068849475,0.25,-0.07191768951546357,0.04562196630345816,0.08516758699550252
32.50535440444946,1.81,clutter,drone,tracking,1,1,451.0129751461988,195.86293859649123,478.0,177.5,374.6919963556085,284.00168202684233,-25.308003644391476,-15.998317973157668,-0.5043701351727461,0.3225844873193921,0.0,0.0,world_xy,1,0.5382242293539937,0.8395936847951484,1.5,0.46602816519775075,0.8847698849093011,0.25,-0.07219606415624297,0.04517620011415269,0.08516549029041234
32.8106894493103,1.82,clutter,drone,tracking,1,1,450.4298934550989,195.59007610350073,477.00765347663247,177.00765347663244,374.64571115118196,284.1719741134317,-25.354288848818044,-15.828025886568298,-0.5058637381647343,0.31927130404597776,0.0,0.0,world_xy,1,0.5331805280022662,0.8428195296683423,1.5,0.46071118925814536,0.887550111313353,0.25,-0.07246933874412087,0.04473058164501076,0.08516237427591548
33.10092329978943,1.83,clutter,drone,tracking,1,1,449.68420407162125,195.34314446897227,476.02281988590056,176.02233088834555,374.5755846187066,284.3111041079421,-25.424415381293386,-15.688895892057872,-0.5073072513683577,0.3162499416333266,0.0,0.0,world_xy,1,0.5281218906206189,0.846012242708802,1.5,0.45537762776548346,0.8902983860092529,0.25,-0.07274426285513541,0.044286143300450886,0.08516448947046594
33.305806159973145,1.84,clutter,drone,tracking,1,1,448.9368103076259,195.12533136058192,475.9923465233675,175.99234652336753,374.4585462308392,284.4600685938266,-25.541453769160796,-15.539931406173423,-0.5092442545765298,0.3132517192029046,0.0,0.0,world_xy,1,0.5230488181069353,0.8491747421251353,1.5,0.45002767272740274,0.8930146100594086,0.25,-0.07302114537953253,0.0438398679342733,0.08517054475012678
33.431766748428345,1.85,clutter,drone,tracking,1,1,448.46730054245137,194.6252818918754,475.0,175.5,374.33510746946325,284.6402063600446,-25.664892530536747,-15.359793639955399,-0.5114737323953427,0.30992100368081643,0.0,0.0,world_xy,1,0.5179563755611699,0.8523072593171643,1.5,0.4446615167417068,0.8956986856800476,0.25,-0.07329485881946313,0.04339142636288329,0.08517600725069563
33.630521059036255,1.86,clutter,drone,tracking,1,1,447.8005268639343,194.37468602585307,474.02281988590056,175.02233088834555,374.2742386312577,284.7513727687038,-25.725761368742326,-15.248627231296211,-0.5131465546340698,0.30719935120062575,0.0,0.0,world_xy,1,0.5128416382372165,0.8554064693539725,1.5,0.43927935298943144,0.8983505162447376,0.25,-0.07356228524778508,0.04294404689076514,0.08517981553298136
33.83649802207947,1.87,clutter,drone,tracking,1,1,447.2336020520337,194.1410773176988,473.5348685284991,174.5392781316348,374.1923613421346,284.8963400043189,-25.807638657865425,-15.103659995681085,-0.5147999748218511,0.3043799679927735,0.0,0.0,world_xy,1,0.5077101726908758,0.8584784628659787,1.5,0.43388137522789066,0.9009700062878644,0.25,-0.07382879746298515,0.04249154342188566,0.08518346434141122
34.11064839363098,1.8800000000000001,clutter,drone,tracking,1,1,446.39674315321986,193.91142363681223,472.9923465233675,173.99234652336753,374.0656604566466,285.0623336601765,-25.934339543353417,-14.937666339823522,-0.5169377236467205,0.30128531533480685,0.0,0.0,world_xy,1,0.5025621729426573,0.8615222625459065,1.5,0.42846777778370077,0.9035570615080695,0.25,-0.0740943951589565,0.042034798962163,0.08518746220988775
34.45592212677002,1.8900000000000001,clutter,drone,tracking,1,1,446.07470741616635,193.42326117276087,472.0201108471892,173.53808392715754,373.9968636108775,285.29991940005607,-26.003136389122517,-14.70008059994393,-0.518656475921372,0.2972792785000463,0.0,0.0,world_xy,1,0.49739279570619005,0.8645351156992546,1.5,0.42303875554578513,0.9061115887716443,0.25,-0.07435404016040492,0.041576473072389764,0.08518876922056251
34.74382209777832,1.9000000000000001,clutter,drone,tracking,1,1,445.25357012083487,193.21640424752837,471.00765347663247,173.00765347663244,373.9007345642247,285.41060855551274,-26.099265435775294,-14.589391444487262,-0.5204873339581456,0.29425898121438077,0.0,0.0,world_xy,1,0.49220623094697635,0.8675079084842551,1.5,0.41759450395835795,0.9086334961158833,0.25,-0.0746117269886184,0.04112558763162821,0.08519520973781836
35.01653861999512,1.9100000000000001,clutter,drone,tracking,1,1,444.66459210446027,192.92324119836474,470.5,173.0,373.83335669072477,285.5423411113447,-26.16664330927523,-14.457658888655317,-0.522052376683193,0.29145078932167984,0.0,0.0,world_xy,1,0.4870013576073949,0.8704504982963989,1.5,0.4121352190138885,0.9111226927523944,0.25,-0.07486613859350638,0.04067219445599557,0.08520074007758631
35.410179138183594,1.92,clutter,drone,tracking,1,1,444.0412877409967,192.56602400873044,469.9852941176471,172.48529411764707,373.72897005351956,285.70200596478327,-26.27102994648044,-14.297994035216732,-0.5239048989187216,0.28843078958213997,0.0,0.0,world_xy,1,0.48178083384056297,0.8733650061896157,1.5,0.4066610972460452,0.9135790890703676,0.25,-0.07511973659451776,0.0402140828807519,0.08520649792104892
35.72475838661194,1.93,clutter,drone,tracking,1,1,443.30907095830287,192.34272128749086,469.0,172.0,373.6556822094984,285.84662616075127,-26.344317790501577,-14.15337383924873,-0.5255447002089422,0.285480967543699,0.0,0.0,world_xy,1,0.47654178485137577,0.876249314085437,1.5,0.4011723357226203,0.9160025966398005,0.25,-0.07536944912875548,0.0397532825543635,0.08521078180499884
35.97088003158569,1.94,clutter,drone,tracking,1,1,442.6990444890755,192.04771468565514,468.0,171.5,373.54552304187837,286.01286139828284,-26.45447695812163,-13.987138601717163,-0.5274943616333619,0.2823249600135534,0.0,0.0,world_xy,1,0.47128633784928636,0.879104123760874,1.5,0.39566913203843584,0.9183931282146828,0.25,-0.07561720581085052,0.039289004453808785,0.08521494989502683
36.27728748321533,1.95,clutter,drone,tracking,1,1,441.9284926470588,191.90735294117647,467.4925835370823,171.4920945395273,373.47454449894883,286.17071945807055,-26.52545550105117,-13.82928054192945,-0.5291524732465758,0.27916831796732294,0.0,0.0,world_xy,1,0.46601139423295274,0.8819273733610096,1.5,0.3901516843082303,0.9207505977361357,0.25,-0.07585970992472246,0.038823224375126086,0.0852170073444522
36.5628867149353,1.96,clutter,drone,tracking,1,1,441.4540124587761,191.6438255771345,466.97043010752685,170.48529411764707,373.3754457225227,286.3249178586644,-26.624554277477273,-13.675082141335622,-0.5309887100132091,0.27605164663998716,0.0,0.0,world_xy,1,0.460719869500487,0.8847190565406828,1.5,0.38462019115952595,0.9230749203355109,0.25,-0.07609967834096104,0.03835586379482803,0.08521932486851286
36.7894549369812,1.97,clutter,drone,tracking,1,1,440.76319786161224,191.20764230605673,466.0,170.0,373.3481905361893,286.50976480470393,-26.651809463810707,-13.490235195296066,-0.5321148236078619,0.27261582813625096,0.0,0.0,world_xy,1,0.4554099824003549,0.8874795730070827,1.5,0.3790748517254788,0.925366012337446,0.25,-0.07633513067487613,0.037886439330363286,0.08521991821331273
36.98147916793823,1.98,clutter,drone,tracking,1,1,439.9667889908257,190.99798165137614,465.0,170.0,373.2406703897574,286.6660889456884,-26.759329610242617,-13.333911054311613,-0.5338042963362066,0.2693501442587407,0.0,0.0,world_xy,1,0.4500888341642763,0.8902057312884452,1.5,0.37351586563770955,0.9276237912628764,0.25,-0.07657296852656675,0.03741805997443126,0.08522634992313538
37.154296875,1.99,clutter,drone,tracking,1,1,439.44996031019105,190.8575441167491,464.0221273905484,169.52236446973288,373.1850645750535,286.8067767331384,-26.814935424946498,-13.193223266861594,-0.5351762230257044,0.26633302085191085,0.0,0.0,world_xy,1,0.44475079120091426,0.8928992327310326,1.5,0.367943433019117,0.9298481758320046,0.25,-0.07680735818179724,0.036948943100972076,0.08523259157825583
37.327112674713135,2.0,clutter,drone,tracking,1,1,438.6916651311344,190.69295497819544,463.5,169.0,373.05622089155025,286.9836467416045,-26.943779108449746,-13.016353258395498,-0.5372108705545142,0.2630297452257103,0.0,0.0,world_xy,1,0.43939902897065725,0.8955625629395516,1.5,0.3623577544766736,0.9320390859672263,0.25,-0.07704127449398362,0.03647652302767468,0.08524021766657927
37.46882176399231,2.0100000000000002,clutter,drone,tracking,1,1,438.2964775542263,190.20288804301853,462.9851500789889,168.5,373.0050940027308,287.14255622075177,-26.9949059972692,-12.857443779248229,-0.5386888577194926,0.2597952669233002,0.0,0.0,world_xy,1,0.4340269202651121,0.8981928603918087,1.5,0.3567590310942035,0.9341964427960134,0.25,-0.0772678891709086,0.03600358240420476,0.08524426457459866
37.61956167221069,2.02,clutter,drone,tracking,1,1,437.5160642570281,190.06030181331386,462.0,168.5,372.93737954234854,287.35261239793954,-27.062620457651462,-12.647387602060462,-0.5400988110079378,0.2560291337381501,0.0,0.0,world_xy,1,0.42864003168791714,0.9007908130610417,1.5,0.3511474644251443,0.9363201686537528,0.25,-0.07749256726277287,0.03552935559271109,0.08524924099256655
37.756611347198486,2.0300000000000002,clutter,drone,tracking,1,1,436.7241568914956,189.8859359726295,461.00765347663247,168.00765347663244,372.85176489826426,287.47321115705375,-27.148235101735736,-12.526788842946246,-0.5416750510726651,0.2530077874545763,0.0,0.0,world_xy,1,0.42323904357783776,0.9033511043984231,1.5,0.3455232564852892,0.9384101870865432,0.25,-0.07771578709254856,0.03505908268812008,0.08525774359169247
37.89737129211426,2.04,clutter,drone,tracking,1,1,436.27449550206654,189.66101385849745,460.5,167.5,372.75462954857153,287.63989611602324,-27.24537045142847,-12.360103883976763,-0.5434528479484125,0.2498146470783037,0.0,0.0,world_xy,1,0.4178222930671111,0.9058811822729689,1.5,0.3398866097455176,0.9404664228539465,0.25,-0.07793568332159351,0.03458524058097767,0.08526493769919621
38.04466891288757,2.05,clutter,drone,tracking,1,1,435.4752020573108,189.53949301983835,459.5,167.0,372.69009974378275,287.7887112683043,-27.309900256217247,-12.211288731695674,-0.5449626843951754,0.24674076723388907,0.0,0.0,world_xy,1,0.412387764587627,0.9083793287437519,1.5,0.33423772712450284,0.9424888019316975,0.25,-0.07815003746312416,0.03410947318794555,0.08526948174257239
38.23093581199646,2.06,clutter,drone,tracking,1,1,434.7365108463183,189.0893981057134,458.9923465233675,166.99234652336753,372.60084107236725,287.97296302786054,-27.399158927632755,-12.027036972139456,-0.5466239561817892,0.24333075194878412,0.0,0.0,world_xy,1,0.40693813774367527,0.9108467364160908,1.5,0.3285768119814088,0.9444772515143676,0.25,-0.07836132576226645,0.03363051509827675,0.08527314302285019
38.37717318534851,2.07,clutter,drone,tracking,1,1,434.2441818181818,188.96927272727274,457.99257151888725,166.5076655602971,372.5411645179372,288.1154299794469,-27.458835482062796,-11.884570020553099,-0.5480279705844959,0.24022910860303692,0.0,0.0,world_xy,1,0.40147189818185736,0.9132800439355787,1.5,0.3229040681085701,0.9464317000179865,0.25,-0.07856783007328727,0.03315165608240778,0.0852756484785146
38.57705903053284,2.08,clutter,drone,tracking,1,1,433.5032918800293,188.77688368690562,457.0153144346692,166.0,372.4436215720947,288.29413893119965,-27.556378427905315,-11.705861068800345,-0.5497327494699816,0.23686757062817043,0.0,0.0,world_xy,1,0.3959916184760124,0.9156823350216091,1.5,0.3172196997241527,0.9483520770826194,0.25,-0.07877191875185968,0.032669742061010254,0.08527794105266921
38.70223021507263,2.09,clutter,drone,tracking,1,1,432.6230151431549,188.62289252651584,456.5,166.0,372.4264613230662,288.4606405320266,-27.573538676933822,-11.539359467973384,-0.5506886627077638,0.23352336093038392,0.0,0.0,world_xy,1,0.39049429098131255,0.9180510107278909,1.5,0.3115239114648053,0.9502383135748991,0.25,-0.07897037951650726,0.032187302847008215,0.08527803530538337
38.91080355644226,2.1,clutter,drone,tracking,1,1,432.2660152008686,188.18976957413437,455.5,165.5,372.32582217164196,288.6410341708249,-27.67417782835804,-11.358965829175077,-0.5522258543304323,0.23003413653959862,0.0,0.0,world_xy,1,0.3849874043542349,0.9203862443371947,1.5,0.30581690837828934,0.9520903415905158,0.25,-0.07917049597594555,0.03170409725332102,0.08528257275507845
39.13430213928223,2.11,clutter,drone,tracking,1,1,431.52184495557987,188.09200438116102,454.97787260945154,165.4776355302671,372.27885249441243,288.77149676417895,-27.721147505587567,-11.228503235821051,-0.5534342570101578,0.22702889703685095,0.0,0.0,world_xy,1,0.37946514581093055,0.9226865857025908,1.5,0.30009889591610034,0.9539080944566607,0.25,-0.07936624989483021,0.031221508754069927,0.08528648328574172
39.322999238967896,2.12,clutter,drone,tracking,1,1,430.6355465884079,187.86115187087307,453.9923465233675,164.99234652336753,372.2211965692199,288.9400314118396,-27.7788034307801,-11.059968588160416,-0.5546122533931521,0.22382265813634752,0.0,0.0,world_xy,1,0.37393080324082895,0.9249568746729593,1.5,0.29437007992606856,0.9556915067344274,0.25,-0.07956072331476038,0.030734632061468092,0.0852908336359874
39.497525453567505,2.13,clutter,drone,tracking,1,1,430.18975574188846,187.7821728034998,453.0,164.5,372.1762642621611,289.15663719396537,-27.823735737838888,-10.843362806034634,-0.5556366071431462,0.21999718702773735,0.0,0.0,world_xy,1,0.36838468070689745,0.9271951012543228,1.5,0.2886306666449518,0.9574405142211659,0.25,-0.07975401406194566,0.030245412966843133,0.08529646982453558
39.652241945266724,2.14,clutter,drone,tracking,1,1,429.4716623915964,187.6819347746427,452.5,164.0,372.1096989537197,289.2895739602845,-27.890301046280285,-10.710426039715514,-0.5568297847234989,0.21681342059935246,0.0,0.0,world_xy,1,0.362828314635466,0.9293950731246002,1.5,0.2828808626910075,0.9591550539527962,0.25,-0.07994745194445851,0.029759980828195975,0.08530680823536944
40.006696701049805,2.15,clutter,drone,tracking,1,1,428.70573201898503,187.2839235730802,451.5,164.0,371.9997897392767,289.46933697785255,-28.000210260723293,-10.53066302214745,-0.5585757159935307,0.21340333251333057,0.0,0.0,world_xy,1,0.357260016788231,0.9315632073305937,1.5,0.2771208750565578,0.9608350642060726,0.25,-0.08013914173167319,0.02927185687547884,0.08531778034165986
40.22026991844177,2.16,clutter,drone,tracking,1,1,428.20796326505945,187.1431333454172,450.97043010752685,163.48529411764707,371.9459314275037,289.5965351737668,-28.054068572496305,-10.403464826233176,-0.5599538264945482,0.21046961271956371,0.0,0.0,world_xy,1,0.3516742596282957,0.933697240655727,1.5,0.2713509111005347,0.9624804845008078,0.25,-0.08032334852776096,0.028783243845080797,0.0853247645467454
40.476433515548706,2.17,clutter,drone,tracking,1,1,427.44220161241435,187.02321634236526,449.9925785567661,163.49234170219484,371.8434284179989,289.782472668266,-28.156571582001106,-10.217527331734004,-0.5617015093245589,0.20710412637287776,0.0,0.0,world_xy,1,0.3460747213633502,0.9358019367829227,1.5,0.26557117854101825,0.9640912556020486,0.25,-0.08050354282233196,0.028289318819125886,0.08532939684655685
40.66301488876343,2.18,clutter,drone,tracking,1,1,426.68993100079376,186.88398363558647,449.00765347663247,162.99234652336753,371.83469864052745,289.9665149658673,-28.16530135947255,-10.033485034132696,-0.5625839941502495,0.20356519224325464,0.0,0.0,world_xy,1,0.34045770627010463,0.9378729780466515,1.5,0.25978188544775555,0.9656673195222095,0.25,-0.08067582082234909,0.027794341475558038,0.08532944089480313
40.84120726585388,2.19,clutter,drone,tracking,1,1,426.13286034806856,186.70426293129586,448.5,162.5,371.7527915433601,290.1581300599459,-28.247208456639896,-9.841869940054096,-0.5638820903906512,0.19986490585005964,0.0,0.0,world_xy,1,0.3348318663286021,0.939908629969084,1.5,0.2539832402346736,0.9672086195231596,0.25,-0.08084862609392851,0.027299989554075643,0.0853334036056719
41.044336557388306,2.2,clutter,drone,tracking,1,1,425.417735434225,186.61060217417858,447.5,162.5,371.7034624834404,290.30868801465994,-28.296537516559624,-9.691311985340064,-0.5650088533579489,0.19654363947126754,0.0,0.0,world_xy,1,0.32919304542469563,0.9419072790275845,1.5,0.2481754516523729,0.9687151001182652,0.25,-0.08101759377232273,0.026807821090680695,0.08533762225587875
41.149919271469116,2.21,clutter,drone,tracking,1,1,424.69713000121607,186.29241152863918,446.97090449082856,162.46995572422514,371.6284129095491,290.4749719966396,-28.371587090450873,-9.525028003360376,-0.5663414420060366,0.19321994579903454,0.0,0.0,world_xy,1,0.3235429568911161,0.9438727154222972,1.5,0.24235872878061607,0.9701867070743877,0.25,-0.08118422811050005,0.026313991652090474,0.08534228172813282
41.287338972091675,2.22,clutter,drone,tracking,1,1,423.85416284333513,186.20909035296995,445.9923465233675,161.99234652336753,371.6059884572515,290.6646709032872,-28.3940115427485,-9.335329096712826,-0.56718777587295,0.18963759567340663,0.0,0.0,world_xy,1,0.31787954247105576,0.9458049148802876,1.5,0.2365332810207974,0.9716233874138356,0.25,-0.08134626145025836,0.025818472533547965,0.08534522702471041
41.38873481750488,2.23,clutter,drone,tracking,1,1,423.42469897743086,186.06673927512554,445.0,161.5,371.53521126760563,290.82731296568795,-28.464788732394368,-9.172687034312048,-0.5683471751991656,0.1862364754304655,0.0,0.0,world_xy,1,0.31220766471232625,0.9477012908370217,1.5,0.230699318088408,0.9730250894162717,0.25,-0.08150834662391826,0.025323798579250045,0.08535165694845785
41.523555517196655,2.24,clutter,drone,tracking,1,1,422.7032772904483,185.98757309941521,444.0,161.5,371.49949188772473,290.99052107789885,-28.50050811227527,-9.009478922101152,-0.5692618180746524,0.18291068208682215,0.0,0.0,world_xy,1,0.3065241929603346,0.9495636555913264,1.5,0.22485705000548248,0.9743917626205755,0.25,-0.08166714295485214,0.02482810702924909,0.08535781825388992
41.65411448478699,2.25,clutter,drone,tracking,1,1,421.87780227857405,185.9037118706358,443.5,161.0,371.4424202081071,291.1412371976783,-28.55757979189292,-8.858762802321678,-0.5703011958444157,0.17975619776460844,0.0,0.0,world_xy,1,0.3008315747795881,0.9513927624121946,1.5,0.21900668709304172,0.9757233578266591,0.25,-0.08182488768654639,0.024330595414464473,0.08536562609234638
41.79489350318909,2.2600000000000002,clutter,drone,tracking,1,1,421.4614549402823,185.42689106044156,442.5,160.5,371.35868569260845,291.31671773322824,-28.641314307391553,-8.683282266771755,-0.5716899955112942,0.17640639392856308,0.0,0.0,world_xy,1,0.29512856282114397,0.9531903243898407,1.5,0.21314843996351787,0.9770198270972389,0.25,-0.0819801228576261,0.023829502707398142,0.08537321443540336
42.20700716972351,2.27,clutter,drone,tracking,1,1,420.6333938294011,185.4016333938294,441.97787260945154,160.4776355302671,371.35558549730524,291.50052495275423,-28.644414502694758,-8.499475047245767,-0.5723490575097248,0.17287710278755683,0.0,0.0,world_xy,1,0.28941166286603104,0.9549543883291264,1.5,0.20728251951317575,0.9782811237595612,0.25,-0.08212914335285529,0.023326735430434842,0.08537758941148056
42.38659453392029,2.2800000000000002,clutter,drone,tracking,1,1,419.9143048698726,185.32461754129335,440.97787260945154,160.4776355302671,371.27965216376316,291.66661414106045,-28.72034783623684,-8.33338585893955,-0.5734809020779814,0.16946194070273563,0.0,0.0,world_xy,1,0.2836881722909338,0.956683159357002,1.5,0.20140913691451723,0.9795072024070824,0.25,-0.08227903537641656,0.022824043050080456,0.08538604454842451
42.578720808029175,2.29,clutter,drone,tracking,1,1,419.0236085626911,185.28146788990827,440.0,159.98468556533072,371.23240476482295,291.81483491791124,-28.767595235177055,-8.185165082088758,-0.5745099535220392,0.1662946892192074,0.0,0.0,world_xy,1,0.27795336327015396,0.9583777787640293,1.5,0.1955285036086824,0.9806980189011036,0.25,-0.08242485966147156,0.022320240137074343,0.08539350449530658
42.75165033340454,2.3000000000000003,clutter,drone,tracking,1,1,418.3419873565334,185.24519732400415,439.4851598173516,159.5,371.16394753118834,292.0207436193677,-28.83605246881166,-7.979256380632307,-0.5757260562418459,0.16260443033559874,0.0,0.0,world_xy,1,0.27220826373493356,0.9600407256562213,1.5,0.18964083129783424,0.9818535303723598,0.25,-0.08256743243709933,0.021812804716138445,0.08540011328352763
42.969897508621216,2.31,clutter,drone,tracking,1,1,417.91106237816757,185.125,438.4925835370823,159.4920945395273,371.16256033994665,292.214515441773,-28.83743966005335,-7.785484558226983,-0.5762885615694175,0.15881232379151625,0.0,0.0,world_xy,1,0.26645100317251513,0.9616667699595773,1.5,0.183746331937541,0.9829736952225624,0.25,-0.08270467123497413,0.021306925262985055,0.08540519719693637
43.30113339424133,2.32,clutter,drone,tracking,1,1,417.12204867417364,184.80439520523066,437.5,159.5,371.0843260224698,292.4002872959148,-28.91567397753022,-7.599712704085221,-0.5774022664590703,0.15506238545111972,0.0,0.0,world_xy,1,0.260688117556821,0.9632548931974925,1.5,0.17784521772914236,0.9840584731258981,0.25,-0.08284289982767862,0.020803579928405647,0.0854150747215991
43.522260904312134,2.33,clutter,drone,tracking,1,1,416.41967871485946,184.7339661677011,436.4925835370823,159.4920945395273,371.0280142962262,292.52268825116505,-28.971985703773782,-7.47731174883495,-0.5785228626480933,0.15202850269018833,0.0,0.0,world_xy,1,0.25491409489223027,0.9648055170520037,1.5,0.17193770111211276,0.9851078250304794,0.25,-0.08297639378011751,0.020302307978475764,0.08542403428781624
43.75332713127136,2.34,clutter,drone,tracking,1,1,415.6189952328566,184.68536853685367,435.946758125102,158.95116772823778,370.9947964118018,292.668845048707,-29.005203588198185,-7.331154951293001,-0.579392527661822,0.14905553067480776,0.0,0.0,world_xy,1,0.24912886626574934,0.9663258020789056,1.5,0.16602399475641233,0.9861217131597513,0.25,-0.08310487150933701,0.019795911080845663,0.08543007529028734
43.96861958503723,2.35,clutter,drone,tracking,1,1,415.1081360048573,184.5841530054645,434.99257151888725,158.5076655602971,370.95761999789937,292.88744763038426,-29.04238000210063,-7.1125523696157416,-0.5801928174709268,0.14531306486943668,0.0,0.0,world_xy,1,0.2433349409891311,0.9678163573856537,1.5,0.16010431155483126,0.9871001010138504,0.25,-0.08323062943429985,0.019283743628196626,0.08543535827950717
44.15694189071655,2.36,clutter,drone,tracking,1,1,414.30990825688076,184.6029357798165,434.4925835370823,158.4920945395273,370.93302867948313,293.0522113667402,-29.06697132051687,-6.9477886332597905,-0.5808234523876026,0.1418165541571042,0.0,0.0,world_xy,1,0.23753301281442185,0.9692694880343481,1.5,0.15417886461532546,0.9880429533709195,0.25,-0.0833541481990964,0.018773465336571427,0.08544212674518567
44.29432225227356,2.37,clutter,drone,tracking,1,1,413.63169479090243,184.58877476155538,433.5,158.0,370.8397623341679,293.25645380633034,-29.160237665832085,-6.743546193669658,-0.582133167898574,0.13799645750106312,0.0,0.0,world_xy,1,0.23172477829054583,0.9706876535759191,1.5,0.14824786725334482,0.988950236288376,0.25,-0.08347691103720101,0.018262582712456843,0.08545125279153079
44.437551975250244,2.38,clutter,drone,tracking,1,1,412.9369254185692,184.30051750380517,432.49235165574044,157.9920995125231,370.83944107720515,293.41665206880845,-29.16055892279485,-6.583347931191554,-0.5827260737051018,0.13451523311858551,0.0,0.0,world_xy,1,0.2259034466115601,0.9720676181509298,1.5,0.1423115329841538,0.9898219171041325,0.25,-0.08359191362740628,0.017754298953202685,0.08545655712238498
44.6105682849884,2.39,clutter,drone,tracking,1,1,412.1341150604617,184.22425796995236,431.5,157.5,370.7697205249858,293.5968008310136,-29.230279475014186,-6.4031991689864185,-0.5837598073924519,0.1309670457622141,0.0,0.0,world_xy,1,0.22007618587450908,0.9734127704821156,1.5,0.13637007551514496,0.9906579644377739,0.25,-0.08370611035936412,0.017245193955658267,0.08546408383679262
44.778594970703125,2.4,clutter,drone,tracking,1,1,411.62086052695184,184.08248730964468,430.9112698412698,157.43571428571428,370.7380489655373,293.74857159531933,-29.261951034462697,-6.2514284046806665,-0.584573374705693,0.12770088304448368,0.0,0.0,world_xy,1,0.21423858780058455,0.9747224409397377,1.5,0.13042370873814554,0.9914583481916864,0.25,-0.08381487906243901,0.016735907251948734,0.0854694363137906
44.92649435997009,2.41,clutter,drone,tracking,1,1,410.87199124726476,184.034220763433,429.90392250277904,157.41797681435602,370.7157235348033,293.9113847195708,-29.284276465196683,-6.088615280429224,-0.5851850597347255,0.12444016545473911,0.0,0.0,world_xy,1,0.20839285405352762,0.9759994497701825,1.5,0.12447264672171729,0.9922230395521415,0.25,-0.08392020733181033,0.016223589781959036,0.08547400811958754
45.05444383621216,2.42,clutter,drone,tracking,1,1,410.1800513384672,184.11826182618262,428.9925785567661,157.49234170219484,370.6795830342082,294.13927848108654,-29.32041696579182,-5.860721518913465,-0.5858578635043366,0.12046601116268071,0.0,0.0,world_xy,1,0.20254100345618037,0.9772438514247299,1.5,0.11851710370345009,0.9929520109903326,0.25,-0.08402389975273028,0.015708159565602675,0.08547959994405274
45.284536838531494,2.43,clutter,drone,tracking,1,1,409.36209969881367,184.03054889667465,428.5,157.0,370.66083693679496,294.28891884479145,-29.339163063205035,-5.7110811552085465,-0.5863668322722068,0.11703159773050033,0.0,0.0,world_xy,1,0.19668242482113701,0.9784485115363567,1.5,0.1125572940822494,0.9936452362633668,0.25,-0.08412513073888761,0.015196724727010058,0.08548671279364678
45.648738384246826,2.44,clutter,drone,tracking,1,1,408.63299232736574,183.78370478626232,427.49235165574044,156.9920995125231,370.5867046965773,294.46601805837474,-29.41329530342267,-5.533981941625257,-0.5874113228601425,0.11353802033660298,0.0,0.0,world_xy,1,0.19081875649841495,0.9796188275136617,1.5,0.10659343241061792,0.994302690415209,0.25,-0.08422532408779704,0.014683862901547329,0.08549573701305746
46.04760408401489,2.45,clutter,drone,tracking,1,1,407.8804108584006,183.80630961115187,426.4925835370823,156.4920945395273,370.56059916704584,294.6305253211073,-29.439400832954163,-5.369474678892686,-0.5881685044495599,0.1101563306192909,0.0,0.0,world_xy,1,0.18494464326981352,0.9807542077170277,1.5,0.10062573338693173,0.9949243497775809,0.25,-0.08431890988288179,0.014170142060553226,0.08550129525249194
46.20414471626282,2.46,clutter,drone,tracking,1,1,407.40640768435765,183.68417532980726,425.5,156.5,370.5383847231955,294.8320135482364,-29.46161527680448,-5.167986451763625,-0.5887535950471512,0.10641819974808076,0.0,0.0,world_xy,1,0.17906295822531793,0.9818557710232206,1.5,0.09465441184771117,0.9955101919708125,0.25,-0.08440854637760675,0.013654420947591839,0.08550582385425348
46.56019473075867,2.47,clutter,drone,tracking,1,1,406.71684587813616,183.7659315958933,424.88904784612936,156.40883802257193,370.50474772249476,294.9892606867554,-29.495252277505244,-5.010739313244585,-0.5893868928237758,0.10300632233232677,0.0,0.0,world_xy,1,0.17317542227484642,0.9829199530207015,1.5,0.08867968275988677,0.996060195904648,0.25,-0.08449573951495964,0.013140242883946551,0.08551137923825707
47.04659652709961,2.48,clutter,drone,tracking,1,1,405.9438756855576,183.77605118829982,423.88156638013373,156.39286851321233,370.48794716372936,295.15657592002145,-29.51205283627064,-4.843424079978547,-0.5898566829696762,0.09963050992931105,0.0,0.0,world_xy,1,0.16728155334660866,0.9839500162440247,1.5,0.0827017612130604,0.9965743417790054,0.25,-0.08457979213354826,0.012624325534980718,0.08551675176576456
47.31914758682251,2.49,clutter,drone,tracking,1,1,405.1815897530183,183.7706073420359,423.40710116731515,156.4186121919585,370.46839120694483,295.3710620274433,-29.53160879305517,-4.628937972556685,-0.5902832040599612,0.09575204716631351,0.0,0.0,world_xy,1,0.1613829865169119,0.9849463213433178,1.5,0.07672086241176215,0.9970526110846887,0.25,-0.08466212410514976,0.012106289741370846,0.08552331558877849
47.535380840301514,2.5,clutter,drone,tracking,1,1,404.40756483706025,183.77607343066592,422.4925835370823,156.4920945395273,370.4417518197088,295.5156075027995,-29.558248180291173,-4.484392497200474,-0.5907681718101854,0.09241673869404629,0.0,0.0,world_xy,1,0.1554801544763123,0.9859038418149809,1.5,0.0707372016677029,0.9974949866040544,0.25,-0.0847429528086094,0.011591144789073526,0.08553199803724607
47.90498185157776,2.5100000000000002,clutter,drone,tracking,1,1,403.66380098774465,183.5371013962563,421.5,156.0,370.38857276255504,295.6956257842364,-29.611427237444957,-4.304374215763573,-0.591571376926478,0.08893564878572013,0.0,0.0,world_xy,1,0.14957247275821045,0.9868280092019214,1.5,0.06475099439202324,0.9979014524116318,0.25,-0.08482147836618721,0.011073443209710376,0.08554124348373857
48.11853218078613,2.52,clutter,drone,tracking,1,1,403.0087638659067,183.60476803333944,420.5,155.5,370.4046000770767,295.8894708568359,-29.59539992292332,-4.110529143164115,-0.5917565187690716,0.08523686252837932,0.0,0.0,world_xy,1,0.14365675898894567,0.9877173656897785,1.5,0.058762456087538564,0.9982719938746955,0.25,-0.0848943029014071,0.010554628184916925,0.08554789793582132
48.31792902946472,2.5300000000000002,clutter,drone,tracking,1,1,402.47008079703534,183.51618978190874,419.5,155.5,370.382793061153,296.0604695987384,-29.617206938847005,-3.9395304012616066,-0.5920797097733993,0.08169142255164837,0.0,0.0,world_xy,1,0.13773919380125496,0.9885697343150623,1.5,0.05277180234098107,0.998606597653793,0.25,-0.08496739146027389,0.010036863338730662,0.08555814535883641
48.46441292762756,2.54,clutter,drone,tracking,1,1,401.66563052355696,183.57859450234653,418.50741646291766,155.4920945395273,370.3339110543116,296.2406703897574,-29.666088945688387,-3.7593296102426166,-0.592762847800602,0.07811376586091054,0.0,0.0,world_xy,1,0.13181839670352097,0.9893866485405788,1.5,0.04677924881523865,0.9989052517032243,0.25,-0.08503914788828232,0.009518603162645523,0.08557020789815271
48.594767808914185,2.5500000000000003,clutter,drone,tracking,1,1,400.97765976927303,183.57010315571017,417.85921325051754,155.39337474120083,370.3090706402152,296.3929949280057,-29.690929359784775,-3.6070050719943083,-0.5933435044679034,0.07482825042934714,0.0,0.0,world_xy,1,0.12589076822551495,0.9901677861991879,1.5,0.040785011241591035,0.999167945271476,0.25,-0.08510575698392392,0.009000159072288128,0.08558032913662582
48.77164435386658,2.56,clutter,drone,tracking,1,1,400.35780714635337,183.63895007342143,417.2737978410206,155.31632319267254,370.2939669310548,296.6080868920677,-29.706033068945203,-3.3919131079322824,-0.5937709407689538,0.07098375688046131,0.0,0.0,world_xy,1,0.11995733318083592,0.9909160687034814,1.5,0.03478930541194349,0.9993946689016079,0.25,-0.08516802776889243,0.008478600198126518,0.08558901574011997
48.8854398727417,2.57,clutter,drone,tracking,1,1,399.58600368324124,183.6683241252302,416.41186299081033,154.9269841269841,370.2742386312577,296.75137276870373,-29.725761368742326,-3.2486272312962683,-0.5941802984021948,0.06767759014046655,0.0,0.0,world_xy,1,0.11401962377314638,0.991625906272286,1.5,0.028792347171058587,0.9995854144315939,0.25,-0.08522727660208779,0.007959508159307904,0.08559814511510673
49.04660654067993,2.58,clutter,drone,tracking,1,1,398.8094020216782,183.45816587504567,415.49235165574044,154.9920995125231,370.2649677438188,296.931838748285,-29.735032256181228,-3.0681612517150256,-0.5944664890989811,0.06420468933207524,0.0,0.0,world_xy,1,0.10807782078912444,0.9923026821736907,1.5,0.02279435240878465,0.9997401749946153,0.25,-0.08528346838033979,0.007437492820924652,0.08560716254170396
49.269702672958374,2.59,clutter,drone,tracking,1,1,398.0835934153356,183.5184505232238,414.5,155.0,370.2500802530744,297.1583115920459,-29.749919746925627,-2.841688407954109,-0.5947590373107233,0.06015068268692906,0.0,0.0,world_xy,1,0.10213315589813463,0.9929447290670114,1.5,0.016795537052286227,0.9998589450193088,0.25,-0.0853376188458484,0.0069142159522974644,0.0856172621176028
49.57068681716919,2.6,clutter,drone,tracking,1,1,397.54690949227376,183.62637969094922,413.5,155.0,370.22909553575073,297.30715131989797,-29.77090446424927,-2.6928486801020313,-0.5951215158965676,0.056689142690240425,0.0,0.0,world_xy,1,0.0961855655250274,0.9935462358938807,1.5,0.010796117058267392,0.9999417202299663,0.25,-0.08538944846676,0.006395484336085611,0.085628617467238
49.785067319869995,2.61,clutter,drone,tracking,1,1,396.7469805652627,183.59585555759915,412.5,154.5,370.1729962979831,297.49285288862416,-29.827003702016896,-2.5071471113758435,-0.5959017228756412,0.05308873243574247,0.0,0.0,world_xy,1,0.09023435036606173,0.994113127320783,1.5,0.004796308405200884,0.9999884976466891,0.25,-0.08543804196086084,0.005875370325906015,0.08563982128993705
49.93129825592041,2.62,clutter,drone,tracking,1,1,396.0552482792527,183.61025073746313,411.8516571064372,154.401051625239,370.2017674424034,297.6612440973377,-29.798232557596577,-2.3387559026622853,-0.595936333427601,0.04961624452536925,0.0,0.0,world_xy,1,0.08427533313730531,0.9946440146451405,1.5,-0.0012036729144506543,0.9999992755854952,0.25,-0.08547900605175597,0.005355260940354656,0.08564659535168588
50.084842681884766,2.63,clutter,drone,tracking,1,1,395.4822474377745,183.63744509516837,410.8588084970452,154.37198530586167,370.18525262783135,297.81880949462754,-29.814747372168654,-2.181190505372456,-0.5961335711362756,0.046320405595513175,0.0,0.0,world_xy,1,0.07831596980302931,0.9951401770903943,1.5,-0.007203610902006825,0.9999740536583799,0.25,-0.08551958070503614,0.004833876567985618,0.08565608587041385
50.241774559020996,2.64,clutter,drone,tracking,1,1,394.79258443465494,183.73127753303964,410.3765792031098,154.41496598639455,370.14403674007673,298.0177339729001,-29.85596325992327,-1.9822660270999108,-0.5966757028704801,0.042649108816079945,0.0,0.0,world_xy,1,0.07235463409166655,0.9956033811463494,1.5,-0.013203289560348956,0.9999128327733301,0.25,-0.0855579236520155,0.004309451626980709,0.0856663858988425
50.46101522445679,2.65,clutter,drone,tracking,1,1,394.00391652897616,183.74016278073557,409.39142394822005,154.41504854368932,370.16441074670075,298.21729207889007,-29.835589253299247,-1.7827079211099317,-0.5966955480780078,0.038801886099445224,0.0,0.0,world_xy,1,0.06638787706296174,0.9960298722345102,1.5,-0.019202492901692427,0.9998156151342908,0.25,-0.08559036996465418,0.0037857428997806197,0.08567405254795418
50.57993459701538,2.66,clutter,drone,tracking,1,1,393.4008246922563,183.53526165787397,408.5,154.5,370.11800081742274,298.4059905412507,-29.88199918257726,-1.5940094587493263,-0.5972149876434534,0.03499495279099294,0.0,0.0,world_xy,1,0.060420921582181666,0.9964178910955047,1.5,-0.025201004955365744,0.9996824042410868,0.25,-0.08562192653754741,0.003264513145582071,0.0856841370971246
50.735538721084595,2.67,clutter,drone,tracking,1,1,392.77146671521325,183.65222404272103,407.5,154.5,370.1123413101619,298.54609158754073,-29.887658689838076,-1.4539084124592705,-0.5975109900277729,0.0317407212929988,0.0,0.0,world_xy,1,0.054448771705747134,0.9967678406234146,1.5,-0.03119860977558193,0.9995132048892956,0.25,-0.08564738148132907,0.002745364265881012,0.0856913705081246
50.85605502128601,2.68,clutter,drone,tracking,1,1,392.03451838347,183.68945609237312,406.5,154.5,370.13801777824466,298.72899558170343,-29.86198222175534,-1.2710044182965703,-0.5973617499518066,0.028264373183111733,0.0,0.0,world_xy,1,0.04847366180546941,0.9970852478363446,1.5,-0.03719509144921609,0.9993080231700756,0.25,-0.0856687532546855,0.002222775333731053,0.08569758464738916
50.99200177192688,2.69,clutter,drone,tracking,1,1,391.327375524348,183.75372363061584,405.5,154.5,370.0966260532642,298.9393249772425,-29.903373946735826,-1.0606750227574935,-0.5977499008924071,0.024386393182732707,0.0,0.0,world_xy,1,0.04250004430595134,0.9973678915681756,1.5,-0.04319023410357469,0.9990668664699468,0.25,-0.08569027840952603,0.0016989749017711775,0.08570711948034966
51.12147760391235,2.7,clutter,drone,tracking,1,1,390.6239143730886,183.91015290519877,404.8366858237548,154.37388250319282,370.10512371615306,299.0765931372549,-29.89487628384694,-0.9234068627450824,-0.5978310945238995,0.02113135242242563,0.0,0.0,world_xy,1,0.03652254529702727,0.9976117555000029,1.5,-0.049183821914170554,0.998789743470524,0.25,-0.08570636721119781,0.0011779879705210439,0.08571446223479079
51.2644145488739,2.71,clutter,drone,tracking,1,1,389.92485937882117,183.9690633406701,404.1979371316306,154.28028814669284,370.12680683694845,299.28324667518655,-29.873193163051553,-0.7167533248134532,-0.5976291173293219,0.01739339516303952,0.0,0.0,world_xy,1,0.030544234351788272,0.9978230690242271,1.5,-0.055175639112488906,0.9984766641482055,0.25,-0.08571987346427717,0.0006535951239783344,0.08572236518737557
51.39791774749756,2.72,clutter,drone,tracking,1,1,389.2206676485027,184.10180412371133,403.376213592233,154.39935275080904,370.0950545921644,299.46361884743385,-29.904945407835612,-0.5363811525661504,-0.5978875022843866,0.013727220501595437,0.0,0.0,world_xy,1,0.024567943178495054,0.9979970029758575,1.5,-0.06116546999375861,0.998127639773813,0.25,-0.08573341317225366,0.00013063679795555228,0.08573351270149461
51.51954007148743,2.73,clutter,drone,tracking,1,1,388.497751033309,183.9214685144663,402.5,154.5,370.08520490989565,299.60770470551137,-29.91479509010435,-0.3922952944886333,-0.5981121220191219,0.010492497465092914,0.0,0.0,world_xy,1,0.018589068155651187,0.9981342751808734,1.5,-0.06715309892471397,0.9977426829121864,0.25,-0.08574216708036515,-0.00039159226868701325,0.08574306129444031
51.643924951553345,2.74,clutter,drone,tracking,1,1,387.8818534691897,184.081756428918,401.4925835370823,154.4920945395273,370.0991027280104,299.80077876436826,-29.900897271989606,-0.19922123563173955,-0.5980603249004905,0.006913057451240946,0.0,0.0,world_xy,1,0.012607946935459968,0.9982392001555244,1.5,-0.073138310351361,0.9973218074217308,0.25,-0.08574625728682096,-0.0009173927337935428,0.08575116470419346
51.840134382247925,2.75,clutter,drone,tracking,1,1,387.2517775752051,184.08015800668488,400.4925835370823,154.4920945395273,370.07133352010084,299.98396133912314,-29.928666479899164,-0.016038660876859012,-0.5983424774841116,0.0032873011227038747,0.0,0.0,world_xy,1,0.006627343686455063,0.9983083307300368,1.5,-0.07912088880673386,0.9968650284539189,0.25,-0.08574823249318893,-0.001443302276117886,0.08576037836417368
52.044758796691895,2.7600000000000002,clutter,drone,tracking,1,1,386.5471054235222,184.19713589274832,399.50741646291766,154.4920945395273,370.1206698302077,300.1962796290135,-29.879330169792297,0.19627962901347473,-0.5979267467355655,-0.0006797904139314789,0.0,0.0,world_xy,1,0.0006439189116139469,0.9983412037412638,1.5,-0.08510061891865518,0.9963723624527437,0.25,-0.08574453783026913,-0.00196884128852004,0.08576713883385545
52.26302480697632,2.77,clutter,drone,tracking,1,1,385.9249407906723,184.25141191473855,398.50741646291766,154.4920945395273,370.0891466078039,300.39224273851653,-29.91085339219609,0.39224273851652924,-0.5980864233451614,-0.004620575809950987,0.0,0.0,world_xy,1,-0.005335348555741708,0.9983344058371245,1.5,-0.09107728541748583,0.9958438271541286,0.25,-0.08574193686174413,-0.0024905786829959586,0.08577810162844308
52.677629470825195,2.7800000000000002,clutter,drone,tracking,1,1,385.04589062022603,184.42401466544456,397.8066218809981,154.36596289187457,370.0902215681465,300.52817197519187,-29.90977843185351,0.5281719751918672,-0.5981464532557113,-0.007889150841588484,0.0,0.0,world_xy,1,-0.011316212789193321,0.998288200079025,1.5,-0.09705067314387823,0.9952794415852867,0.25,-0.0857344603546849,-0.0030087584937382728,0.08578723867792155
53.05284380912781,2.79,clutter,drone,tracking,1,1,384.48582995951415,184.53619187829713,397.18289085545723,154.27663061291378,370.12534510030525,300.71268393189627,-29.874654899694747,0.7126839318962652,-0.5977871078617123,-0.011389641129573736,0.0,0.0,world_xy,1,-0.017297677321750433,0.9982093085706091,1.5,-0.10302056705651848,0.9946792260640379,0.25,-0.08572288973476805,-0.003530082506571164,0.08579554363125395
53.31968641281128,2.8000000000000003,clutter,drone,tracking,1,1,383.7838517700472,184.66445794220505,396.376213592233,154.39935275080904,370.07596288515407,300.8883636788048,-29.92403711484593,0.8883636788048079,-0.5981686068010759,-0.01489733897516107,0.0,0.0,world_xy,1,-0.023275548400367555,0.9980954121593133,1.5,-0.10898675223987134,0.994043202198076,0.25,-0.08571120383950379,-0.004052209961237341,0.08580693951649203
53.805455446243286,2.81,clutter,drone,tracking,1,1,383.0916197055081,184.48821426407318,395.5,154.5,370.1089288006628,301.05528130798587,-29.891071199337205,1.0552813079858652,-0.5979776562531933,-0.018311896926667,0.0,0.0,world_xy,1,-0.029257234468378315,0.9979464387695617,1.5,-0.11494901391191367,0.9933713928841915,0.25,-0.08569177944353536,-0.004575045885370166,0.08581382236593794
54.009925365448,2.82,clutter,drone,tracking,1,1,382.48092113257985,184.74541256531776,394.5,154.5,370.1441711167527,301.26153082961275,-29.855828883247284,1.2615308296127523,-0.5975040630296571,-0.022117192742740426,0.0,0.0,world_xy,1,-0.035237011030910245,0.997763319800295,1.5,-0.12090713743186987,0.9926638223074471,0.25,-0.08567012640095963,-0.005099497492847882,0.08582176549242017
54.214890003204346,2.83,clutter,drone,tracking,1,1,381.6863995142684,184.81044323011534,393.5,154.5,370.1037922053653,301.43901755369467,-29.896207794634677,1.4390175536946685,-0.5977351141043272,-0.025781929824874546,0.0,0.0,world_xy,1,-0.04121205166120682,0.9975421478728675,1.5,-0.12686090830793648,0.9919205159403073,0.25,-0.08564885664672967,-0.005621631932560267,0.08583314855274289
54.4535231590271,2.84,clutter,drone,tracking,1,1,381.14887555313084,184.85082136145965,392.5,154.5,370.11652010417026,301.5844340118418,-29.883479895829737,1.584434011841779,-0.5976990802010744,-0.029030642551453118,0.0,0.0,world_xy,1,-0.04718940280225009,0.9972843285746188,1.5,-0.13281011220500497,0.9911415005417208,0.25,-0.08562070940275487,-0.006142828032898007,0.08584078409982492
54.6806104183197,2.85,clutter,drone,tracking,1,1,380.49645261051484,185.022739676187,391.50741646291766,154.4920945395273,370.16818709764027,301.7696707581143,-29.83181290235973,1.7696707581142732,-0.5971145280164405,-0.03253016748741091,0.0,0.0,world_xy,1,-0.053166393604260835,0.9969940221491043,1.5,-0.13875453495237755,0.990326804156158,0.25,-0.08558814134811671,-0.006667217992946228,0.08584743289808187
55.095113039016724,2.86,clutter,drone,tracking,1,1,379.6931506849315,185.21698630136987,390.8066218809981,154.36596289187457,370.1455591337627,301.9719791374965,-29.854440866237326,1.9719791374964757,-0.5971003871360088,-0.036330345881796136,0.0,0.0,world_xy,1,-0.05913753888442524,0.9966687204742302,1.5,-0.14469396255147735,0.9894764561126008,0.25,-0.0855564236670521,-0.007192264361629341,0.08585819877765709
55.384907245635986,2.87,clutter,drone,tracking,1,1,379.00750915750916,185.40115995115994,390.17526617526613,154.27633087633086,370.18396801774196,302.177367299892,-29.81603198225804,2.177367299892012,-0.5966715260160423,-0.0402996959456204,0.0,0.0,world_xy,1,-0.06510854275578533,0.9963054170154122,1.5,-0.15062818118355217,0.9885904870234868,0.25,-0.08551963842776684,-0.007714929991925357,0.08586692437485044
55.527480602264404,2.88,clutter,drone,tracking,1,1,378.4093396570595,185.47239450322266,389.3760103459424,154.40688651794375,370.19396539146163,302.31832851848606,-29.80603460853837,2.318328518486055,-0.5963685674011411,-0.043636476878875785,0.0,0.0,world_xy,1,-0.07107525801594575,0.995902420055956,1.5,-0.15655697721737225,0.9876689287836077,0.25,-0.0854817192014265,-0.008233491272348292,0.08587732352701359
55.86089611053467,2.89,clutter,drone,tracking,1,1,377.7138279218816,185.4001451115545,388.4925835370823,154.50790546047267,370.1701353608259,302.50553589572894,-29.829864639174104,2.50553589572894,-0.5964943663614287,-0.04719730944851245,0.0,0.0,world_xy,1,-0.07703894368995716,0.9954660552871673,1.5,-0.16248013721692062,0.9867118145689605,0.25,-0.08544119352696346,-0.00875424071820674,0.08588849912452966
56.077460527420044,2.9,clutter,drone,tracking,1,1,377.0173207364341,185.51538275193798,387.5,154.5,370.22096558646564,302.67898014087547,-29.77903441353436,2.678980140875467,-0.5959918434115209,-0.05070757080146073,0.0,0.0,world_xy,1,-0.08300388735357145,0.9949940821926821,1.5,-0.16839744794907702,0.9857191788355535,0.25,-0.08539356059550557,-0.009274903357128661,0.08589577418861977
56.43180847167969,2.91,clutter,drone,tracking,1,1,376.2689193302892,185.7682191780822,386.5,154.5,370.23614248276743,302.83790629942854,-29.763857517232566,2.837906299428539,-0.5955987622247426,-0.054035376154371255,0.0,0.0,world_xy,1,-0.08896380578768666,0.9944870064846676,1.5,-0.17430869639129415,0.984691057318166,0.25,-0.08534489060360749,-0.009795949166501616,0.08590524414850594
56.85052537918091,2.92,clutter,drone,tracking,1,1,375.6883409436834,185.97905631659054,385.50741646291766,154.4920945395273,370.260113346524,303.07005071994297,-29.739886653475992,3.0700507199429694,-0.59515819618937,-0.05808647718883973,0.0,0.0,world_xy,1,-0.09491979340993409,0.9939466527231239,1.5,-0.1802136697392665,0.9836274870290616,0.25,-0.08529387632933241,-0.010319165694062327,0.08591583393010258
57.10040616989136,2.93,clutter,drone,tracking,1,1,374.99348554033486,186.08261796042618,384.5076483442595,154.9920995125231,370.27413075580614,303.22527680984314,-29.72586924419386,3.2252768098431375,-0.5948057499713489,-0.061616959643252395,0.0,0.0,world_xy,1,-0.10087137537182779,0.9933657879512355,1.5,-0.1861121554145913,0.9825285062566557,0.25,-0.08524078004276352,-0.01083728169457987,0.08592692975328786
57.36931657791138,2.94,clutter,drone,tracking,1,1,374.15251024276887,186.36525408181984,383.80049504950495,154.86864686468644,370.27666602470947,303.38146844780596,-29.72333397529053,3.3814684478059576,-0.5946192612153028,-0.06492378476532912,0.0,0.0,world_xy,1,-0.10681943287154128,0.992749618354803,1.5,-0.19200394107242125,0.9813941545641375,0.25,-0.08518450820087997,-0.011355463790665543,0.08593804160746801
57.58171558380127,2.95,clutter,drone,tracking,1,1,373.58876281112737,186.5360541727672,383.1411943319838,154.76551956815112,370.2993142490297,303.59267559601966,-29.700685750970308,3.59267559601966,-0.5942862108075596,-0.06873513470061436,0.0,0.0,world_xy,1,-0.1127656254836943,0.9921003805071498,1.5,-0.197888814609109,0.9802244727880455,0.25,-0.08512318912541471,-0.011875907719104295,0.08594762655846758
57.74855637550354,2.96,clutter,drone,tracking,1,1,372.97836846929425,186.62224259089518,382.34831086703275,154.89332667665167,370.3149474396913,303.7379689132477,-29.68505256030869,3.7379689132476983,-0.5939643730267975,-0.07204846866100115,0.0,0.0,world_xy,1,-0.1187084875917699,0.9914130291601436,1.5,-0.20376656416984282,0.9790195030367972,0.25,-0.08505807657807292,-0.012393526123346432,0.08595624399036633
57.877690076828,2.97,clutter,drone,tracking,1,1,372.2637396004129,186.56336916256754,381.5,155.5,370.37621316702285,303.9307721056258,-29.623786832977146,3.930772105625806,-0.5931456230248074,-0.07566030405933438,0.0,0.0,world_xy,1,-0.12464813132203788,0.9906925444735336,1.5,-0.20963697815627325,0.9777792886891735,0.25,-0.08498884683423537,-0.01291325578436009,0.0859642731672026
57.98766732215881,2.98,clutter,drone,tracking,1,1,371.61267137766504,186.7046566406958,380.5,155.5,370.39305234391423,304.10116086235485,-29.606947656085765,4.1011608623548454,-0.5925919545781068,-0.07915990631260376,0.0,0.0,world_xy,1,-0.13057958755228596,0.9899359414329403,1.5,-0.21549984523413085,0.9765038743927572,0.25,-0.08492025768184489,-0.013432067040183071,0.08597598844865297
58.11941146850586,2.99,clutter,drone,tracking,1,1,371.07455664133187,186.9673663891905,379.50741646291766,155.4920945395273,370.3753976175051,304.2842242883741,-29.624602382494913,4.284224288374105,-0.592537005767592,-0.08274842501278686,0.0,0.0,world_xy,1,-0.13650550709806702,0.9891443423698142,1.5,-0.22135495434083396,0.9751933060623249,0.25,-0.08484944724276694,-0.013951036307489284,0.08598872083858426
58.252742528915405,3.0,clutter,drone,tracking,1,1,370.3935335987453,187.09385933164435,378.50741646291766,155.4920945395273,370.43878622427553,304.46438821223575,-29.561213775724468,4.464388212235747,-0.5918150041283856,-0.0863450615903473,0.0,0.0,world_xy,1,-0.14243087715574296,0.9883168581196863,1.5,-0.2272020946930869,0.9738476308781953,0.25,-0.08477121753734393,-0.014469227241491023,0.08599719681320776
58.37181544303894,3.0100000000000002,clutter,drone,tracking,1,1,369.4659570563406,187.4720743867376,377.7839179881467,155.37113567195257,370.4533699608063,304.62381019036957,-29.5466300391937,4.623810190369568,-0.5913296822889043,-0.08971718980972154,0.0,0.0,world_xy,1,-0.1483490271970268,0.9874534075037829,1.5,-0.2330410557944691,0.9724668972845293,0.25,-0.08469202859744229,-0.014986510219253568,0.08600776242003842
58.52718949317932,3.02,clutter,drone,tracking,1,1,368.8935533150015,187.66776657500762,376.784935579782,155.86653452262965,370.4892968503661,304.8320312043817,-29.510703149633912,4.832031204381678,-0.59071609167598,-0.09352507866257316,0.0,0.0,world_xy,1,-0.15426232401991585,0.9865562356056856,1.5,-0.23887162744301066,0.9710511549875874,0.25,-0.0846093034230948,-0.015505080618098188,0.0860182640531361
58.66151165962219,3.0300000000000002,clutter,drone,tracking,1,1,368.2581633278196,187.8486185137536,376.3454457364341,156.38404392764855,370.50131399138024,304.9969340201128,-29.498686008619757,4.996934020112803,-0.5903077873490082,-0.09705255961939876,0.0,0.0,world_xy,1,-0.16016948493667565,0.9856209848190599,1.5,-0.24469359973876284,0.9696004549539393,0.25,-0.08452411480208719,-0.016020529865120592,0.08602896814582653
58.76901340484619,3.04,clutter,drone,tracking,1,1,367.4986666666666,187.90939393939394,375.5,156.5,370.5278527134499,305.15807144775715,-29.472147286550126,5.158071447757152,-0.5898321244591052,-0.1004124377540581,0.0,0.0,world_xy,1,-0.16607256281016575,0.9846504592228659,1.5,-0.25050676309135084,0.9681148494086297,0.25,-0.08443420028118509,-0.016535609814236185,0.08603813438849044
58.853342056274414,3.0500000000000003,clutter,drone,tracking,1,1,366.9624932052908,187.9561514767168,374.50741646291766,156.4920945395273,370.55860632787346,305.37438751224977,-29.441393672126537,5.374387512249768,-0.5892797863999892,-0.10430385962407361,0.0,0.0,world_xy,1,-0.1719708840547568,0.9836463348453253,1.5,-0.2563109082275227,0.9665943918332975,0.25,-0.08434002417276593,-0.017051943012027726,0.08604654808850952
58.96806073188782,3.06,clutter,drone,tracking,1,1,366.3921355768651,188.19220794885712,373.50741646291766,156.4920945395273,370.58685076298474,305.52862942741143,-29.41314923701526,5.528629427411431,-0.588720545487163,-0.10775166053235885,0.0,0.0,world_xy,1,-0.1778636819187567,0.9826032962490845,1.5,-0.2621058261986795,0.9650391369642516,0.25,-0.0842421442799228,-0.017564159284832903,0.08605369581989092
59.09227800369263,3.0700000000000003,clutter,drone,tracking,1,1,365.68497703649984,188.37394247038915,372.50741646291766,156.4920945395273,370.6529574834398,305.70301438617986,-29.34704251656018,5.703014386179859,-0.5877417131513853,-0.11122140548753993,0.0,0.0,world_xy,1,-0.18375088737362832,0.9815257796437609,1.5,-0.267891308388401,0.9634491407904989,0.25,-0.08414042101477265,-0.01807663885326194,0.0860603004920065
59.180556297302246,3.08,clutter,drone,tracking,1,1,364.8819533688269,188.84903004712072,371.7687991021324,156.36956870290203,370.66958496028195,305.85485574874656,-29.330415039718048,5.854855748746559,-0.5871183363550219,-0.11445304570560513,0.0,0.0,world_xy,1,-0.18962830450514218,0.9804135655888855,1.5,-0.2736671465199522,0.9618244605517303,0.25,-0.08403884201481004,-0.018589105037155162,0.08607021432105644
59.306934118270874,3.09,clutter,drone,tracking,1,1,364.23915964333696,189.0217417857579,371.0,156.98468556533072,370.67981918211444,306.0332025090234,-29.320180817885557,6.033202509023397,-0.586725240356501,-0.11786909816677967,0.0,0.0,world_xy,1,-0.1954994878686924,0.9792690351318294,1.5,-0.279433132663785,0.9601651547362586,0.25,-0.0839336447950926,-0.01910388039557076,0.08608028214845168
59.55643844604492,3.1,clutter,drone,tracking,1,1,363.646609184859,189.30679386045372,370.3301064859632,157.37786382704095,370.7362382778079,306.2485659097938,-29.2637617221921,6.248565909793797,-0.5859277371045386,-0.12177531918278263,0.0,0.0,world_xy,1,-0.2013667402722574,0.9780903441501616,1.5,-0.28518905924502064,0.9584712830789142,0.25,-0.08382231897276324,-0.019619061071247446,0.08608768039208049
59.89933753013611,3.11,clutter,drone,tracking,1,1,362.9560747094969,189.42641601265436,369.32221685194133,157.38053810214274,370.77214606276004,306.3863706660597,-29.227853937239956,6.38637066605969,-0.5851738750066818,-0.1250489709589088,0.0,0.0,world_xy,1,-0.20722601764330278,0.9768725909583338,1.5,-0.29093471905092383,0.9567429065588937,0.25,-0.08370870140762104,-0.020129684399440073,0.0860950108041768
60.06221270561218,3.12,clutter,drone,tracking,1,1,362.32802701398936,189.46237337192474,368.5,157.5,370.8475881803317,306.5641906096706,-29.152411819668316,6.564190609670618,-0.5840047737693583,-0.12847813363788574,0.0,0.0,world_xy,1,-0.2130777563933696,0.9756221012487447,1.5,-0.29666990523836206,0.9549800873975652,0.25,-0.08359214884499247,-0.020642013851179475,0.08610307825133583
60.31763744354248,3.13,clutter,drone,tracking,1,1,361.7155266015201,189.60405356496562,367.50741646291766,157.4920945395273,370.8436615361268,306.74339712946585,-29.156338463873226,6.743397129465848,-0.5835218712988167,-0.1319925285611729,0.0,0.0,world_xy,1,-0.21891780413106318,0.9743373199123658,1.5,-0.3023944113412521,0.953182889056228,0.25,-0.08347660721018893,-0.021154430856137774,0.08611535226759094
60.69218301773071,3.14,clutter,drone,tracking,1,1,360.84006857702667,190.22483468038206,366.74581884417944,157.8729922172545,370.91599855290644,306.94366838217275,-29.084001447093556,6.943668382172746,-0.5825088580024966,-0.13577699005642802,0.0,0.0,world_xy,1,-0.22475302284405135,0.9730173946267541,1.5,-0.30810803127799236,0.9513513762338286,0.25,-0.083355008433941,-0.02166601839292548,0.08612475709123922
61.07300162315369,3.15,clutter,drone,tracking,1,1,360.2970974641002,190.33498319584479,365.75372393247267,157.8652763985435,370.9569913177426,307.10405872193434,-29.04300868225738,7.1040587219343365,-0.5816020816059546,-0.1392442914666703,0.0,0.0,world_xy,1,-0.23057811142407633,0.9716596247261898,1.5,-0.31381055935888225,0.9494856148646305,0.25,-0.08323244793480591,-0.022174009861559374,0.08613551591858441
61.40219449996948,3.16,clutter,drone,tracking,1,1,359.7702513541476,190.5824965005173,365.0,158.4552073440962,370.99411311234144,307.32602144509076,-29.005886887658562,7.32602144509076,-0.5807856924869238,-0.14324616705600002,0.0,0.0,world_xy,1,-0.2363941322401359,0.9702671818115232,1.5,-0.3195017902935267,0.9475856721158417,0.25,-0.08310765805339082,-0.0226815096956815,0.08614716309429249
61.694594621658325,3.17,clutter,drone,tracking,1,1,359.14621807764973,190.80392515389772,364.3299484203739,158.38829787234042,371.02325377632917,307.4634984053552,-28.97674622367083,7.46349840535521,-0.5800977700794948,-0.14655925763410732,0.0,0.0,world_xy,1,-0.24220198916500513,0.9688347201409632,1.5,-0.3251815191982268,0.9456516163851957,0.25,-0.08297953003322167,-0.023183103755767487,0.08615717442143178
61.84242510795593,3.18,clutter,drone,tracking,1,1,358.44306306306305,190.76426426426423,363.4925835370823,158.50790546047267,371.08471141942863,307.604407539766,-28.91528858057137,7.604407539765987,-0.5791121709220578,-0.14960014887277415,0.0,0.0,world_xy,1,-0.24800296686580006,0.9673691275646221,1.5,-0.3308495416033552,0.9436835172984901,0.25,-0.08284657473755516,-0.02368561026613203,0.0861659043904514
62.128517150878906,3.19,clutter,drone,tracking,1,1,357.8344547493483,191.19197429835725,362.5,159.0,371.15327951622976,307.77746452565646,-28.84672048377024,7.777464525656455,-0.5779144022363987,-0.15287217677496936,0.0,0.0,world_xy,1,-0.2537940885750206,0.9658731260758944,1.5,-0.3365056534607177,0.9416814457070796,0.25,-0.08271156488569709,-0.024191680368814805,0.08617679713767377
62.50110960006714,3.2,clutter,drone,tracking,1,1,357.02760979781317,191.57840083073725,361.7384738955823,159.3693172690763,371.15881934234164,307.97546033746414,-28.841180657658356,7.975460337464142,-0.5773144682406214,-0.15652254326084175,0.0,0.0,world_xy,1,-0.25957323259738463,0.9643444043081447,1.5,-0.3421496511508982,0.9396454736853249,0.25,-0.08257641855351355,-0.024698930622819804,0.08619107885991405
62.64786124229431,3.21,clutter,drone,tracking,1,1,356.4449106165633,191.8031740240788,360.7461464354528,159.36159280667948,371.24346156315477,308.16972795666913,-28.756538436845233,8.169727956669135,-0.5761134335135772,-0.1603021519907393,0.0,0.0,world_xy,1,-0.2653463772797908,0.9627791788755363,1.5,-0.3477813314905893,0.9375756745279993,0.25,-0.0824349542107985,-0.025203504347537042,0.08620173030242934
62.83850622177124,3.22,clutter,drone,tracking,1,1,355.8722616663632,192.02275623520845,360.0072773295364,159.47761430153454,371.28307624066906,308.3071338107494,-28.71692375933094,8.307133810749406,-0.5751372064337501,-0.16351444031407616,0.0,0.0,world_xy,1,-0.2711075116149266,0.9611761573556289,1.5,-0.3534004917399071,0.9354721227476487,0.25,-0.08229298012498054,-0.02570403460798021,0.08621387343681229
63.22913646697998,3.23,clutter,drone,tracking,1,1,355.20842517756546,192.4478324761205,359.31672479654543,159.88257764490947,371.3557830271216,308.49720034995624,-28.644216972878382,8.497200349956245,-0.5738981295968497,-0.16705070199085298,0.0,0.0,world_xy,1,-0.2768588836792641,0.9595410129524882,1.5,-0.3590069296096895,0.93333489407191,0.25,-0.0821480459304254,-0.026206118880578222,0.0862268062551912
63.52836322784424,3.24,clutter,drone,tracking,1,1,354.65946143982416,192.7345057092263,358.31672479654543,159.88257764490947,371.3555691733053,308.67438793078287,-28.644430826694702,8.67438793078287,-0.5733428974122241,-0.17059108313449542,0.0,0.0,world_xy,1,-0.2825978649752326,0.9578705059325796,1.5,-0.3646004432687786,0.9311640654407848,0.25,-0.08200257829354601,-0.026706440491794825,0.08624185069054885
63.89592742919922,3.25,clutter,drone,tracking,1,1,353.91272573533854,192.66835779428638,357.50741646291766,160.4920945395273,371.4361750586916,308.8574465351507,-28.563824941308383,8.8574465351507,-0.5722063781898931,-0.17419789929718063,0.0,0.0,world_xy,1,-0.28833129394935486,0.9561645951012346,1.5,-0.3701808313512869,0.9289597150038693,0.25,-0.08184953740193202,-0.027204880097365325,0.08625225952995255
64.20513248443604,3.2600000000000002,clutter,drone,tracking,1,1,353.2594010084442,193.1730150051637,356.72326740633537,160.38414536099052,371.4868089131806,309.0042919206783,-28.513191086819404,9.004291920678327,-0.5711379721404652,-0.17743626581119287,0.0,0.0,world_xy,1,-0.2940533577312538,0.9544226161082628,1.5,-0.375747892963846,0.9267219221175412,0.25,-0.08169453523259218,-0.027700693990721614,0.08626311804263075
64.38653683662415,3.27,clutter,drone,tracking,1,1,352.5503023639362,193.48610347565815,355.73807157057655,160.8661365142478,371.5160459657359,309.1587371100912,-28.483954034264116,9.158737110091181,-0.5703355818401147,-0.18059242782603982,0.0,0.0,world_xy,1,-0.29976473745265847,0.9526482534501509,1.5,-0.3813014276928391,0.9244507673421027,0.25,-0.08153669024018062,-0.028197486108048175,0.08627473603632024
64.56348896026611,3.2800000000000002,clutter,drone,tracking,1,1,352.0096980786825,193.81073498017685,355.00765347663247,160.99234652336753,371.60052646016817,309.3324987013593,-28.39947353983183,9.332498701359327,-0.5690452207662018,-0.1839240782366705,0.0,0.0,world_xy,1,-0.3054680932710596,0.9508423291718905,1.5,-0.38684123561161576,0.9221463324388806,0.25,-0.08137314234055615,-0.028695996733009932,0.08628469460383648
64.72936916351318,3.29,clutter,drone,tracking,1,1,351.4605528098115,194.01537616694125,354.314653784219,161.3840579710145,371.62178477690287,309.5165179352581,-28.37821522309713,9.516517935258094,-0.5682307167988593,-0.18744753249434076,0.0,0.0,world_xy,1,-0.3111585454787216,0.9490030883895237,1.5,-0.39236711728768925,0.9198087003672822,0.25,-0.08120857180896762,-0.029194388022241502,0.08629683903391508
64.8684298992157,3.3000000000000003,clutter,drone,tracking,1,1,350.8445375599684,194.23070383190623,353.30723376832606,161.39181569196066,371.69572398176837,309.69607414021505,-28.304276018231633,9.696074140215046,-0.5670508587600347,-0.19100820516481887,0.0,0.0,world_xy,1,-0.31684085264671025,0.9471286130645803,1.5,-0.397878873789916,0.9174379552818098,0.25,-0.08103802114320574,-0.02969065778277047,0.08630582848440915
65.01917266845703,3.31,clutter,drone,tracking,1,1,350.18689541887204,194.5191945002129,352.5,162.0,371.7372435729084,309.822422597683,-28.262756427091574,9.822422597682987,-0.566063207140023,-0.19400034089868137,0.0,0.0,world_xy,1,-0.32251136123431057,0.9452185310129321,1.5,-0.4033763066956571,0.9150341825290306,0.25,-0.08086494546134654,-0.030184348483901502,0.08631473974857456
65.13489580154419,3.3200000000000003,clutter,drone,tracking,1,1,349.43317437026167,194.8508804108584,351.72326740633537,162.37063836629682,371.8364958222471,310.0199726929001,-28.163504177752884,10.019972692900126,-0.564526989168292,-0.197519853026308,0.0,0.0,world_xy,1,-0.3281719933057108,0.9432785276039453,1.5,-0.4088592180979218,0.9125974686445038,0.25,-0.08068722479221102,-0.03068105895944151,0.08632355196318973
65.25477576255798,3.33,clutter,drone,tracking,1,1,348.93055555555554,195.1105652595827,351.0,162.48467614533965,371.85534602207395,310.2106132502203,-28.144653977926055,10.21061325022032,-0.5636283388829181,-0.20120067961426213,0.0,0.0,world_xy,1,-0.3338172631973937,0.9413033290736822,1.5,-0.4143274106124917,0.9101279013496661,0.25,-0.08051014741509799,-0.031175427724016047,0.08633534114472564
65.39723229408264,3.34,clutter,drone,tracking,1,1,348.35215398716775,195.53027803238615,350.0,162.5,371.93882950762224,310.3893464166813,-28.061170492377755,10.389346416681292,-0.5623056279134684,-0.20482311640991216,0.0,0.0,world_xy,1,-0.33945354658622284,0.9392913222775395,1.5,-0.41978068738502683,0.9076255695486737,0.25,-0.08032714079880399,-0.03166575272886585,0.08634332310489651
65.57309150695801,3.35,clutter,drone,tracking,1,1,347.74413919413917,195.7620879120879,349.3009789281566,162.878712460594,372.00590399439386,310.51963910301333,-27.99409600560614,10.519639103013333,-0.5609725886227284,-0.2078864325176071,0.0,0.0,world_xy,1,-0.3450766028653575,0.9372430911134404,1.5,-0.4252188520981522,0.905090563325201,0.25,-0.08014224923279467,-0.032152527788239404,0.08635140505669196
65.78638672828674,3.36,clutter,drone,tracking,1,1,347.1118948574184,195.86206064990654,348.50741646291766,163.4920945395273,372.0611157835716,310.65671432576397,-27.93888421642839,10.656714325763971,-0.55976539126094,-0.2107727522163269,0.0,0.0,world_xy,1,-0.3506863287515848,0.9351642267882643,1.5,-0.430641708978526,0.9025229739391981,0.25,-0.07995538022694121,-0.03264125284906616,0.08636153203128931
65.93579649925232,3.37,clutter,drone,tracking,1,1,346.4079917785032,196.3322451940515,347.7080315467568,163.38548205375824,372.1746490383212,310.8306744885153,-27.825350961678794,10.830674488515285,-0.5579732866458897,-0.21398515787101524,0.0,0.0,world_xy,1,-0.3562839826641942,0.933056499266101,1.5,-0.43604906280388545,0.899922893823606,0.25,-0.07976508013969125,-0.033133605442494996,0.08637305030685381
66.07252216339111,3.38,clutter,drone,tracking,1,1,345.7629262926293,196.75467546754675,347.00765347663247,163.99234652336753,372.2143553461873,311.06482438167285,-27.78564465381271,11.06482438167285,-0.5567300701825901,-0.2180063892403582,0.0,0.0,world_xy,1,-0.3618637155306531,0.9309166476873909,1.5,-0.4414407189100776,0.8972904165810275,0.25,-0.07957700337942447,-0.033626231106363424,0.08638994666781255
67.25599551200867,3.39,clutter,drone,tracking,1,1,345.24315943086464,196.95044387693054,346.0221273905484,164.4776355302671,372.27827096939876,311.21133115044967,-27.72172903060124,11.211331150449666,-0.5554675509187792,-0.22142751781310752,0.0,0.0,world_xy,1,-0.36743101623247904,0.9287365837949874,1.5,-0.44681648319806405,0.8946256369803596,0.25,-0.07938546696558502,-0.034110946814627785,0.0864037560406627
67.62129163742065,3.4,clutter,drone,tracking,1,1,344.72213149458656,197.32547027157804,345.29196845324316,164.38854015773376,372.32742149155825,311.35277296309914,-27.672578508441745,11.352772963099142,-0.5543587615063099,-0.22452288560998895,0.0,0.0,world_xy,1,-0.37298569174166685,0.9265223086168562,1.5,-0.45217616214091194,0.8919286509533796,0.25,-0.0791904703992451,-0.03459365766347666,0.08641673305900617
67.94846987724304,3.41,clutter,drone,tracking,1,1,344.0512397703676,197.67375106876756,344.28526437924745,164.8758494944472,372.4225021872266,311.53287839020123,-27.5774978127734,11.532878390201233,-0.5528139186183469,-0.22789696081670863,0.0,0.0,world_xy,1,-0.3785292793567299,0.9242770797607563,1.5,-0.45751956279075734,0.8891995555912937,0.25,-0.07899028343402742,-0.03507752416946264,0.08642856922827788
68.1683075428009,3.42,clutter,drone,tracking,1,1,343.29543245869775,197.94430272108843,343.7080315467568,165.37292773217447,372.47417142057185,311.65598642074684,-27.52582857942815,11.655986420746842,-0.5515503777519658,-0.23076948299573416,0.0,0.0,world_xy,1,-0.38405741854291336,0.9219981101525893,1.5,-0.46284649278575474,0.8864384491412397,0.25,-0.07878907424284137,-0.03555966101134955,0.08644193259805141
68.27078604698181,3.43,clutter,drone,tracking,1,1,342.8203871748336,198.33593466424682,343.0,165.5,372.53896558974,311.8716156236129,-27.461034410260027,11.871615623612911,-0.5502690485012449,-0.23443403920782238,0.0,0.0,world_xy,1,-0.389572922320433,0.919690415322632,1.5,-0.46815676035699877,0.8836454310027522,0.25,-0.07858383803656577,-0.03604498431987979,0.08645611889957576
68.48827147483826,3.44,clutter,drone,tracking,1,1,342.11546681321363,198.69731941136956,342.00765347663247,165.99234652336753,372.59181850035037,312.0197442186405,-27.40818149964963,12.019744218640483,-0.5491110683217062,-0.2377125040485654,0.0,0.0,world_xy,1,-0.39507561280544545,0.9173460749305538,1.5,-0.47345017433543124,0.8808206017241819,0.25,-0.07837456152998579,-0.036525473206371895,0.08646780954763986
68.7776198387146,3.45,clutter,drone,tracking,1,1,341.6052711483573,199.06892573024837,341.0221273905484,166.4776355302671,372.6846764827751,312.2113264585558,-27.315323517224897,12.211326458555789,-0.5475685394342417,-0.2412952178659681,0.0,0.0,world_xy,1,-0.4005667234886625,0.914968949890068,1.5,-0.4787265441587198,0.8779640629990781,0.25,-0.07815982067005728,-0.03700488689098991,0.08647727574912654
69.0423355102539,3.46,clutter,drone,tracking,1,1,341.128489924739,199.377640203933,340.2767325936646,166.3862357292169,372.7610018849536,312.3532683228581,-27.2389981150464,12.353268322858128,-0.5460348220109191,-0.24446879959112508,0.0,0.0,world_xy,1,-0.4060424088830049,0.9125559977114084,1.5,-0.48398567987812147,0.8750759176625263,0.25,-0.07794327099511655,-0.037480080048882036,0.08648647231728661
69.25045275688171,3.47,clutter,drone,tracking,1,1,340.3840301868419,199.8276428701844,339.7067993366501,166.88358208955225,372.8459346460187,312.51000280288696,-27.15406535398131,12.510002802886959,-0.5444103887987081,-0.24762099064776283,0.0,0.0,world_xy,1,-0.4115027571031141,0.9101113097154971,1.5,-0.48922739216531747,0.8721562696874469,0.25,-0.07772463506220334,-0.03795504002805028,0.08649684363653733
69.458909034729,3.48,clutter,drone,tracking,1,1,339.75619985412106,200.08947240457084,338.99257151888725,167.49233443970286,372.9151775286148,312.64919411352486,-27.084822471385223,12.649194113524857,-0.5429177221446561,-0.2505705810402667,0.0,0.0,world_xy,1,-0.41694686099110123,0.9076350998090195,1.5,-0.4944514923192324,0.8692052241808513,0.25,-0.07750463132813118,-0.03842987562816813,0.0865090932683149
69.58172988891602,3.49,clutter,drone,tracking,1,1,339.2456586192291,200.45222968475827,338.0,167.5,372.9914230701908,312.8522900986055,-27.00857692980918,12.852290098605522,-0.5414073211929963,-0.25413195255278076,0.0,0.0,world_xy,1,-0.42237603821254777,0.9051293939986168,1.5,-0.4996577922728242,0.8662228873800595,0.25,-0.07728175406027643,-0.038906506618557324,0.08652274711249579
69.69575619697571,3.5,clutter,drone,tracking,1,1,338.69946954453997,200.91085909395767,337.2836708453873,168.36290581806492,373.05028187261456,313.00894639168035,-26.949718127385438,13.008946391680354,-0.5400801939380881,-0.25745778895723526,0.0,0.0,world_xy,1,-0.4277901114244777,0.902588074473089,1.5,-0.5048461045998576,0.8632093666488737,0.25,-0.07705599317537987,-0.039378707824215264,0.08653501438232446
69.85888290405273,3.5100000000000002,clutter,drone,tracking,1,1,338.07577146348916,201.4414909868622,336.4767127642664,168.26911460817038,373.17690695896295,313.19187780520974,-26.823093041037055,13.191877805209742,-0.5380901107235473,-0.26096666088806303,0.0,0.0,world_xy,1,-0.43319091336385857,0.9000134965835166,1.5,-0.5100162425216481,0.8601647704737153,0.25,-0.07682532915778956,-0.03984872610980128,0.08654508751383101
70.06715869903564,3.52,clutter,drone,tracking,1,1,337.3404398701219,201.6621331863015,335.6987211426673,168.87859159608038,373.2414038651234,313.3225119216469,-26.758596134876598,13.322511921646878,-0.5364851073092389,-0.263982628537744,0.0,0.0,world_xy,1,-0.43857181447109406,0.897403829974636,1.5,-0.5151680199137901,0.8570892084597173,0.25,-0.07659620544269607,-0.040314621514918714,0.08655776912623644
70.24875140190125,3.5300000000000002,clutter,drone,tracking,1,1,336.8546649625707,201.96031890937857,335.0,169.0,373.34447399734023,313.49952754252115,-26.65552600265977,13.49952754252115,-0.534629084318415,-0.26728698580971744,0.0,0.0,world_xy,1,-0.4439366655441864,0.8947640036892586,1.5,-0.5203012513128529,0.8539827913267805,0.25,-0.07636458576866645,-0.040781212362478114,0.08657168845167311
70.3749771118164,3.54,clutter,drone,tracking,1,1,336.39995146220116,202.32435384055333,334.0147058823529,169.48529411764707,373.3720882725453,313.66049739396374,-26.627911727454716,13.660497393963738,-0.5334901169452886,-0.270544614947974,0.0,0.0,world_xy,1,-0.4492829563873706,0.8920911338311613,1.5,-0.5254157519230612,0.8508456309055857,0.25,-0.07613279553569063,-0.041245502925575606,0.08658749371394775
70.53748035430908,3.5500000000000003,clutter,drone,tracking,1,1,335.87829528158295,202.81016742770166,333.2695810564663,169.87398575923166,373.47635312664215,313.8135984118643,-26.523646873357848,13.813598411864291,-0.5318306682323162,-0.27369465925709546,0.0,0.0,world_xy,1,-0.4546178575568235,0.8893856876816816,1.5,-0.5305113376229448,0.8476778401335698,0.25,-0.07589348006612129,-0.04170784754811174,0.08659887333934131
70.7269515991211,3.56,clutter,drone,tracking,1,1,335.03328474246837,203.0762876579203,332.6927662316739,170.37618817464153,373.5291871058164,313.9779257182901,-26.47081289418361,13.977925718290123,-0.530502742540562,-0.27691977956688435,0.0,0.0,world_xy,1,-0.4599361642391466,0.8866487410891106,1.5,-0.5355878249719694,0.8444795330508579,0.25,-0.07565166073282281,-0.04216920803825275,0.08661071456931622
71.0165503025055,3.5700000000000003,clutter,drone,tracking,1,1,334.5255037211835,203.43117323168147,332.00765347663247,170.99234652336753,373.6082539237668,314.1143089032137,-26.391746076233176,14.114308903213725,-0.5290354409818179,-0.2798712987404489,0.0,0.0,world_xy,1,-0.46524119166455224,0.8838795432934418,1.5,-0.5406450312171381,0.8412508247961602,0.25,-0.0754038395525859,-0.04262871849728156,0.08661955125716475
71.63508605957031,3.58,clutter,drone,tracking,1,1,334.01472288130435,203.88604976577233,331.0221273905484,171.4776355302671,373.71393474670725,314.28942653898446,-26.286065253292747,14.289426538984458,-0.5272126662280383,-0.28312577636203107,0.0,0.0,world_xy,1,-0.4705315460743704,0.8810808303060372,1.5,-0.545682774299573,0.8379918316026245,0.25,-0.0751512282252026,-0.04308899870341276,0.08662776063721833
72.11349129676819,3.59,clutter,drone,tracking,1,1,333.53380503144655,204.2494557329463,330.0147058823529,171.48529411764707,373.8201880401775,314.44936930623686,-26.179811959822473,14.44936930623686,-0.5252236313606644,-0.28634966173151943,0.0,0.0,world_xy,1,-0.4758036727366508,0.8782495725424169,1.5,-0.5507008728610664,0.8347026707936543,0.25,-0.07489720012441559,-0.04354690174876252,0.08663673146185245
