t_wall,t_sim,scenario_name,control_source,control_mode,external_found,drone_found,ext_red_u,ext_red_v,ext_blue_u,ext_blue_v,drone_red_u,drone_red_v,ex_px,ev_px,cmd_vx,cmd_vy,cmd_vz,cmd_yaw_rate,cmd_frame,cmd_valid,uav_x,uav_y,uav_z,platform_x,platform_y,platform_z,world_ex,world_ey,world_sep
1.339447259902954,0.0,fast,drone,tracking,1,1,520.6651549508692,299.49107142857144,399.5,299.5,729.4327326352246,299.4975850312525,329.4327326352246,-0.5024149687474733,1.5,0.010048299374949466,0.0,0.0,world_xy,1,0.0,0.0,1.5,1.0,0.0,0.25,1.0,0.0,1.0
1.4404444694519043,0.01,fast,drone,tracking,1,1,520.6378968253969,298.24102418745275,402.0,299.5,726.5318273131918,296.1186368351256,326.5318273131918,-3.881363164874415,1.5,0.047216729532345826,0.0,0.0,world_xy,1,0.015,0.00010048299374949466,1.5,0.9999500004166653,0.009999833334166664,0.25,0.9849500004166653,0.00989935034041717,0.9849997464253233
1.5437586307525635,0.02,fast,drone,tracking,1,1,520.6140425531914,297.0553191489362,404.0,299.0,723.4546277871319,292.8373705291086,323.4546277871319,-7.162629470891375,1.5,0.10003645246936074,0.0,0.0,world_xy,1,0.03,0.0005726502890729529,1.5,0.9998000066665778,0.01999866669333308,0.25,0.9698000066665777,0.019426016404260126,0.9699945479454165
1.673126459121704,0.03,fast,drone,tracking,1,1,520.5803064699205,295.9162883087401,406.00765347663247,299.00765347663247,720.2053371624646,289.758976080362,320.2053371624646,-10.241023919637996,1.5,0.1576676667272303,0.0,0.0,world_xy,1,0.045,0.0015730148137665604,1.5,0.9995500337489875,0.02999550020249566,0.25,0.9545500337489875,0.028422485388729102,0.9549730910375777
1.8486182689666748,0.04,fast,drone,tracking,1,1,520.5187127870712,294.6944050656838,408.00765347663247,298.9923465233675,716.886083871046,286.86466649654284,316.886083871046,-13.135333503457161,1.5,0.21543911856528242,0.0,0.0,world_xy,1,0.06,0.0031496914810388633,1.5,0.9992001066609779,0.03998933418663416,0.25,0.9392001066609779,0.036839642705595296,0.9399223370186859
2.0948147773742676,0.05,fast,drone,tracking,1,1,520.4963141480011,293.40142708628673,410.5,299.0,713.2675378225869,284.2059193316768,313.26753782258686,-15.794080668323204,1.5,0.2706824907059323,0.0,0.0,world_xy,1,0.075,0.005304082666691688,1.5,0.9987502603949663,0.04997916927067833,0.25,0.9237502603949663,0.04467508660398664,0.9248299340650916
2.2881407737731934,0.06,fast,drone,tracking,1,1,520.4412014735052,292.17294795503915,412.9923465233675,298.00765347663247,709.3474305543343,281.6873699450765,309.3474305543343,-18.31263005492349,1.5,0.3232460514218279,0.0,0.0,world_xy,1,0.09,0.008010907573751011,1.5,0.9982005399352042,0.059964006479444595,0.25,0.9082005399352042,0.051953098905693586,0.9096853001035585
2.442272424697876,0.07,fast,drone,tracking,1,1,520.3559466363895,291.02597218279874,415.0,298.0,705.0926891135898,279.3941936828938,305.0926891135898,-20.605806317106214,1.5,0.37212459262799097,0.0,0.0,world_xy,1,0.105,0.01124336808796929,1.5,0.9975510002532796,0.06994284733753277,0.25,0.8925510002532796,0.05869947924956348,0.8944791316276193
2.589646100997925,0.08,fast,drone,tracking,1,1,520.2803287981859,289.8364984882842,417.00765347663247,297.00765347663247,700.0011904142757,277.2507902386029,300.0011904142757,-22.749209761397083,1.5,0.41769737405796387,0.0,0.0,world_xy,1,0.12,0.0149646140142492,1.5,0.9968017063026194,0.0799146939691727,0.25,0.8768017063026194,0.0649500799549235,0.8792040406306922
2.7556190490722656,0.09,fast,drone,tracking,1,1,520.0834990059642,288.60707185458676,419.0,297.0,694.2654465958051,275.315687536605,294.2654465958051,-24.684312463394974,1.5,0.45949125542342845,0.0,0.0,world_xy,1,0.135,0.01914158775482884,1.5,0.9959527330119943,0.08987854919801104,0.25,0.8609527330119943,0.0707369614431822,0.8638537643577393
2.913799285888672,0.1,fast,drone,tracking,1,1,520.0170164492342,287.3800340328985,421.00765347663247,295.9923465233675,688.8314711035307,273.44576908350444,288.8314711035307,-26.554230916495555,1.5,0.4988676050219939,0.0,0.0,world_xy,1,0.15000000000000002,0.023736500309063123,1.5,0.9950041652780258,0.09983341664682815,0.25,0.8450041652780258,0.07609691633776502,0.8484237031185126
3.1449127197265625,0.11,fast,drone,tracking,1,1,519.9322057987492,286.18808034868294,423.9923465233675,295.00765347663247,683.3225712876744,271.6996780088765,283.32257128767435,-28.300321991123496,1.5,0.5357939641622557,0.0,0.0,world_xy,1,0.16500000000000004,0.028725176359283063,1.5,0.9939560979566968,0.10977830083717481,0.25,0.8289560979566968,0.08105312447789174,0.832909251555787
3.2356252670288086,0.12,fast,drone,tracking,1,1,519.7237514188422,285.0177355278093,426.0,294.5,677.8345055710306,270.15676648096564,277.8345055710306,-29.843233519034357,1.5,0.5693828525823931,0.0,0.0,world_xy,1,0.18000000000000005,0.03408311600090562,1.5,0.9928086358538663,0.11971220728891936,0.25,0.8128086358538662,0.08562909128801374,0.8173066864974456
3.331692934036255,0.13,fast,drone,tracking,1,1,519.5948129251701,283.8471277399849,427.9923465233675,293.9923465233675,672.2611814272533,268.69688423080714,272.2611814272533,-31.303115769192857,1.5,0.6005565571231983,0.0,0.0,world_xy,1,0.19500000000000006,0.03977694452672955,1.5,0.9915618937147881,0.12963414261969486,0.25,0.796561893714788,0.0898571980929653,0.8016141007789269
3.4226534366607666,0.14,fast,drone,tracking,1,1,519.4649844060108,282.62309800585956,430.0,293.0,666.672422095742,267.3691423134272,266.67242209574204,-32.630857686572824,1.5,0.6291898852577402,0.0,0.0,world_xy,1,0.21000000000000008,0.04578251009796153,1.5,0.9902159962126371,0.1395431146442365,0.25,0.780215996212637,0.09376060454627497,0.7858295309486406
3.5761826038360596,0.15,fast,drone,tracking,1,1,519.2378994138778,281.41406693136696,432.0,292.0,661.0398629619951,266.18223151293444,261.03986296199514,-33.817768487065564,1.5,0.6551309017237043,0.0,0.0,world_xy,1,0.2250000000000001,0.052074408950538935,1.5,0.9887710779360422,0.14943813247359922,0.25,0.7637710779360422,0.09736372352306027,0.7699519167778328
3.6908645629882812,0.16,fast,drone,tracking,1,1,519.0600852272727,280.1999053030303,434.6069272322847,291.04766444232604,655.3934223584101,265.0199174747985,255.39342235841013,-34.98008252520151,1.5,0.6795898135528836,0.0,0.0,world_xy,1,0.2400000000000001,0.05862571796777598,1.5,0.9872272833756269,0.15931820661424598,0.25,0.7472272833756268,0.10069248864647,0.753981160434887
3.777413845062256,0.17,fast,drone,tracking,1,1,518.883485020857,279.0029863481229,437.0,290.0,649.721777870714,263.9540430178728,249.72177787071405,-36.04595698212722,1.5,0.702320942902197,0.0,0.0,world_xy,1,0.2550000000000001,0.06542161610330481,1.5,0.9855847669095608,0.16918234906699603,0.25,0.7305847669095606,0.10376073296369122,0.7379162495469656
3.8877639770507812,0.18,fast,drone,tracking,1,1,518.6459574468086,277.8855319148936,439.0,289.0,643.9876485112562,262.97906753812634,243.98764851125622,-37.020932461873656,1.5,0.723274681386599,0.0,0.0,world_xy,1,0.27000000000000013,0.07244482553232678,1.5,0.9838436927881214,0.17902957342582418,0.25,0.7138436927881213,0.1065847478934974,0.721756971713403
3.9610466957092285,0.19,fast,drone,tracking,1,1,518.464700878934,276.6593894716945,441.0,288.0,638.2116047702943,262.111459986859,238.21160477029434,-37.88854001314098,1.5,0.7422475467685203,0.0,0.0,world_xy,1,0.28500000000000014,0.07967757234619277,1.5,0.9820042351172703,0.18885889497650057,0.25,0.6970042351172702,0.1091813226303078,0.70550369593838
4.064338445663452,0.2,fast,drone,tracking,1,1,518.1811902734412,275.4340051092819,443.0,287.0,632.4252901620955,261.3154789926711,232.4252901620955,-38.6845210073289,1.5,0.7595411271264522,0.0,0.0,world_xy,1,0.30000000000000016,0.08710004781387798,1.5,0.9800665778412416,0.19866933079506122,0.25,0.6800665778412415,0.11156928298118324,0.6891576417639382
4.161778926849365,0.21,fast,drone,tracking,1,1,518.0048254328697,274.2996026114107,445.49234170219484,285.9925785567661,626.5897833987498,260.51927896496585,226.58978339874977,-39.48072103503415,1.5,0.7760814385922791,0.0,0.0,world_xy,1,0.31500000000000017,0.0946954590851425,1.5,0.9780309147241483,0.20845989984609956,0.25,0.6630309147241481,0.11376444076095706,0.6727201066280046
4.263746023178101,0.22,fast,drone,tracking,1,1,517.6922313580947,273.03997731783386,448.0,284.5,620.7727378460106,259.8303791579437,220.7727378460106,-40.169620842056304,1.5,0.791102476629145,0.0,0.0,world_xy,1,0.3300000000000002,0.10245627347106528,1.5,0.9758974493306055,0.21822962308086932,0.25,0.6458974493306053,0.11577334960980404,0.6561912705390524
4.484096050262451,0.23,fast,drone,tracking,1,1,517.4478310178622,271.91862772894814,449.9923465233675,283.00765347663247,614.845930266355,259.20482950251704,214.84593026635503,-40.79517049748296,1.5,0.8047429899554277,0.0,0.0,world_xy,1,0.3450000000000002,0.11036729823735673,1.5,0.9736663950053749,0.2279775235351884,0.25,0.6286663950053747,0.11761022529783167,0.6395729835629868
4.564254283905029,0.24,fast,drone,tracking,1,1,517.1125461254612,270.6801021856372,451.9923465233675,282.00765347663247,608.9563945032056,258.63899652086894,208.95639450320562,-41.36100347913106,1.5,0.817105383750384,0.0,0.0,world_xy,1,0.3600000000000002,0.11841472813691101,1.5,0.9713379748520296,0.23770262642713458,0.25,0.6113379748520293,0.11928789829022357,0.6228673391458884
4.68537449836731,0.25,fast,drone,tracking,1,1,516.8715041572184,269.5233843537415,454.0,281.0,602.967339197617,258.071878199758,202.96733919761698,-41.928121800242025,1.5,0.828906762490335,0.0,0.0,world_xy,1,0.3750000000000002,0.12658578197441483,1.5,0.9689124217106447,0.24740395925452294,0.25,0.5939124217106445,0.1208181772801081,0.6060767250303299
4.764012336730957,0.26,fast,drone,tracking,1,1,516.5396825396825,268.3140117157974,456.0,280.0,596.9836580766813,257.6435388877249,196.9836580766813,-42.3564611122751,1.5,0.8389291153556769,0.0,0.0,world_xy,1,0.39000000000000024,0.1348748495993182,1.5,0.9663899781345132,0.2570805518921551,0.25,0.576389978134513,0.12220570229283692,0.5892025463003278
4.883843660354614,0.27,fast,drone,tracking,1,1,516.2958546280522,267.12180579216357,457.89469360933134,278.8547724659109,590.9579849048258,257.17069068859365,190.95798490482582,-42.82930931140635,1.5,0.8486405043355245,0.0,0.0,world_xy,1,0.40500000000000025,0.14326414075287497,1.5,0.9637708963658905,0.26673143668883115,0.25,0.5587708963658903,0.12346729593595618,0.5722491483534751
4.985989809036255,0.28,fast,drone,tracking,1,1,515.9091986723565,266.0061166429588,460.3849472674976,277.19335250878873,584.9012020140283,256.7968916441107,184.90120201402829,-43.2031083558893,1.5,0.8571224188657683,0.0,0.0,world_xy,1,0.42000000000000026,0.1517505457962302,1.5,0.9610554383107709,0.27635564856411376,0.25,0.5410554383107706,0.12460510276788356,0.5552183525077813
5.053639650344849,0.29,fast,drone,tracking,1,1,515.5803064699205,264.9162883087401,462.9923465233675,276.00765347663247,578.8046081499222,256.45564626563873,178.80460814992216,-43.544353734361266,1.5,0.8646929795675697,0.0,0.0,world_xy,1,0.4350000000000003,0.1603217699848879,1.5,0.9582438755126972,0.28595222510483553,0.25,0.5232438755126969,0.12563045511994764,0.5381144529885736
5.154205083847046,0.3,fast,drone,tracking,1,1,515.2029006046863,263.68395691609976,465.0,275.0,572.682605452405,256.1363742321992,172.68260545240503,-43.863625767800784,1.5,0.8716117242512149,0.0,0.0,world_xy,1,0.4500000000000003,0.16896869978056359,1.5,0.955336489125606,0.29552020666133955,0.25,0.5053364891256057,0.12655150688077596,0.5209416964839622
5.230436563491821,0.31,fast,drone,tracking,1,1,515.2202159166906,262.51791344224705,467.0,273.5,566.5496768252525,255.80736570326204,166.5496768252525,-44.192634296737964,1.5,0.8783442531771644,0.0,0.0,world_xy,1,0.4650000000000003,0.17768481702307573,1.5,0.9523335698857134,0.3050586364434435,0.25,0.4873335698857131,0.12737381942036777,0.5037043758111356
5.3033366203308105,0.32,fast,drone,tracking,1,1,515.315682281059,261.2624381728251,468.8952095808383,272.3404856952761,560.3598294183445,255.55454767897092,160.35982941834448,-44.44545232102908,1.5,0.8841548894610438,0.0,0.0,world_xy,1,0.4800000000000003,0.18646825955484736,1.5,0.9492354180824408,0.31456656061611776,0.25,0.4692354180824405,0.1280983010612704,0.48640626262188136
5.363009691238403,0.33,fast,drone,tracking,1,1,515.6103475749427,259.9962653122199,471.00765347663247,271.00765347663247,554.1225309343545,255.34331159331595,154.12253093435447,-44.656688406684054,1.5,0.8890932727309943,0.0,0.0,world_xy,1,0.49500000000000033,0.1953098084494578,1.5,0.946042343528387,0.32404302839486837,0.25,0.4510423435283867,0.12873321994541057,0.46905376831776185
5.546076059341431,0.34,fast,drone,tracking,1,1,515.7961773700306,258.58598369011213,473.9923465233675,269.9923465233675,547.8458221149923,255.16360129142043,147.8458221149923,-44.836398708579566,1.5,0.8932923585233227,0.0,0.0,world_xy,1,0.5100000000000003,0.20420074117676776,1.5,0.9427546655283462,0.3334870921408144,0.25,0.43275466552834585,0.12928635096404664,0.4516542494897498
5.6442954540252686,0.35000000000000003,fast,drone,tracking,1,1,515.9985398414685,257.2510429703796,475.5,268.5,541.5443977591036,255.0031162464986,141.54439775910362,-44.99688375350141,1.5,0.8969472826240107,0.0,0.0,world_xy,1,0.5250000000000004,0.213133664762001,1.5,0.9393727128473789,0.3428978074554514,0.25,0.41437271284737853,0.1297641426934504,0.4342159346240787
5.846507549285889,0.36,fast,drone,tracking,1,1,516.213472893183,255.8268384326355,477.8743602443453,267.22271751692256,535.2127906434384,254.87686863033184,135.21279064343844,-45.12313136966816,1.5,0.8999807222471546,0.0,0.0,world_xy,1,0.5400000000000004,0.2221031375882411,1.5,0.9358968236779348,0.35227423327508994,0.25,0.39589682367793444,0.13017109568684884,0.4167478963961213
6.161344528198242,0.37,fast,drone,tracking,1,1,516.3765452538631,254.3623068432671,479.9470068694799,265.9237814851161,528.854397415035,254.72990265553824,128.854397415035,-45.27009734446176,1.5,0.9029623958002989,0.0,0.0,world_xy,1,0.5550000000000004,0.23110294481071264,1.5,0.9323273456060345,0.361615431964962,0.25,0.3773273456060341,0.13051248715424935,0.39926111136107856
6.479013204574585,0.38,fast,drone,tracking,1,1,516.5263791029387,252.74926963395774,482.0,264.5,522.4813862356111,254.62574787446206,122.48138623561113,-45.374252125537936,1.5,0.9054498514910517,0.0,0.0,world_xy,1,0.5700000000000004,0.24013256876871564,1.5,0.9286646355765102,0.3709204694129827,0.25,0.35866463557650985,0.13078790064426704,0.38176667713168116
6.639334678649902,0.39,fast,drone,tracking,1,1,516.755642670468,251.2853409360893,483.8952095808383,263.3404856952761,516.0655306081941,254.55653437948789,116.06553060819408,-45.443465620512114,1.5,0.9073305549966065,0.0,0.0,world_xy,1,0.5850000000000004,0.24918706728362616,1.5,0.924909059857313,0.3801884151231614,0.25,0.33990905985731257,0.13100134783953526,0.36427945606204176
6.7774364948272705,0.4,fast,drone,tracking,1,1,516.6899067942114,249.79678685307823,486.86653452262965,261.784935579782,509.5955246859582,254.51091710696664,109.5955246859582,-45.489082893033356,1.5,0.9086786615718399,0.0,0.0,world_xy,1,0.6000000000000004,0.2582603728335922,1.5,0.9210609940028851,0.3894183423086505,0.25,0.3210609940028847,0.1311579694750583,0.3468177833199167
6.933736085891724,0.41000000000000003,fast,drone,tracking,1,1,516.4419144398444,248.3974407226195,489.0,260.5,503.1083417989047,254.4864434091148,103.10834179890469,-45.5135565908852,1.5,0.9095545202070651,0.0,0.0,world_xy,1,0.6150000000000004,0.2673471594493106,1.5,0.9171208228166051,0.39860932798442295,0.25,0.3021208228166047,0.13126216853511236,0.32940362546262675
6.986735582351685,0.42,fast,drone,tracking,1,1,516.5307494561994,246.9707336365434,491.0,259.5,496.5699989502782,254.46492179572414,96.5699989502782,-45.53507820427586,1.5,0.9101853943402138,0.0,0.0,world_xy,1,0.6300000000000004,0.27644270465138127,1.5,0.9130889403123083,0.40776045305957015,0.25,0.2830889403123078,0.13131774840818888,0.312063613986222
7.207629442214966,0.43,fast,drone,tracking,1,1,516.2971413050859,245.40856929449308,493.215064420218,258.1179385530228,490.0236735123011,254.46342959276652,90.02367351230112,-45.536570407233484,1.5,0.9104857019326644,0.0,0.0,world_xy,1,0.6450000000000005,0.2855445585947834,1.5,0.9089657496748851,0.41687080242921076,0.25,0.2639657496748846,0.13132624383442737,0.2948296106585689
7.2988600730896,0.44,fast,drone,tracking,1,1,515.8073932711337,244.0209923664122,495.0079004874769,256.5076483442595,483.4599300087489,254.46311461067367,83.45993000874893,-45.53688538932633,1.5,0.9106243051522886,0.0,0.0,world_xy,1,0.6600000000000005,0.29464941561411,1.5,0.9047516632199634,0.4259394650659996,0.25,0.2447516632199629,0.1312900494518896,0.27774170326765435
7.353533029556274,0.45,fast,drone,tracking,1,1,514.2689807870865,242.64531104921073,497.9012036108325,255.56268806419257,476.84471501985513,254.49103013314647,76.84471501985513,-45.50896986685353,1.5,0.9103796058539189,0.0,0.0,world_xy,1,0.6750000000000005,0.3037556586656329,1.5,0.9004471023526769,0.43496553411123023,0.25,0.2254471023526764,0.1312098754455973,0.26084943429815466
7.420002460479736,0.46,fast,drone,tracking,1,1,512.1579321119159,241.40512711262602,499.9853228962818,253.9848336594912,470.1656329572266,254.52841824935174,70.16563295722659,-45.471581750648255,1.5,0.9098582218913943,0.0,0.0,world_xy,1,0.6900000000000005,0.3128594547241721,1.5,0.8960524975255252,0.4439481069655198,0.25,0.20605249752552468,0.1310886522413477,0.24421684315984296
7.536965847015381,0.47000000000000003,fast,drone,tracking,1,1,510.37691001697794,240.4033672891907,502.0,252.5,463.5013825207378,254.56774351615275,63.50138252073782,-45.432256483847254,1.3788755196617297,0.9091910211734472,0.0,0.0,world_xy,1,0.7050000000000005,0.32195803694308606,1.5,0.891568288195329,0.45288628537906833,0.25,0.18656828819532845,0.13092824843598228,0.22792527810370095
7.693619728088379,0.48,fast,drone,tracking,1,1,508.52930364086245,239.75524920466597,504.0,251.5,457.2169967141164,254.66331074653172,57.21699671411642,-45.33668925346828,1.249880947703059,0.9078395413162023,0.0,0.0,world_xy,1,0.7187887551966178,0.3310499471548205,1.5,0.8869949227792842,0.46177917554148284,0.25,0.16820616758266638,0.13072922838666234,0.21303390802269054
7.771790266036987,0.49,fast,drone,tracking,1,1,506.36419139571206,242.41005253443134,506.0,250.0,451.3006134253179,254.73106173358312,51.30061342531792,-45.26893826641688,1.1267531741448737,0.9064861145228766,0.0,0.0,world_xy,1,0.7312875646736484,0.3401283425679825,1.5,0.8823328586101215,0.470625888171158,0.25,0.15104529393647304,0.1304975456031755,0.19961034599641475
7.827715158462524,0.5,fast,drone,tracking,1,1,505.7860357159774,241.36023873809862,508.0,248.5,445.79929382240505,254.80067699670255,45.79929382240505,-45.19932300329745,1.0108311604116487,0.9051113045715664,0.0,0.0,world_xy,1,0.7425550964150972,0.3491932037132113,1.5,0.8775825618903728,0.479425538604203,0.25,0.13502746547527555,0.13023233489099173,0.18759764786328254
7.894800662994385,0.51,fast,drone,tracking,1,1,505.0989094357515,240.29909909909907,509.0,247.5,440.6534256176625,254.93947783423866,40.65342561766249,-45.06052216576134,0.9020617039795292,0.9029658308805796,0.0,0.0,world_xy,1,0.7526634080192137,0.35824431675892693,1.5,0.8727445076457513,0.4881772468829075,0.25,0.12008109962653757,0.12993293012398055,0.1769238164242498
7.972396373748779,0.52,fast,drone,tracking,1,1,501.4924911978156,235.67737299705394,510.0,246.0,435.9247942566976,255.03179828401332,35.92479425669762,-44.96820171598668,0.8011005036144621,0.9009848427721143,0.0,0.0,world_xy,1,0.761684025059009,0.36727397506773274,1.5,0.8678191796776499,0.49688013784373675,0.25,0.10613515461864087,0.129606162776004,0.16751844219500983
8.04060173034668,0.53,fast,drone,tracking,1,1,499.9467847627277,234.64203931734716,511.5,244.5,431.4531742694976,255.14789900263938,31.453174269497595,-44.85210099736062,0.7064801435909814,0.8988162902184184,0.0,0.0,world_xy,1,0.7696950300951536,0.37628382349545386,1.5,0.862807070514761,0.5055333412048469,0.25,0.09311204041960741,0.12924951770939308,0.15929623316077918
8.098679304122925,0.54,fast,drone,tracking,1,1,498.5872230587223,234.02824980282497,512.5079054604727,243.50741646291766,427.2710299464803,255.2979940352167,27.271029946480326,-44.7020059647833,0.6178973940272252,0.8961893962109045,0.0,0.0,world_xy,1,0.7767598315310634,0.38527198639763804,1.5,0.8577086813638242,0.5141359916531131,0.25,0.08094884983276074,0.12886400525547503,0.15217965744385792
8.164177179336548,0.55,fast,drone,tracking,1,1,497.0157531290462,233.12782333477196,513.0223308883454,242.02281988590056,423.38583627900465,255.44669793161376,23.38583627900465,-44.553302068386245,0.5352980263813025,0.8933715510471558,0.0,0.0,world_xy,1,0.7829388054713357,0.3942338803597471,1.5,0.8525245220595057,0.5226872289306592,0.25,0.06958571658817003,0.12845334857091212,0.14609050178628785
8.265801429748535,0.56,fast,drone,tracking,1,1,495.8509015750837,232.28657971634237,514.0076534766324,241.00765347663244,419.72675433220684,255.60970157529488,19.726754332206838,-44.39029842470512,0.4578784095258614,0.8903104806429764,0.0,0.0,world_xy,1,0.7882917857351487,0.40316759587021866,1.5,0.8472551110134161,0.5311861979208834,0.25,0.05896332527826742,0.12801860205066473,0.1409447984101479
8.360973834991455,0.5700000000000001,fast,drone,tracking,1,1,494.20726402783816,231.1756560823546,515.0,239.5,416.3067418419102,255.73368819783695,16.306741841910195,-44.266311802163045,0.38541944454764976,0.887569146113133,0.0,0.0,world_xy,1,0.7928705698304073,0.4120707006766484,1.5,0.8419009751622687,0.5396320487339693,0.25,0.049030405331861426,0.1275613480573209,0.13665971668786522
8.431564807891846,0.58,fast,drone,tracking,1,1,493.51369276850664,230.83426044786762,515.1481851481851,238.5944055944056,413.1264381899227,255.90842843473592,13.12643818992268,-44.091571565264076,0.3178295701355918,0.8844134029688147,0.0,0.0,world_xy,1,0.7967247642758838,0.42094639213777973,1.5,0.8364626499151869,0.5480239367918736,0.25,0.03973788563930314,0.12707754465409382,0.13314579193649173
8.594369888305664,0.59,fast,drone,tracking,1,1,492.9709961281239,229.83034142907422,516.0076534766324,237.00765347663244,410.1769379403746,256.109694517901,10.176937940374614,-43.890305482098995,0.2549696239051371,0.8807793916390556,0.0,0.0,world_xy,1,0.7999030599772398,0.4297905261674679,1.5,0.8309406791001636,0.5563610229127838,0.25,0.0310376191229238,0.1265704967453159,0.13032046825873403
8.737475395202637,0.6,fast,drone,tracking,1,1,492.3296892189218,229.0192519251925,516.5836979419867,235.6005509641873,407.3429630278094,256.2735066678339,7.34296302780939,-43.726493332166115,0.195508924063215,0.8773421528914023,0.0,0.0,world_xy,1,0.8024527562162911,0.43859832008385846,1.5,0.8253356149096783,0.5646424733950354,0.25,0.022882858693387242,0.1260441533111769,0.12810446442615883
8.821327447891235,0.61,fast,drone,tracking,1,1,491.60130718954247,228.46037581699346,517.0,234.5,404.71983239082346,256.42537831702174,4.719832390823456,-43.57462168297826,0.13989717212750474,0.874124807313892,0.0,0.0,world_xy,1,0.8044078454569232,0.4473717416127725,1.5,0.8196480178454796,0.5728674601004813,0.25,0.01524017238855635,0.1254957184877088,0.12641771320973644
8.8866868019104,0.62,fast,drone,tracking,1,1,490.9929639401934,227.62343549150933,517.0076534766324,233.00765347663244,402.2797242796192,256.65564718997507,2.279724279619188,-43.34435281002493,0.0880306945331882,0.8701440442015256,0.0,0.0,world_xy,1,0.8058068171781982,0.4561129896859114,1.5,0.8138784566625339,0.5810351605373051,0.25,0.008071639484335646,0.12492217085139368,0.125182667067729
8.954546451568604,0.63,fast,drone,tracking,1,1,490.3930988274707,226.59061976549413,517.0076534766324,232.00765347663244,399.9693702523891,256.85233544532736,-0.030629747610873892,-43.147664554672644,0.03927688531621507,0.8661891299920856,0.0,0.0,world_xy,1,0.8066871241235302,0.46481443012792667,1.5,0.8080275083121519,0.5891447579422695,0.25,0.0013403841886217016,0.12433032781434283,0.12433755283177748
9.018242359161377,0.64,fast,drone,tracking,1,1,489.7835875090776,225.75447283290418,517.0989010989011,230.6436896436896,397.7745199353102,257.08539867701234,-2.2254800646898047,-42.914601322987664,-0.006805682319291073,0.8618457230493028,0.0,0.0,world_xy,1,0.8070798929766924,0.4734763214278475,1.5,0.8020957578842925,0.5971954413623921,0.25,-0.004984135092399811,0.1237191199345446,0.12381947439719457
9.074658155441284,0.65,fast,drone,tracking,1,1,489.15241660099815,225.24592855266613,517.0829577699883,229.39592722416955,395.74471077804816,257.2784713346056,-4.255289221951841,-42.72152866539437,-0.049870738485151236,0.8577673906915244,0.0,0.0,world_xy,1,0.8070118361534995,0.48209477865834055,1.5,0.7960837985490559,0.6051864057360395,0.25,-0.010928037604443608,0.123091627077699,0.12357576891332481
9.161314964294434,0.66,fast,drone,tracking,1,1,488.3905225576111,224.3591041869523,517.0076534766324,228.00765347663244,393.845246020345,257.4943239550121,-6.154753979655027,-42.50567604498792,-0.09014412609452337,0.8535577623060532,0.0,0.0,world_xy,1,0.806513128768648,0.49067245256525577,1.5,0.7899922314973651,0.6131168519734338,0.25,-0.01652089727128292,0.12244439940817803,0.12355391937562205
9.230842590332031,0.67,fast,drone,tracking,1,1,487.83506944444446,223.2969393004115,517.1125519534497,226.667497921862,392.0221817289834,257.6876160773732,-7.977818271016588,-42.31238392262679,-0.12832085772371798,0.8495372161866186,0.0,0.0,world_xy,1,0.8056116875077027,0.4992080301883163,1.5,0.7838216658808492,0.6209859870365597,0.25,-0.021790021626853506,0.12177795684824344,0.12371206819316935
9.427466869354248,0.68,fast,drone,tracking,1,1,487.1508879519611,222.45700779353515,517.1096709870388,225.67530741110002,390.3478184685474,257.972472402313,-9.652181531452584,-42.027527597687026,-0.1639183828216515,0.8445945508585356,0.0,0.0,world_xy,1,0.8043284789304656,0.5077034023501824,1.5,0.7775727187509279,0.6287930240184686,0.25,-0.026755760179537624,0.12108962166828618,0.12401035109438895
9.621869325637817,0.6900000000000001,fast,drone,tracking,1,1,486.31293037490434,221.75828870186174,516.6996161228407,224.53071017274473,388.7160681875215,258.2262957321521,-11.2839318124785,-41.773704267847904,-0.1978865222070067,0.8395782948326681,0.0,0.0,world_xy,1,0.8026892951022491,0.5161493478587678,1.5,0.7712460149971065,0.636537182221968,0.25,-0.031443280105142524,0.12038783436320022,0.124426325696903
9.773902177810669,0.7000000000000001,fast,drone,tracking,1,1,485.8392443860636,221.0268343028711,516.0076534766324,223.00765347663244,387.18669936357793,258.4527237694868,-12.81330063642207,-41.547276230513205,-0.22999524199379578,0.8348302712103458,0.0,0.0,world_xy,1,0.800710429880179,0.5245451308070944,1.5,0.7648421872844884,0.6442176872376911,0.25,-0.03586824259569066,0.11967255643059671,0.12493218796426192
9.90252423286438,0.71,fast,drone,tracking,1,1,484.94895911713064,220.0903561575119,515.507658297805,222.00742144323382,385.74158510036006,258.7030811343991,-14.258414899639945,-41.2969188656009,-0.26034042279324754,0.8299397295662655,0.0,0.0,world_xy,1,0.7984104774602411,0.5328934335191978,1.5,0.7583618759905082,0.6518337710215366,0.25,-0.04004860146973288,0.11894033750233879,0.12550177036540858
10.03521180152893,0.72,fast,drone,tracking,1,1,484.3399033097806,219.3219908268253,515.6238118253584,220.69276623167391,384.418637653737,258.9702512351519,-15.581362346263006,-41.02974876484808,-0.2885481760658545,0.8248001147181484,0.0,0.0,world_xy,1,0.7958070732323086,0.5411928308148605,1.5,0.751805729140895,0.6593846719714731,0.25,-0.04400134409141354,0.11819184115661263,0.12611673004736892
10.144211292266846,0.73,fast,drone,tracking,1,1,483.37420082737873,218.48345242572395,515.2282947644838,219.50779583128178,383.1549901650061,259.225977224839,-16.845009834993903,-40.77402277516097,-0.31514178741456744,0.8196743021499374,0.0,0.0,world_xy,1,0.7929215914716501,0.549440831962042,1.5,0.7451744023448704,0.6668696350036979,0.25,-0.047747189126779666,0.11742880304165593,0.1267648131513808
10.252826452255249,0.74,fast,drone,tracking,1,1,482.6774936220521,217.59909153132972,514.7179732313575,218.5,381.9020064702241,259.48037910374546,-18.09799352977592,-40.51962089625454,-0.34089173316409044,0.8145692658262718,0.0,0.0,world_xy,1,0.7897701735975045,0.5576375749835414,1.5,0.7384685587295879,0.674287911628145,0.25,-0.05130161486791651,0.11665033664460367,0.12743294992801274
10.32803726196289,0.75,fast,drone,tracking,1,1,481.9933766635716,216.88269885484368,514.0076534766324,217.00765347663244,380.73630734574056,259.7457266079568,-19.263692654259444,-40.25427339204322,-0.3653018991206946,0.8093531769342976,0.0,0.0,world_xy,1,0.7863612562658635,0.5657832676418041,1.5,0.7316888688738209,0.6816387600233341,0.25,-0.05467238739204261,0.11585549238153003,0.12810763075676773
10.41061520576477,0.76,fast,drone,tracking,1,1,481.3617789196794,216.0393344344528,513.5,216.0,379.6149775721895,260.0226030277544,-20.385022427810497,-39.97739697224557,-0.38862110131022803,0.8039602963151353,0.0,0.0,world_xy,1,0.7827082372746565,0.5738767994111471,1.5,0.7248360107409052,0.6889214451105513,0.25,-0.05787222653375135,0.1150446456994042,0.12878068608326046
10.469780445098877,0.77,fast,drone,tracking,1,1,480.4487861554454,215.19409282700423,513.0,215.0,378.6169990486695,260.31800699198664,-21.383000951330473,-39.681993008013364,-0.41009250605423786,0.7982840564299579,0.0,0.0,world_xy,1,0.7788220262615543,0.5819164023742984,1.5,0.7179106696109434,0.6961352386273567,0.25,-0.06091135665061087,0.11421883625305829,0.12944549402748964
10.527701616287231,0.78,fast,drone,tracking,1,1,479.7247456395349,214.32969961240306,512.0076534766324,214.00765347663244,377.60070003500175,260.5817115855793,-22.39929996499825,-39.418288414420715,-0.43093392733938785,0.7928289979521089,0.0,0.0,world_xy,1,0.7747211012010119,0.589899242938598,1.5,0.7109135380122773,0.7032794192004103,0.25,-0.0638075631887346,0.1133801762618123,0.1301017658959477
10.59004545211792,0.79,fast,drone,tracking,1,1,478.72364881389086,213.681707018831,512.1071485943775,212.7699598393574,376.6310570757857,260.9051773472081,-23.36894292421431,-39.09482265279189,-0.4509786394690819,0.7868160982591599,0.0,0.0,world_xy,1,0.7704117619276181,0.5978275329181191,1.5,0.7038453156522361,0.7103532724176078,0.25,-0.066566446275382,0.11252573949948874,0.1307407121735235
10.662919759750366,0.8,fast,drone,tracking,1,1,477.8801174958693,212.8990269873325,511.23916952754615,211.47637730913846,375.7581041415007,261.2188920595461,-24.241895858499277,-38.78110794045392,-0.46960124220457894,0.7806594315616151,0.0,0.0,world_xy,1,0.7659019755329273,0.6056956939007107,1.5,0.6967067093471654,0.7173560908995228,0.25,-0.06919526618576188,0.11166039699881214,0.13136220582972402
10.732356309890747,0.81,fast,drone,tracking,1,1,477.2679785761569,212.13305650839501,510.02281988590056,210.02233088834555,374.9063259062033,261.49828335201795,-25.09367409379672,-38.50171664798205,-0.4873509740238245,0.7748156273305294,0.0,0.0,world_xy,1,0.7612059631108815,0.6135022882163268,1.5,0.689498432951747,0.7242871743701426,0.25,-0.07170753015913456,0.11078488615381576,0.13196689312716697
10.793372631072998,0.8200000000000001,fast,drone,tracking,1,1,476.44303797468353,211.43857745629896,509.50765829780505,209.00742144323382,374.09743553819834,261.78723081323733,-25.90256446180166,-38.21276918676267,-0.5042361473905393,0.7690074933531276,0.0,0.0,world_xy,1,0.7563324533706433,0.6212504444896321,1.5,0.6822212072876135,0.7311458297268959,0.25,-0.07411124608302977,0.10989538523726383,0.13254988680653795
10.855899095535278,0.8300000000000001,fast,drone,tracking,1,1,475.519384057971,210.58538647342993,509.0,208.0,373.2941842481543,262.13995155971867,-26.705815751845705,-37.86004844028133,-0.5206702395960455,0.7625139048520021,0.0,0.0,world_xy,1,0.7512900918967379,0.6289405194231633,1.5,0.674875760071267,0.7379313711099628,0.25,-0.07641433182547086,0.10899085168679945,0.13310956336697632
10.97755241394043,0.84,fast,drone,tracking,1,1,474.75221924337205,209.77545427464995,508.00765347663247,207.00765347663244,372.53485808280544,262.4420431876247,-27.465141917194558,-37.55795681237532,-0.5364181689073606,0.7562687821195294,0.0,0.0,world_xy,1,0.7460833895007775,0.6365656584716833,1.5,0.6674628258413081,0.7446431199708593,0.25,-0.07862056365946934,0.10807746149917596,0.1336485342764317
11.143661737442017,0.85,fast,drone,tracking,1,1,473.75492485479907,209.11963355487694,507.00765347663247,206.00765347663244,371.78139790029,262.7315195760897,-28.218602099709983,-37.26848042391032,-0.5517927991051221,0.7502742366168018,0.0,0.0,world_xy,1,0.7407192078117039,0.6441283462928786,1.5,0.6599831458849822,0.7512804051402927,0.25,-0.08073606192672167,0.10715205884741408,0.13416361433218443
11.229706048965454,0.86,fast,drone,tracking,1,1,472.86496982732865,208.36314751747625,506.5076655602971,204.9925715188873,371.1122412062647,263.05559834745463,-28.887758793735316,-36.944401652545366,-0.5660721063283934,0.7440118246555599,0.0,0.0,world_xy,1,0.7352012798206526,0.6516310886590466,1.5,0.6524374681640519,0.757842562895277,0.25,-0.08276381165660074,0.10621147423623034,0.13465038350989833
11.310227632522583,0.87,fast,drone,tracking,1,1,471.81613350201815,207.76275679257785,506.23091976516633,203.43737769080235,370.4496377699227,263.42079935603545,-29.550362230077326,-36.579200643964555,-0.5797864323786277,0.7371765281786121,0.0,0.0,world_xy,1,0.7295405587573687,0.6590712069056022,1.5,0.6448265472400012,0.7643289370255051,0.25,-0.08471401151736746,0.10525773011990291,0.13511348377330437
11.410552024841309,0.88,fast,drone,tracking,1,1,470.88496213487196,206.98311095083542,505.2384678076609,202.42950285248574,369.77415947382855,263.7185893283377,-30.225840526171453,-36.281410671662286,-0.5933881403582685,0.7308249550686605,0.0,0.0,world_xy,1,0.7237426944335824,0.6664429721873882,1.5,0.6371511441985802,0.7707388788989693,0.25,-0.0865915502350022,0.10429590671158107,0.13555711980154983
11.518710851669312,0.89,fast,drone,tracking,1,1,470.2154449794899,206.2759645680994,504.1143131604227,201.71517771373678,369.1954977202538,264.084884786708,-30.804502279746202,-35.91511521329198,-0.6058741882384291,0.723937497127109,0.0,0.0,world_xy,1,0.7178088130299998,0.6737512217380749,1.5,0.6294120265736969,0.7770717475268238,0.25,-0.08839678645630289,0.10332052578874895,0.13597471421210913
11.594386339187622,0.9,fast,drone,tracking,1,1,469.2371943601642,205.53263132845498,503.0147058823529,200.51470588235293,368.56265313265664,264.4132831641582,-31.437346867343365,-35.5867168358418,-0.6184542002480702,0.7172257589014589,0.0,0.0,world_xy,1,0.7117500711476155,0.680990596709346,1.5,0.6216099682706644,0.7833269096274834,0.25,-0.09014010287695107,0.10233631291813738,0.13637433441944366
11.675370216369629,0.91,fast,drone,tracking,1,1,468.27979490848384,204.90627794670004,502.1176565266377,199.19861580556895,368.00103370944004,264.6900448524774,-31.998966290559963,-35.3099551475226,-0.6302930193077911,0.7111610981284051,0.0,0.0,world_xy,1,0.7055655291451347,0.6881628542983607,1.5,0.6137457494888116,0.7895037396899505,0.25,-0.09181977965632315,0.10134088539158981,0.13675104017186515
11.855149984359741,0.92,fast,drone,tracking,1,1,467.3389466141168,204.1244476292846,501.1327533429998,198.21330755598518,367.4577069974421,265.08661247182215,-32.542293002557926,-34.91338752817785,-0.6415970817166432,0.7040697569677385,0.0,0.0,world_xy,1,0.6992625989520568,0.6952744652796448,1.5,0.6058201566434628,0.795601620036366,0.25,-0.093442442308594,0.10032715475672127,0.13710225383331237
11.997360467910767,0.93,fast,drone,tracking,1,1,466.41474873624736,203.50972346119536,500.1176565266377,197.19861580556895,366.9058397570661,265.44202873160475,-33.094160242933924,-34.55797126839525,-0.6527544494447627,0.6969690745878302,0.0,0.0,world_xy,1,0.6928466281348904,0.7023151628493222,1.5,0.5978339822872982,0.8016199408837772,0.25,-0.09501264584759217,0.09930477803445503,0.13743668291774344
12.105821371078491,0.9400000000000001,fast,drone,tracking,1,1,465.4514978601997,202.81787922016164,500.0985507246377,196.19114331723026,366.37568638435187,265.7704719056539,-33.624313615648134,-34.22952809434611,-0.6636069520222726,0.6901608926023307,0.0,0.0,world_xy,1,0.6863190836404428,0.7092848535952004,1.5,0.5897880250310982,0.8075581004051143,0.25,-0.09653105860934463,0.0982732468099139,0.1377529539240556
12.218412399291992,0.9500000000000001,fast,drone,tracking,1,1,464.4176951052286,202.2101591844035,499.0985507246377,195.19114331723026,365.8595084254087,266.1768431128777,-34.140491574591294,-33.82315688712231,-0.6741685357305269,0.6826271274293941,0.0,0.0,world_xy,1,0.67968301412022,0.7161864625212238,1.5,0.5816830894638835,0.8134155047893737,0.25,-0.09799992465633656,0.09722904226814999,0.1380488025773108
12.314554929733276,0.96,fast,drone,tracking,1,1,463.5701566951567,201.5960351377018,497.62349444705137,194.2071015172845,365.4081793364133,266.5088198236035,-34.5918206635867,-33.49118017639648,-0.6838858683781908,0.6755851892835887,0.0,0.0,world_xy,1,0.6729413287629148,0.7230127337955177,1.5,0.5735199860724567,0.8191915683009983,0.25,-0.0994213426904581,0.09617883450548059,0.13832921451814195
12.476654767990112,0.97,fast,drone,tracking,1,1,462.5484158063368,200.94683754598313,497.09574468085106,193.1753707285622,364.9469943633372,266.878257419272,-35.05300563666282,-33.12174258072798,-0.6933317027734768,0.6683525035656227,0.0,0.0,world_xy,1,0.6661024700791329,0.7297685856883536,1.5,0.5652995311603544,0.8248857133384501,0.25,-0.10080293891877856,0.0951171276500965,0.1385947346296668
12.570138454437256,0.98,fast,drone,tracking,1,1,461.5623400583229,200.29179313217875,495.97832621420656,192.47761430153454,364.43404473857754,267.2494412054788,-35.56595526142246,-32.750558794521226,-0.7032247741237115,0.6610147733442636,0.0,0.0,world_xy,1,0.6591691530513981,0.7364521107240098,1.5,0.5570225467662173,0.8304973704919705,0.25,-0.1021466062851808,0.09404525976796063,0.13884682229133993
12.648257493972778,0.99,fast,drone,tracking,1,1,460.6103403296572,199.7712557808609,494.6203225301393,191.19179583529043,364.01236947228256,267.5868315929638,-35.98763052771744,-32.41316840703621,-0.712315084160562,0.654001500482317,0.0,0.0,world_xy,1,0.652136905310161,0.7430622584574524,1.5,0.5486898605815875,0.8360259786005205,0.25,-0.10344704472857347,0.09296372014306808,0.139081071055389
12.752273559570312,1.0,fast,drone,tracking,1,1,459.60882422521877,199.09918381831085,493.6193087404453,190.19690927218346,363.57006202039315,267.9958127474684,-36.42993797960685,-32.00418725253161,-0.7212711056479282,0.6463467349948903,0.0,0.0,world_xy,1,0.6450137544685554,0.7496022734622756,1.5,0.5403023058681398,0.8414709848078965,0.25,-0.10471144860041559,0.09186871134562091,0.13929948884436905
12.812950849533081,1.01,fast,drone,tracking,1,1,458.5596275870248,198.54960564549603,492.6062551440329,189.66600823045266,363.1765557247988,268.3590583072173,-36.82344427520121,-31.64094169278269,-0.729629884568781,0.6389063893683102,0.0,0.0,world_xy,1,0.6378010434120761,0.7560657408122244,1.5,0.5318607213743555,0.8468318446180152,0.25,-0.10594032203772064,0.09076610380579075,0.1395056896099207
12.864052057266235,1.02,fast,drone,tracking,1,1,457.6436557231588,198.02170955338656,491.1154704944178,188.66810207336522,362.737322805236,268.73914362915883,-37.262677194764024,-31.260856370841168,-0.7382228971983557,0.6313772952949924,0.0,0.0,world_xy,1,0.6305047445663883,0.7624548047059075,1.5,0.5233659512516495,0.852108021949363,0.25,-0.10713879331473875,0.08965321724345543,0.1397011825112462
12.921434879302979,1.03,fast,drone,tracking,1,1,456.66949902637634,197.3601227355874,490.1154704944178,187.66810207336522,362.3443998902683,269.1500347289102,-37.65560010973172,-30.849965271089786,-0.746411904946309,0.6234694008647342,0.0,0.0,world_xy,1,0.6231225155944047,0.7687685776588574,1.5,0.5148188449699553,0.8572989891886034,0.25,-0.10830367062444934,0.08853041152974594,0.1398832328635401
12.981669187545776,1.04,fast,drone,tracking,1,1,455.7330868978466,196.69958340667722,489.00765347663247,187.00765347663244,361.97704573331,269.5099526896793,-38.02295426669002,-30.490047310320676,-0.7541378541594292,0.615951750802658,0.0,0.0,world_xy,1,0.6156583965449416,0.7750032716675047,1.5,0.5062202572327784,0.8624042272433384,0.25,-0.10943813931216317,0.08740095557583372,0.14005582234122682
13.042210817337036,1.05,fast,drone,tracking,1,1,454.78397987244745,196.1973553332163,488.0,186.0,361.5738761781297,269.90296999637945,-38.426123821870306,-30.097030003620546,-0.7620493964123165,0.608245617901022,0.0,0.0,world_xy,1,0.6081170180033473,0.7811627891755313,1.5,0.49757104789172696,0.867423225594017,0.25,-0.11054597011162032,0.08626043641848569,0.14021866637158856
13.095487356185913,1.06,fast,drone,tracking,1,1,453.6914532912428,195.6977668654273,487.0,185.0,361.22909553575073,270.30715131989797,-38.77090446424927,-29.69284868010203,-0.7694021774922843,0.6003318635365823,0.0,0.0,world_xy,1,0.6004965240392242,0.7872452453545415,1.5,0.4888720818605275,0.8723554823449863,0.25,-0.11162444217869666,0.08511023699044473,0.14037011267458205
13.152379751205444,1.07,fast,drone,tracking,1,1,452.4918706345013,194.98556083817573,486.1062801932367,184.17520128824475,360.8339666695852,270.69509967019815,-39.16603333041479,-29.304900329801853,-0.7770573465060906,0.5925032422192824,0.0,0.0,world_xy,1,0.5928025022643013,0.7932485639899074,1.5,0.4801242290285341,0.8772005042746817,0.25,-0.11267827323576723,0.08395194028477426,0.14051448870836244
13.210696458816528,1.08,fast,drone,tracking,1,1,451.3808680248007,194.67286684381457,485.0913926499033,183.15989684074788,360.4976876182468,271.1059082521664,-39.5023123817532,-28.894091747833613,-0.784201242127026,0.5844614682248468,0.0,0.0,world_xy,1,0.5850319287992404,0.7991735964121002,1.5,0.47132836417373997,0.8819578068849475,0.25,-0.11370356462550041,0.08278421047284734,0.14064752437266018
13.285478353500366,1.09,fast,drone,tracking,1,1,450.32872013248164,194.11947007333805,484.0990162876955,182.1675536203838,360.1481669644838,271.50465996286044,-39.85183303551622,-28.495340037139556,-0.7912607223478401,0.5764564011097162,0.0,0.0,world_xy,1,0.5771899163779701,0.8050182110943487,1.5,0.4624853668753008,0.8866269144494873,0.25,-0.11470454950266934,0.08160870335513859,0.1407732721077312
13.34438180923462,1.1,fast,drone,tracking,1,1,449.34106057924845,193.69722173066714,482.10283349251824,181.63721744667302,359.7997980116406,271.89504778250637,-40.200201988359424,-28.104952217493633,-0.7982695469284817,0.5685598548918023,0.0,0.0,world_xy,1,0.5692773091544917,0.8107827751054458,1.5,0.4535961214255773,0.8912073600614354,0.25,-0.11568118772891439,0.08042458495598959,0.14089091901082737
13.420642375946045,1.11,fast,drone,tracking,1,1,448.3633104096867,193.14794568859108,481.10283349251824,180.63721744667302,359.4932451350973,272.35417541649167,-40.50675486490269,-27.64582458350833,-0.8047955996317464,0.5599560051199026,0.0,0.0,world_xy,1,0.5612946136852068,0.8164683736543639,1.5,0.4446615167417068,0.8956986856800476,0.25,-0.11663309694350005,0.07923031202568376,0.1409990129267545
13.522468566894531,1.12,fast,drone,tracking,1,1,447.3519556333917,192.6145942790426,480.0,180.0,359.19754772367827,272.7265029092331,-40.80245227632173,-27.27349709076691,-0.810984994873825,0.5519886703023922,0.0,0.0,world_xy,1,0.5532466576888894,0.8220679337055629,1.5,0.4356824462767121,0.9001004421765051,0.25,-0.11756421141217727,0.07803250847094223,0.14110427414942037
13.592723846435547,1.1300000000000001,fast,drone,tracking,1,1,446.21587637346494,192.12233386215405,479.10154738878146,179.1594132817537,358.8214058496325,273.1763178016308,-41.17859415036747,-26.823682198369227,-0.8179077833472636,0.5434554058181379,0.0,0.0,world_xy,1,0.5451368077401512,0.8275878204085868,1.5,0.42665980793015723,0.904412189378826,0.25,-0.11847699980999393,0.07682436897023914,0.1412047561226347
13.68246054649353,1.1400000000000001,fast,drone,tracking,1,1,445.0468436578171,191.7398820058997,478.09426957223565,178.15173527037933,358.5430796150481,273.5467541557305,-41.4569203849519,-26.453245844269475,-0.8240846267407395,0.5355406369051263,0.0,0.0,world_xy,1,0.5369577299066786,0.8330223744667682,1.5,0.41759450395835795,0.9086334961158833,0.25,-0.1193632259483206,0.0756111216491151,0.14129621872444825
13.761719465255737,1.1500000000000001,fast,drone,tracking,1,1,444.0640367946223,191.2042573264933,476.50741646291766,177.50790546047267,358.30535113540793,273.9887335295767,-41.69464886459207,-26.011266470423323,-0.8294792195438455,0.5271172177819634,0.0,0.0,world_xy,1,0.5287168836392712,0.8383777808358195,1.5,0.40848744088415717,0.9127639402605211,0.25,-0.12022944275511399,0.07438615942470161,0.14138040747982855
13.86531376838684,1.16,fast,drone,tracking,1,1,443.12914913510986,190.74690275829826,475.5688779688779,176.58656838656836,357.97354311945895,274.42080456950623,-42.02645688054105,-25.57919543049377,-0.835556674480682,0.518573897737315,0.0,0.0,world_xy,1,0.5204220914438327,0.8436489530136391,1.5,0.3993395294062732,0.9168031087717669,0.25,-0.12108256203755946,0.07315415575812778,0.14146560477467254
13.963579177856445,1.17,fast,drone,tracking,1,1,441.7595040836712,190.28133262823903,474.1034705407587,176.15125100887812,357.6784448996982,274.8028517565209,-42.321555100301794,-25.19714824347909,-0.8415376096196266,0.5105268846600618,0.0,0.0,world_xy,1,0.5120665246990258,0.8488346919910122,1.5,0.3901516843082303,0.9207505977361357,0.25,-0.12191484039079553,0.07191590574512341,0.14154549023778407
14.03587555885315,1.18,fast,drone,tracking,1,1,440.9172349478347,189.80118901905928,473.09583736689257,175.1435947079703,357.38164860242915,275.2608487565151,-42.61835139757085,-24.739151243484912,-0.8474937897021113,0.5018677617753619,0.0,0.0,world_xy,1,0.5036511486028296,0.8539399608376128,1.5,0.38092482436688185,0.9246060124080203,0.25,-0.1227263242359477,0.0706660515704075,0.14161723590375028
14.100482940673828,1.19,fast,drone,tracking,1,1,439.72994071726237,189.48770323413743,471.9852941176471,174.48529411764707,357.1549980450171,275.6969076256003,-42.84500195498288,-24.303092374399682,-0.8526672268707617,0.4931745089173093,0.0,0.0,world_xy,1,0.4951762107058084,0.8589586384553665,1.5,0.371659872260533,0.9283689672491666,0.25,-0.12351633844527543,0.06941032879380016,0.14168302511660058
14.188921451568604,1.2,fast,drone,tracking,1,1,438.7375737398516,189.10040301384265,470.5,174.0,356.83170177865725,276.1565825496617,-43.16829822134275,-23.84341745033828,-0.858551532526613,0.4842061209665103,0.0,0.0,world_xy,1,0.4866495384371008,0.8638903835445395,1.5,0.3623577544766736,0.9320390859672263,0.25,-0.12429178396042717,0.06814870242268678,0.14174869735543047
14.278135299682617,1.21,fast,drone,tracking,1,1,437.4975649826908,188.55518394648828,469.1034705407587,173.15125100887812,356.5853517675884,276.5426321316066,-43.414648232411594,-23.45736786839342,-0.8639093201935033,0.4759238009872573,0.0,0.0,world_xy,1,0.47806402311183466,0.8687324447542046,1.5,0.3530194012193304,0.935616001553386,0.25,-0.12504462189250426,0.06688355679918134,0.14180820721787815
14.41853404045105,1.22,fast,drone,tracking,1,1,436.47290611722246,188.11210057621793,468.0,172.5,356.3822364732268,276.990731006448,-43.61776352677322,-23.009268993551984,-0.8685545928815819,0.46726766937333764,0.0,0.0,world_xy,1,0.46942492990989965,0.8734916827640772,1.5,0.34364574631604705,0.9390993563190676,0.25,-0.1257791835938526,0.06560767355499042,0.14186179843366664
14.628720045089722,1.23,fast,drone,tracking,1,1,435.41852046476316,187.9554504583406,467.0177693161986,171.53863239727113,356.10026041666663,277.44282511210764,-43.89973958333337,-22.55717488789236,-0.8737467022133789,0.45839937498481786,0.0,0.0,world_xy,1,0.4607393839810838,0.8781643594578106,1.5,0.3342377271245026,0.9424888019316975,0.25,-0.1265016568565812,0.06432444247388691,0.14191653563639653
14.73671555519104,1.24,fast,drone,tracking,1,1,434.1560133826378,187.52509244585315,465.0967846178704,171.1354015188237,355.83451532503307,277.84952224187344,-44.16548467496693,-22.150477758126556,-0.8790063474206568,0.4499349740825602,0.0,0.0,world_xy,1,0.45200191695895003,0.8827483532076588,1.5,0.32479628443877623,0.945783999449539,0.25,-0.1272056325201738,0.06303564624188018,0.141967480931335
14.912492752075195,1.25,fast,drone,tracking,1,1,433.2011283661955,187.09265398708777,464.0,170.5,355.6486749884743,278.32063469831985,-44.35132501152572,-21.67936530168015,-0.8834174314660784,0.4409437566556338,0.0,0.0,world_xy,1,0.44321185348474346,0.8872477029484843,1.5,0.3153223623952687,0.9489846193555862,0.25,-0.12788949108947478,0.06173691640710188,0.1420111572327412
15.02324390411377,1.26,fast,drone,tracking,1,1,432.1625086625087,186.68364518364518,463.0068027210884,169.52286030691346,355.3867287570829,278.7570362330258,-44.61327124291711,-21.242963766974185,-0.8882838278318235,0.4320972919317512,0.0,0.0,world_xy,1,0.4343776791700827,0.8916571405150406,1.5,0.30581690837828934,0.9520903415905158,0.25,-0.12856077079179334,0.06043320107547512,0.14205648024222206
15.178244590759277,1.27,fast,drone,tracking,1,1,430.81829353932585,186.52452013108612,461.5805805805806,169.11544878211544,355.1975546412209,279.2277568648049,-44.802445358779096,-20.772243135195083,-0.8925546214708906,0.42293845585643397,0.0,0.0,world_xy,1,0.4254948408917644,0.8959781134343582,1.5,0.29628087292531874,0.9551008555846923,0.25,-0.1292139679664457,0.059122742150334084,0.1420976711878437
15.287667989730835,1.28,fast,drone,tracking,1,1,429.7714964921435,186.13370441236154,460.0221483942414,168.47761430153454,354.9684072192045,279.64482214823903,-45.031592780795506,-20.35517785176097,-0.8969971002506515,0.414229261504766,0.0,0.0,world_xy,1,0.4165692946770555,0.9002074979929225,1.5,0.2867152096319555,0.9580158602892249,0.25,-0.1298540850451,0.057808362296302374,0.1421403888916891
15.382102012634277,1.29,fast,drone,tracking,1,1,428.61862385854704,185.75013086721341,459.07419980601355,168.11235046880049,354.73830161037074,280.1532391275164,-45.26169838962926,-19.846760872483628,-0.901527377398715,0.4047175372744646,0.0,0.0,world_xy,1,0.407599323674549,0.9043497906079702,1.5,0.2771208750565576,0.9608350642060727,0.25,-0.1304784486179914,0.056485273598102514,0.14218020849334242
15.437171936035156,1.3,fast,drone,tracking,1,1,427.6645912602329,185.3405972558515,457.5881273970318,167.1237285309321,354.53362844245373,280.56323266962943,-45.46637155754627,-19.43676733037057,-0.9058174069624306,0.3959273324075854,0.0,0.0,world_xy,1,0.39858404990056184,0.9083969659807148,1.5,0.26749882862458735,0.963558185417193,0.25,-0.1310852212759745,0.055161219436478115,0.14221847758533518
15.512799263000488,1.31,fast,drone,tracking,1,1,426.5486147261264,185.25848805598932,456.0221273905484,166.52236446973288,354.36248948696385,281.0279646761985,-45.63751051303615,-18.972035323801492,-0.9096304487764915,0.3868596881452298,0.0,0.0,world_xy,1,0.38952587583093756,0.9123562393047907,1.5,0.2578500325326696,0.966184951612734,0.25,-0.13167584329826798,0.05382871230794328,0.14225349899753378
15.569125652313232,1.32,fast,drone,tracking,1,1,425.2396449704142,184.87069265576054,455.08147429679923,166.11186550274812,354.1186480268152,281.5009635261554,-45.88135197318479,-18.499036473844626,-0.9140285736544539,0.37757626087764434,0.0,0.0,world_xy,1,0.3804295713431726,0.916224836186243,1.5,0.2481754516523729,0.9687151001182652,0.25,-0.13225411969079973,0.052490263932022274,0.1422897746953088
15.619303464889526,1.33,fast,drone,tracking,1,1,424.24077904170974,184.57336550614727,453.5,165.5,353.9501120291276,281.9662162162162,-46.04988797087242,-18.033783783783804,-0.9178616258241009,0.36828093901656184,0.0,0.0,world_xy,1,0.3712892856066281,0.9200005987950194,1.5,0.23847605343372313,0.9711483779210446,0.25,-0.13281323217290497,0.051147779126025195,0.14232164259078314
15.686150550842285,1.34,fast,drone,tracking,1,1,422.8354548096483,184.43376925312407,452.0221483942414,165.47761430153454,353.7515130292684,282.3978172692521,-46.24848697073162,-17.602182730747927,-0.9217710882988932,0.35935043259568006,0.0,0.0,world_xy,1,0.3621106693483871,0.923683408185185,1.5,0.22875280780845939,0.9734845416953194,0.25,-0.1333578615399277,0.04980113351013438,0.14235333551904134
15.738889694213867,1.35,fast,drone,tracking,1,1,421.9312590031691,184.14289830020164,451.0,164.5,353.563522651624,282.8938077385749,-46.436477348376,-17.10619226142512,-0.925598240566638,0.3498758095437324,0.0,0.0,world_xy,1,0.35289295846539814,0.9272769125111419,1.5,0.2190066870930415,0.9757233578266591,0.25,-0.13388627137235665,0.04844644531551723,0.14238185181300925
15.809828758239746,1.36,fast,drone,tracking,1,1,420.70015589814653,183.81009296148736,449.57970288766484,164.10732765815388,353.37953772269196,283.32983795202165,-46.620462277308036,-16.67016204797835,-0.9293442933053754,0.34081589682244146,0.0,0.0,world_xy,1,0.34363697605973176,0.9307756706065792,1.5,0.20923866589141926,0.9778646024353163,0.25,-0.1343983101683125,0.04708893182873708,0.14240882443468655
15.86889910697937,1.37,fast,drone,tracking,1,1,419.5741767764298,183.773714615829,448.04431782209554,163.5,353.2278539372399,283.79910826315574,-46.7721460627601,-16.200891736844255,-0.9326985386777801,0.3315769626753855,0.0,0.0,world_xy,1,0.334343533126678,0.9341838295748036,1.5,0.19944972099757285,0.9799080613986142,0.25,-0.13489381212910517,0.04572423182381058,0.14243260134744395
15.942862749099731,1.3800000000000001,fast,drone,tracking,1,1,418.27546054918315,183.493975205654,447.0578231292517,163.08049886621313,353.0735403132132,284.287781416172,-46.926459686786814,-15.712218583828019,-0.9359053989596561,0.3220440376260316,0.0,0.0,world_xy,1,0.32501654773990024,0.9374995992015575,1.5,0.18964083129783424,0.9818535303723598,0.25,-0.135375716442066,0.04435393117080233,0.14245650498487927
16.0385479927063,1.3900000000000001,fast,drone,tracking,1,1,417.275877871341,183.17265280403274,445.5,162.5,352.86499057490175,284.73490671195384,-47.13500942509825,-15.26509328804616,-0.9396425332079259,0.312835843100222,0.0,0.0,world_xy,1,0.31565749375030366,0.9407200395778178,1.5,0.17981297767299936,0.9837008148112766,0.25,-0.1358445160773043,0.04298077523345878,0.14248185704834876
16.176433801651,1.4000000000000001,fast,drone,tracking,1,1,416.0010431154381,183.1638270746407,444.0074284811127,162.49233443970286,352.7362382778079,285.2485659097938,-47.2637617221921,-14.751434090206203,-0.9427405188876798,0.3030419043873681,0.0,0.0,world_xy,1,0.3062610684182244,0.94384839800882,1.5,0.16996714290024081,0.9854497299884603,0.25,-0.1362939255179836,0.04160133197964022,0.14250159632643383
16.245768308639526,1.41,fast,drone,tracking,1,1,415.0182246751753,182.92790617454295,442.97043010752685,161.48529411764707,352.6159444395809,285.7019988911261,-47.384055560419085,-14.298001108873905,-0.9454578446640659,0.2936468691719286,0.0,0.0,world_xy,1,0.2968336632293476,0.9468788170526937,1.5,0.16010431155483126,0.9871001010138504,0.25,-0.13672935167451636,0.04022128396115665,0.1425225150382127
16.33608388900757,1.42,fast,drone,tracking,1,1,413.7056269538034,182.9246844969318,441.5702589807853,161.0908939014202,352.4626476050317,286.1648212387727,-47.53735239496831,-13.835178761227326,-0.948366906443481,0.2843280575008684,0.0,0.0,world_xy,1,0.28737908478270696,0.949815285744413,1.5,0.15022546991168584,0.9886517628517197,0.25,-0.13715361487102112,0.038836477107306755,0.14254608386867298
16.41780424118042,1.43,fast,drone,tracking,1,1,412.50083926607624,182.71574926202464,440.05579886455797,161.05693430656933,352.3087096341171,286.65879338621096,-47.69129036588288,-13.34120661378904,-0.951369301924278,0.27470089862707026,0.0,0.0,world_xy,1,0.27789541571827214,0.9526585663194217,1.5,0.14033160584673673,0.9901045603371778,0.25,-0.1375638098715354,0.03744599401775606,0.14256929632410256
16.504261016845703,1.44,fast,drone,tracking,1,1,411.4707230434284,182.41835682365073,438.5,160.5,352.19920044354956,287.1595085937728,-47.80079955645044,-12.840491406227216,-0.95392498098688,0.264860809850681,0.0,0.0,world_xy,1,0.2683817226990294,0.9554055753056924,1.5,0.13042370873814554,0.9914583481916864,0.25,-0.13795801396088384,0.03605277288599407,0.1425910798360139
16.564144611358643,1.45,fast,drone,tracking,1,1,410.12565172054224,182.4824469933959,437.56268806419257,160.082581076563,352.0444717014193,287.5938847029963,-47.9555282985807,-12.40611529700368,-0.9567770527284837,0.2556546326998469,0.0,0.0,world_xy,1,0.25884247288916057,0.9580541834041991,1.5,0.12050276936736662,0.9927129910375885,0.25,-0.13833970352179395,0.034658807633389355,0.14261523942786108
16.64402747154236,1.46,fast,drone,tracking,1,1,409.1632382598674,182.22310573321806,435.9851500789889,159.5,351.93767725219703,288.0823617286976,-48.062322747802966,-11.917638271302394,-0.9592352239536502,0.2461386056992574,0.0,0.0,world_xy,1,0.24927470236187574,0.9606107297311975,1.5,0.11056977982006959,0.9938683634116449,0.25,-0.13870492254180616,0.03325763368044732,0.14263634086498178
16.736006498336792,1.47,fast,drone,tracking,1,1,407.9314738292011,182.08987603305786,434.5,159.5,351.7751477908693,288.596590743302,-48.22485220913069,-11.403409256698012,-0.9621292250795801,0.23619987438834397,0.0,0.0,world_xy,1,0.23968235012233924,0.9630721157881901,1.5,0.10062573338693173,0.9949243497775809,0.25,-0.1390566167354075,0.031852233989390855,0.14265800877627907
16.80502986907959,1.48,fast,drone,tracking,1,1,406.65942910080474,182.18753980661222,433.0,159.0,351.6527300764001,289.03627251699726,-48.347269923599924,-10.963727483002742,-0.9647781204454102,0.22689094578778496,0.0,0.0,world_xy,1,0.23006105787154343,0.9654341145320735,1.5,0.09067162446430968,0.99588084453764,0.25,-0.13938943340723375,0.030446730005566525,0.14267591777739339
16.88753056526184,1.49,fast,drone,tracking,1,1,405.6684994272623,181.95899198167237,431.5,158.5,351.56121377572447,289.53561178776425,-48.43878622427553,-10.464388212235747,-0.9669768026674654,0.21720919593909646,0.0,0.0,world_xy,1,0.22041327666708932,0.9677030239899513,1.5,0.08070844845480063,0.9967377520431434,0.25,-0.1397048282122887,0.02903472805319207,0.14269006433157114
16.988786220550537,1.5,fast,drone,tracking,1,1,404.33547342240723,181.99248076811844,430.4925835370823,158.4920945395273,351.4863690517906,290.0168196790245,-48.513630948209425,-9.98318032097552,-0.9687895016306632,0.20755912170332416,0.0,0.0,world_xy,1,0.21074350864041466,0.9698751159493423,1.5,0.0707372016677029,0.9974949866040544,0.25,-0.14000630697271177,0.027619870654712164,0.14270467142711282
17.07235026359558,1.51,fast,drone,tracking,1,1,403.1784249147743,181.90564511469344,428.9923465233675,157.99234652336753,351.38889666760014,290.51720456454774,-48.611103332399864,-9.48279543545226,-0.970677412390197,0.19771235455647074,0.0,0.0,world_xy,1,0.20105561362410804,0.9719507071663755,1.5,0.0607588812193859,0.9981524724975481,0.25,-0.14029673240472212,0.026201765331172577,0.14272247766176163
17.200068712234497,1.52,fast,drone,tracking,1,1,401.98232890116844,181.79462384159325,427.5,157.5,351.32533202509023,291.0026106458282,-48.67466797490977,-8.997389354171787,-0.9722261832995961,0.1879418424463015,0.0,0.0,world_xy,1,0.19134883950020606,0.9739278307119402,1.5,0.05077448493357918,0.998710143975583,0.25,-0.14057435456662687,0.024782313263642775,0.1427421178647741
17.38589859008789,1.53,fast,drone,tracking,1,1,400.8445134218543,181.82916594815197,426.0,157.5,351.1729962979831,291.49285288862416,-48.827003702016896,-8.507147111375843,-0.9745988232070042,0.17815244732596994,0.0,0.0,world_xy,1,0.1816265776672101,0.9758072491364033,1.5,0.040785011241591035,0.999167945271476,0.25,-0.14084156642561907,0.023360696135072745,0.14276578356573144
17.518791437149048,1.54,fast,drone,tracking,1,1,399.64596949891063,181.7471620227038,424.5,157.5,351.0958800186741,291.97907913165267,-48.90411998132589,-8.020920868347332,-0.9765147902377368,0.16839873084850712,0.0,0.0,world_xy,1,0.17188058943514006,0.977588773609663,1.5,0.03079145908246612,0.9995258306054791,0.25,-0.14108913035267395,0.02193705699581605,0.14278437300107988
17.63981795310974,1.55,fast,drone,tracking,1,1,398.37130288823283,181.91051687214215,423.42783074092654,156.93794948988125,351.0123006833713,292.47627475030663,-48.98769931662872,-7.523725249693371,-0.9782963480898974,0.15854040662845528,0.0,0.0,world_xy,1,0.1621154415327627,0.9792727609181481,1.5,0.020794827803092428,0.999783764189357,0.25,-0.14132061372967025,0.020511003271208916,0.14280132044250224
17.761258125305176,1.56,fast,drone,tracking,1,1,397.27058006252173,181.8924973949288,421.5,156.5,350.9569692937922,292.9623437554707,-49.04303070620779,-7.037656244529273,-0.9797066944087395,0.1487574016726269,0.0,0.0,world_xy,1,0.15233247805186373,0.9808581649844327,1.5,0.010796117058267392,0.9999417202299663,0.25,-0.14153636099359634,0.019083555245533623,0.14281709829050215
18.13865637779236,1.57,fast,drone,tracking,1,1,396.18430969510104,181.70069658558864,420.5,156.5,350.88634479053525,293.4586209312918,-49.11365520946475,-6.541379068708181,-0.981118219788045,0.13889600050847212,0.0,0.0,world_xy,1,0.14253541110777634,0.982345739001159,1.5,0.0007963267107332633,0.9999996829318346,0.25,-0.14173908439704308,0.017653943930675653,0.14283427383516722
18.264783143997192,1.58,fast,drone,tracking,1,1,394.9348063755106,181.86351343575578,418.9852941176471,156.46995572422514,350.7965301249832,293.90874649013733,-49.20346987501682,-6.091253509862668,-0.9827413675298052,0.1295069888373018,0.0,0.0,world_xy,1,0.13272422890989588,0.9837346990062437,1.5,-0.009203543268808336,0.9999576464987401,0.25,-0.14192777217870423,0.01622294749249642,0.14285193922713987
18.362959146499634,1.59,fast,drone,tracking,1,1,393.68345116974183,181.8706098752658,417.5,156.5,350.75348286146175,294.4064457012122,-49.24651713853825,-5.593554298787808,-0.983945303912333,0.11980724226345171,0.0,0.0,world_xy,1,0.12289681523459783,0.9850297688946167,1.5,-0.01920249290169265,0.9998156151342908,0.25,-0.1420993081362905,0.01478584623967416,0.1428664922990542
18.43693709373474,1.6,fast,drone,tracking,1,1,392.48903546837926,182.074061216224,416.4201807228916,155.9300535475234,350.70354739097183,294.89535284194056,-49.296452609028165,-5.104647158059436,-0.9850363654598597,0.11006437775720705,0.0,0.0,world_xy,1,0.1130573621954745,0.9862278413172512,1.5,-0.029199522301288815,0.9995736030415051,0.25,-0.14225688449676333,0.013345761724253946,0.14288152624718853
18.54356360435486,1.61,fast,drone,tracking,1,1,391.3624192059095,182.09297091412742,414.5,155.5,350.666707517055,295.4025338912329,-49.33329248294501,-4.597466108767094,-0.9859325817693321,0.1001010971871812,0.0,0.0,world_xy,1,0.10320699854087591,0.9873284850948232,1.5,-0.03919363177298771,0.9992316344213905,0.25,-0.14240063031386363,0.01190314932656733,0.1428972514699853
18.660996437072754,1.62,fast,drone,tracking,1,1,390.3337362574109,182.1992171760778,413.39944903581267,155.43202074218115,350.59224678555165,295.9107720515246,-49.40775321444835,-4.089227948475411,-0.9871549471551313,0.09002700116746105,0.0,0.0,world_xy,1,0.09334767272318259,0.988329496066695,1.5,-0.049183821914170554,0.998789743470524,0.25,-0.14253149463735315,0.010460247403829004,0.14291481287573776
18.794065475463867,1.6300000000000001,fast,drone,tracking,1,1,389.065085367251,182.1772086627707,411.50741646291766,155.4920945395273,350.5512564748705,296.42664146717067,-49.44874352512949,-3.5733585328293316,-0.9881559049962334,0.07981909438648012,0.0,0.0,world_xy,1,0.08347612325163127,0.9892297660783695,1.5,-0.05916909371414836,0.9982479743776325,0.25,-0.14264521696577964,0.00901820829926292,0.1429300038625314
19.06058359146118,1.6400000000000001,fast,drone,tracking,1,1,387.85054705848654,182.19757117488683,410.5,155.5,350.52817197519187,296.90977843185345,-49.47182802480813,-3.0902215681465464,-0.9888602655211944,0.06991102972352806,0.0,0.0,world_xy,1,0.07359456420166893,0.9900279570222343,1.5,-0.06914844865406217,0.9976063813191737,0.25,-0.1427430128557311,0.0075784242969393345,0.14294404581498263
19.348718643188477,1.6500000000000001,fast,drone,tracking,1,1,386.7040428472702,182.46492743607465,408.97787260945154,155.4776355302671,350.4978301952824,297.40815076643105,-49.502169804717596,-2.5918492335689507,-0.9895109873364311,0.059970304944846085,0.0,0.0,world_xy,1,0.06370596154645698,0.9907270673194696,1.5,-0.07912088880673408,0.9968650284539189,0.25,-0.14282685035319106,0.00613796113444931,0.14295867846584498
19.44460964202881,1.6600000000000001,fast,drone,tracking,1,1,385.48827990348155,182.56428817649086,407.5,155.0,350.48942021369766,297.89476849419043,-49.510579786302344,-2.10523150580957,-0.9898963219507197,0.050144183789086014,0.0,0.0,world_xy,1,0.05381085167309267,0.991326770368918,1.5,-0.08908541693645919,0.9960239899165367,0.25,-0.14289626860955185,0.004697219547618703,0.14297345017174246
19.567100524902344,1.67,fast,drone,tracking,1,1,384.29587885093343,182.8235940119068,406.0,154.98468556533072,350.4742746141192,298.4003535053026,-49.525725385880776,-1.5996464946974243,-0.9902363241225124,0.04016099414676037,0.0,0.0,world_xy,1,0.04391188845358547,0.991828212206809,1.5,-0.09904103659872801,0.9950833498101802,0.25,-0.1429529250523135,0.003255137603371261,0.14298998112395583
19.654667139053345,1.68,fast,drone,tracking,1,1,383.13984641145555,182.8573820659391,404.5,155.0,350.4594850236469,298.887849594208,-49.54051497635311,-1.112150405792022,-0.9905520105950147,0.03030610182975441,0.0,0.0,world_xy,1,0.03400952521236035,0.9922298221482766,1.5,-0.10898675223987112,0.994043202198076,0.25,-0.14299627745223148,0.0018133800497993624,0.14300777500681763
19.727158069610596,1.69,fast,drone,tracking,1,1,381.8836926286509,183.22652990264257,403.39592722416955,154.91704223001167,350.4495660086798,299.384904801904,-49.550433991320176,-0.6150951980960144,-0.9908031786722785,0.02040379300244564,0.0,0.0,world_xy,1,0.024104005106410205,0.9925328831665742,1.5,-0.11892156929661223,0.9929036510941185,0.25,-0.14302557440302244,0.0003707679275443132,0.1430260549766042
19.92871403694153,1.7,fast,drone,tracking,1,1,380.80714533472076,183.3126951092612,401.5,155.0,350.44553258584443,299.87346414389157,-49.55446741415557,-0.12653585610843265,-0.9909605719582366,0.010573601268293297,0.0,0.0,world_xy,1,0.01419597331968742,0.9927369210965986,1.5,-0.12884449429552464,0.9916648104524686,0.25,-0.14304046761521205,-0.001072110644130042,0.14304448537714337
20.16311287879944,1.71,fast,drone,tracking,1,1,379.61491151726136,183.5901943719176,400.39592722416955,154.91704223001167,350.44510359792804,300.3734775304494,-49.55489640207196,0.37347753044940646,-0.991036117803998,0.0006498677357885119,0.0,0.0,world_xy,1,0.0042863676001050535,0.9928426571092815,1.5,-0.13875453495237755,0.990326804156158,0.25,-0.1430409025524826,-0.0025158529531235096,0.14306302568836773
20.295750617980957,1.72,fast,drone,tracking,1,1,378.42478336221836,183.74009243212015,398.5076483442595,154.9920995125231,350.446965449576,300.86732310136193,-49.553034550424,0.8673231013619329,-0.9910496330664631,-0.009248113633876433,0.0,0.0,world_xy,1,-0.005623993577934926,0.9928491557866395,1.5,-0.14865070027136365,0.9888897660047015,0.25,-0.14302670669342873,-0.003959389781937994,0.14308149983493118
20.453596830368042,1.73,fast,drone,tracking,1,1,377.27137010778716,183.86454550694563,397.5,155.0,350.4509834803304,301.37662746745065,-49.54901651966958,1.3766274674506462,-0.9910115165962737,-0.019304553277201503,0.0,0.0,world_xy,1,-0.015534489908599557,0.9927566746503007,1.5,-0.15853200064419776,0.9873538397007164,0.25,-0.1429975107355982,-0.005402834949584268,0.14309954123640636
20.564389944076538,1.74,fast,drone,tracking,1,1,376.0724789305434,184.13943621040391,395.5076483442595,154.9920995125231,350.4671349987737,301.8643413568784,-49.5328650012263,1.8643413568784126,-0.9908166974818124,-0.02919480390040322,0.0,0.0,world_xy,1,-0.025444605074562296,0.9925636291175287,1.5,-0.16839744794907702,0.9857191788355535,0.25,-0.1429528428745147,-0.006844450281975223,0.14311660206128468
20.671923875808716,1.75,fast,drone,tracking,1,1,374.9996533795494,184.3571923743501,394.49235165574044,154.9920995125231,350.4808897133457,302.3640579608694,-49.519110286654325,2.3640579608693884,-0.9905777270200132,-0.03914229932474472,0.0,0.0,world_xy,1,-0.03535277204938042,0.9922716810785247,1.5,-0.17824605564949209,0.9839859468739369,0.25,-0.14289328360011166,-0.00828573420458778,0.14313330810587388
20.76184105873108,1.76,fast,drone,tracking,1,1,373.83347828607873,184.68997506812775,393.00765347663247,154.99234652336753,350.50896986685353,302.84471501985513,-49.49103013314647,2.84471501985513,-0.9901613086236171,-0.048905899914541556,0.0,0.0,world_xy,1,-0.04525854931958055,0.9918802580852772,1.5,-0.1880768388928801,0.9821543171376185,0.25,-0.14281828957329956,-0.009725940947658773,0.14314907531646925
20.82063937187195,1.77,fast,drone,tracking,1,1,372.65980510868934,184.90653289511616,391.5,155.0,350.53270112328096,303.3600097980894,-49.46729887671904,3.3600097980893793,-0.9897128765245371,-0.058967762740526876,0.0,0.0,world_xy,1,-0.055160162405816726,0.9913911990861318,1.5,-0.197888814609109,0.9802244727880455,0.25,-0.14272865220329228,-0.011166726298086349,0.14316481388939373
20.9604389667511,1.78,fast,drone,tracking,1,1,371.4961429151441,185.2143147149237,390.34611650485436,155.37605177993527,350.56637354167395,303.8312254026089,-49.433626458326046,3.8312254026088794,-0.9891406854776281,-0.06867897266193478,0.0,0.0,world_xy,1,-0.0650572911710621,0.9908015214587266,1.5,-0.2076810016087838,0.9781966068080447,0.25,-0.1426237104377217,-0.01260491465068192,0.14317963071741058
21.0950825214386,1.79,fast,drone,tracking,1,1,370.3096885813149,185.43356401384082,388.50741646291766,155.4920945395273,350.632647582363,304.32272316087426,-49.367352417636994,4.322723160874261,-0.9881541850589396,-0.07845549246748754,0.0,0.0,world_xy,1,-0.07494869802583838,0.9901147317321072,1.5,-0.21745242068136464,0.9760709219825242,0.25,-0.14250372265552624,-0.01404380974958297,0.14319406259676282
21.19499969482422,1.8,fast,drone,tracking,1,1,369.26909027656984,185.88113874876788,387.3760103459424,155.40688651794375,350.6595049233337,304.7953854325354,-49.340495076666286,4.795385432535397,-0.987414829119852,-0.08805421136825876,0.0,0.0,world_xy,1,-0.08483023987642778,0.9893301768074323,1.5,-0.2272020946930871,0.9738476308781951,0.25,-0.14237185481665932,-0.015482545929237146,0.14321122257835403
21.2573184967041,1.81,fast,drone,tracking,1,1,368.14409421544855,185.98406650502253,385.50741646291766,155.4920945395273,350.7062009396247,305.3105897458344,-49.29379906037531,5.31058974583442,-0.9865684627680618,-0.09804088231989506,0.0,0.0,world_xy,1,-0.0947043881676263,0.9884496346937497,1.5,-0.23692904868467468,0.9715269558223153,0.25,-0.14222466051704838,-0.016922678871434393,0.1432278992353632
21.31039309501648,1.82,fast,drone,tracking,1,1,366.79542153274065,186.3260705362849,384.4925835370823,155.50790546047267,350.7478797854395,305.78405621997695,-49.25212021456048,5.7840562199769465,-0.9857291306057931,-0.1077430154636992,0.0,0.0,world_xy,1,-0.10457007279530692,0.9874692258705507,1.5,-0.24663230996883403,0.9691091288804563,0.25,-0.14206223717352712,-0.018360096990094443,0.1432437516690803
21.378804206848145,1.83,fast,drone,tracking,1,1,365.6912047560762,186.8311476365332,382.5076483442595,155.9920995125231,350.80564552367275,306.2935333835209,-49.19435447632725,6.2935333835209235,-0.9847160080122066,-0.1177132241773948,0.0,0.0,world_xy,1,-0.11442736410136485,0.9863917957159137,1.5,-0.2563109082275227,0.9665943918332975,0.25,-0.1418835441261579,-0.019797403882616194,0.14325807933338636
21.448238611221313,1.84,fast,drone,tracking,1,1,364.6292499275991,187.12227048942947,381.5,156.5,350.859963695156,306.7722367169214,-49.14003630484399,6.772236716921384,-0.9836626029587768,-0.12746555476596289,0.0,0.0,world_xy,1,-0.12427452418148692,0.9852146634741398,1.5,-0.2659638756089804,0.9639829961524481,0.25,-0.14168935142749345,-0.021231667321691683,0.14327126720038016
21.526293992996216,1.85,fast,drone,tracking,1,1,363.4951031829311,187.4645563716917,379.94089609151575,156.40546552272002,350.9655534919578,307.31630865192557,-49.03444650804221,7.316308651925567,-0.9820270829199139,-0.13783889481586453,0.0,0.0,world_xy,1,-0.1341111502110747,0.9839400079264802,1.5,-0.27559024682451294,0.9612752029752999,0.25,-0.14147909661343824,-0.022664804951180284,0.14328303515081484
21.662527322769165,1.86,fast,drone,tracking,1,1,362.41238128329854,187.81236970118138,378.5,156.5,351.07246960490755,307.74949073993,-48.92753039509245,7.749490739930025,-0.9801150216599783,-0.14727190080636932,0.0,0.0,world_xy,1,-0.14393142104027384,0.9825616189783215,1.5,-0.28518905924502086,0.9584712830789142,0.25,-0.14125763820474702,-0.024090335899407345,0.14329712012085058
22.12003231048584,1.87,fast,drone,tracking,1,1,361.3482267037552,188.22444367176635,377.33042635658916,156.39341085271317,351.1532391275164,308.26169838962915,-48.84676087248363,8.261698389629146,-0.97836612934431,-0.1571510376487868,0.0,0.0,world_xy,1,-0.15373257125687362,0.9810888999702578,1.5,-0.294759352997261,0.955571516852944,0.25,-0.1410267817403874,-0.025517383117313885,0.1433167471344736
22.312427043914795,1.8800000000000001,fast,drone,tracking,1,1,360.0083450046685,188.59144491129783,375.5076483442595,156.9920995125231,351.2189960831013,308.7280995160791,-48.781003916898726,8.728099516079112,-0.9768558012908255,-0.1667270616188243,0.0,0.0,world_xy,1,-0.16351623255031672,0.97951738959377,1.5,-0.3043001710598334,0.9525761942715953,0.25,-0.1407839385095167,-0.02694119532217465,0.14333856894652935
22.4295551776886,1.8900000000000001,fast,drone,tracking,1,1,358.96681299385426,189.1257828504536,374.3301064859632,157.37786382704095,351.294853614841,309.2417382982324,-48.705146385159026,9.241738298232406,-0.9753417208176208,-0.1766862990090274,0.0,0.0,world_xy,1,-0.173284790563225,0.9778501189775818,1.5,-0.31381055935888247,0.9494856148646305,0.25,-0.14052576879565748,-0.028364504112951328,0.1433598158103735
22.589455127716064,1.9000000000000001,fast,drone,tracking,1,1,357.9113277623027,189.46402042711233,372.90383086949606,157.41789858528054,351.37518747410377,309.7184591233506,-48.62481252589623,9.718459123350613,-0.9737767121527878,-0.18641188491091906,0.0,0.0,world_xy,1,-0.1830382077714012,0.9760832559874915,1.5,-0.3232895668635036,0.9463000876874145,0.25,-0.14025135909210237,-0.02978316830007699,0.14337880192403812
22.754515409469604,1.9100000000000001,fast,drone,tracking,1,1,356.82311865189286,189.78704986149583,371.5,157.5,351.48071263401306,310.18510732721364,-48.51928736598694,10.185107327213643,-0.9719116814946109,-0.19592152880926364,0.0,0.0,world_xy,1,-0.19277597489292908,0.9742191371383823,1.5,-0.33273624568084537,0.9430199312900105,0.25,-0.13996027078791629,-0.03119920584837177,0.1433954945059151
23.14794087409973,1.92,fast,drone,tracking,1,1,355.551821221186,190.4187342366121,370.00765347663247,157.99234652336753,351.61249525810496,310.6981295048002,-48.38750474189504,10.698129504800193,-0.9696228088334203,-0.20584411251697077,0.0,0.0,world_xy,1,-0.2024950917078752,0.9722599218502896,1.5,-0.3421496511508982,0.9396454736853249,0.25,-0.139654559443023,-0.03261444816496473,0.1434123362975794
23.2359139919281,1.93,fast,drone,tracking,1,1,354.64480205235844,190.76473675004374,368.50741646291766,158.4920945395273,351.6917981311902,311.1831865483048,-48.30820186880982,11.183186548304775,-0.9677204845319471,-0.21564490266398934,0.0,0.0,world_xy,1,-0.2121913197962094,0.9702014807251199,1.5,-0.35152884194095985,0.9361770523163061,0.25,-0.13933752214475045,-0.03402442840881381,0.14343154048529674
23.33088254928589,1.94,fast,drone,tracking,1,1,353.55695391248616,191.2743692827594,367.3225286244154,158.3960651507821,351.80420992431004,311.65538028793685,-48.195790075689956,11.65538028793685,-0.9656279088719657,-0.22524938936610056,0.0,0.0,world_xy,1,-0.22186852464152887,0.96804503169848,1.5,-0.36087288013976715,0.9326150140222005,0.25,-0.13900435549823828,-0.03543001767627951,0.1434485866086595
23.811073303222656,1.95,fast,drone,tracking,1,1,352.3073273589879,191.78703215603585,365.8854423108485,158.90956835713112,351.95003851270917,312.12999206404777,-48.04996148729083,12.12999206404777,-0.9630821353525838,-0.23479213791927073,0.0,0.0,world_xy,1,-0.23152480373024853,0.965792537804819,1.5,-0.3701808313512869,0.9289597150038693,0.25,-0.13865602762103835,-0.03683282280094968,0.14346480694279104
24.162401914596558,1.96,fast,drone,tracking,1,1,351.32624113475174,192.07132891524242,364.5,159.5,352.0602572189515,312.5987699747687,-47.939742781048494,12.598769974768686,-0.9607241315001962,-0.24424293178612735,0.0,0.0,world_xy,1,-0.24115562508377436,0.9634446164256263,1.5,-0.3794517647881545,0.9252115207881683,0.25,-0.13829613970438015,-0.038233095637458026,0.14348376862612874
24.60968041419983,1.97,fast,drone,tracking,1,1,350.27954360228193,192.70700896495515,363.0072773295364,159.47761430153454,352.2049584654092,313.11165595465343,-47.79504153459078,13.111655954653429,-0.9580713160555868,-0.25413753480494505,0.0,0.0,world_xy,1,-0.2507628663987763,0.961002187107765,1.5,-0.388684753364752,0.9213708061913954,0.25,-0.13792188696597568,-0.03963138091636953,0.14350293814969
24.818901777267456,1.98,fast,drone,tracking,1,1,349.20764836189807,193.10551474874663,361.5,160.0,352.3162228563759,313.5959079582392,-47.68377714362413,13.595907958239195,-0.9556536408048794,-0.2639168782028564,0.0,0.0,world_xy,1,-0.2603435795593322,0.9584608117597155,1.5,-0.397878873789916,0.9174379552818098,0.25,-0.1375352942305838,-0.04102285647790571,0.14352293166146
24.96213722229004,1.99,fast,drone,tracking,1,1,348.18888888888887,193.79555555555552,360.3299484203739,160.38829787234042,352.4724052141005,314.03302614058447,-47.52759478589951,14.033026140584468,-0.9528476810070905,-0.27312588273771454,0.0,0.0,world_xy,1,-0.26990011596738095,0.955821642977687,1.5,-0.4070332066592655,0.9134133613412252,0.25,-0.13713309069188456,-0.04240828163646182,0.1435407500122042
25.114943265914917,2.0,fast,drone,tracking,1,1,347.0121500264131,194.34460292304982,358.8590785907859,160.39327275625698,352.58685076298474,314.52862942741143,-47.41314923701526,14.528629427411431,-0.9503260980603585,-0.2827215709334973,0.0,0.0,world_xy,1,-0.27942859277745186,0.9530903841503099,1.5,-0.4161468365471424,0.9092974268256817,0.25,-0.13671824376969055,-0.04379295732462818,0.14356079301364016
25.242278814315796,2.0100000000000002,fast,drone,tracking,1,1,346.06941532727694,194.6314348940135,357.5,161.0,352.70008059994393,314.9968636108775,-47.29991940005607,14.996863610877483,-0.947945857527778,-0.2921902066397261,0.0,0.0,world_xy,1,-0.28893185375805547,0.9502631684409749,1.5,-0.4252188520981526,0.9050905633252009,0.25,-0.1362869983400971,-0.045172605115774034,0.14357823710263087
25.484779119491577,2.02,fast,drone,tracking,1,1,345.12007231163983,195.32423606251456,356.0072773295364,161.47761430153454,352.90977843185345,315.47182802480813,-47.090221568146546,15.471828024808133,-0.9445680731371121,-0.3016757012607662,0.0,0.0,world_xy,1,-0.29841131233333323,0.9473412663745776,1.5,-0.43424834611830043,0.9007931915226273,0.25,-0.1358370337849672,-0.04654807485195034,0.1435911662321923
25.61099624633789,2.0300000000000002,fast,drone,tracking,1,1,343.90149253731346,195.89640035118526,354.8441040370193,162.3869475027924,353.053168767507,315.9456757703081,-46.946831232493025,15.945675770308128,-0.9414707764691238,-0.3111564990407342,0.0,0.0,world_xy,1,-0.3078569930647044,0.94432450936197,1.5,-0.4432344156657093,0.8964057411515598,0.25,-0.13537742260100494,-0.04791876821041019,0.14360799036576655
25.74010944366455,2.04,fast,drone,tracking,1,1,343.07855477855475,196.46410256410255,353.314653784219,162.3840579710145,353.23846454602216,316.39819564316684,-46.76153545397784,16.398195643166844,-0.938038739404862,-0.3204005766431656,0.0,0.0,world_xy,1,-0.3172717008293956,0.9412129443715627,1.5,-0.45217616214091194,0.8919286509533796,0.25,-0.13490446131151634,-0.04928429341818308,0.1436250509468316
25.86434292793274,2.05,fast,drone,tracking,1,1,341.9028460997892,197.02084797376432,352.00765347663247,162.99234652336753,353.4136010090393,316.8852626538668,-46.586398990960674,16.88526265386679,-0.9345678216327553,-0.32991814868195923,0.0,0.0,world_xy,1,-0.3266520882234442,0.938008938605131,1.5,-0.46107269137671275,0.8873623686333755,0.25,-0.13442060315326854,-0.05064656997175554,0.1436453048379669
25.987135410308838,2.06,fast,drone,tracking,1,1,340.9273108509523,197.5063777738948,350.82910078262256,163.40169302028428,353.55193350831144,317.36981627296586,-46.448066491688564,17.369816272965863,-0.9314842511433142,-0.3395311459095061,0.0,0.0,world_xy,1,-0.33599776643977175,0.9347097571183114,1.5,-0.4699231137276022,0.8827073508159741,0.25,-0.13392534728783045,-0.05200240630233732,0.14366714623531496
26.087225437164307,2.07,fast,drone,tracking,1,1,339.9103621789246,198.2336317360014,349.3009789281566,163.878712460594,353.7246084972012,317.78698045258477,-46.27539150279881,17.78698045258477,-0.9281972195452783,-0.34844580063771025,0.0,0.0,world_xy,1,-0.3453126089512049,0.9313144456592163,1.5,-0.4787265441587198,0.8779640629990781,0.25,-0.13341393520751488,-0.05335038266013814,0.14368556447165506
26.261747360229492,2.08,fast,drone,tracking,1,1,338.93570929419985,198.78505706964825,348.0,164.48467614533965,353.89741209711786,318.2787497737847,-46.102587902882135,18.278749773784682,-0.9248172157270788,-0.35786685779860117,0.0,0.0,world_xy,1,-0.3545945811466577,0.9278299876528392,1.5,-0.4874821023343594,0.8731329795075164,0.25,-0.1328875211877017,-0.054697008145322745,0.14370405696243016
26.42792820930481,2.09,fast,drone,tracking,1,1,337.8274894810659,199.34811827956986,346.8315235274761,164.8963474827246,354.1270566674254,318.7155480847239,-45.87294333257461,18.715548084723878,-0.9207701237355062,-0.36691111494133316,0.0,0.0,world_xy,1,-0.3638427533039285,0.9242513190748531,1.5,-0.49618891270599885,0.8682145834456126,0.25,-0.13234615940207034,-0.0560367356292405,0.1437206375175799
26.52114486694336,2.1,fast,drone,tracking,1,1,336.98264616818074,199.98287910552062,345.29938867438864,165.3807915057915,354.2925282023449,319.2039381153305,-45.7074717976551,19.203938115330516,-0.9171287454551839,-0.3763533209922356,0.0,0.0,world_xy,1,-0.37305045454128355,0.9205822079254398,1.5,-0.5048461045998576,0.8632093666488737,0.25,-0.13179565005857402,-0.057372841276566056,0.1437419086088262
26.66177010536194,2.11,fast,drone,tracking,1,1,335.898307063631,200.63496789258608,344.00765347663247,165.99234652336753,354.48267716535435,319.6160804899388,-45.517322834645654,19.61608048993878,-0.913398486635935,-0.38513587983583264,0.0,0.0,world_xy,1,-0.38222174199583536,0.9168186747155174,1.5,-0.5134528123039594,0.8581178296348089,0.25,-0.1312310703081241,-0.0587008450807085,0.14376154919659548
26.85059952735901,2.12,fast,drone,tracking,1,1,334.96015125072717,201.1934264107039,342.81406874500396,166.39632294164667,354.6820105171618,320.130081300813,-45.317989482838186,20.130081300813004,-0.9095272032973908,-0.3947420402350677,0.0,0.0,world_xy,1,-0.3913557268621947,0.9129673159171591,1.5,-0.5220081751547073,0.8529404815528762,0.25,-0.1306524482925126,-0.06002683436428291,0.1437820680357072
26.96493148803711,2.13,fast,drone,tracking,1,1,334.1171802054155,202.01260504201682,341.28526437924745,166.8758494944472,354.8942291973189,320.5363798780915,-45.10577080268109,20.53637987809151,-0.9054507203133179,-0.4035340967647871,0.0,0.0,world_xy,1,-0.4004509988951686,0.9090198955148084,1.5,-0.5305113376229448,0.8476778401335698,0.25,-0.13006033872777617,-0.0613420553812386,0.14380034585625592
27.036341428756714,2.14,fast,drone,tracking,1,1,333.027536231884,202.46046376811591,340.00765347663247,167.99234652336753,355.07548326096094,320.9868503992156,-44.92451673903906,20.986850399215598,-0.9016225082704228,-0.4124456979355257,0.0,0.0,world_xy,1,-0.4095055060983018,0.9049845545471605,1.5,-0.5389614493995115,0.8423304316366457,0.25,-0.12945594330120974,-0.06265412291051486,0.14382065350182477
27.126960515975952,2.15,fast,drone,tracking,1,1,332.07911780150533,203.15339284672385,338.81406874500396,168.3771382893685,355.3105547287636,321.41758440573113,-44.68944527123642,21.417584405731134,-0.8973140267052909,-0.42119399253402906,0.0,0.0,world_xy,1,-0.418521731181006,0.9008600975678053,1.5,-0.547357665480271,0.8368987907984977,0.25,-0.128835934299265,-0.06396130676930756,0.14383930871080405
27.23468565940857,2.16,fast,drone,tracking,1,1,331.0954558780416,203.96892406918792,337.2695810564663,168.87398575923166,355.5188332165382,321.89273534220973,-44.48116678346179,21.892735342209733,-0.8930841466354607,-0.43035738540462015,0.0,0.0,world_xy,1,-0.4274948714480589,0.896648157642465,1.5,-0.5556991462506127,0.8313834607786831,0.25,-0.12820427480255375,-0.06526469686378189,0.14386040711179035
27.321287393569946,2.17,fast,drone,tracking,1,1,330.20223152022317,204.58344955834494,336.0,169.5,355.7409994689263,322.3308180284912,-44.259000531073696,22.330818028491194,-0.888736871827768,-0.43929982174548216,0.0,0.0,world_xy,1,-0.4364257129144135,0.8923445837884187,1.5,-0.5639850575694101,0.8257849931056082,0.25,-0.12755934465499658,-0.06655959068281059,0.14388038615695847
27.417927503585815,2.18,fast,drone,tracking,1,1,329.21810410445573,205.3165876222261,334.80052753049785,169.88724035608308,355.9431842730611,322.7597461362853,-44.05681572693891,22.759746136285287,-0.8845565653188235,-0.44804212728460513,0.0,0.0,world_xy,1,-0.4453130816326912,0.8879515855709639,1.5,-0.5722145708524369,0.8201039476213741,0.25,-0.1269014892197457,-0.06784763794958981,0.1439002777673756
27.47651720046997,2.19,fast,drone,tracking,1,1,328.40795494544176,206.16549337087878,333.2695810564663,170.87398575923166,356.2212827290817,323.2255016951724,-43.77871727091832,23.225501695172397,-0.8796163443735722,-0.4570994759249687,0.0,0.0,world_xy,1,-0.4541586472858794,0.8834711642981178,1.5,-0.5803868631552218,0.814340892425796,0.25,-0.1262282158693424,-0.06913027187232179,0.14391857757321821
27.556237936019897,2.2,fast,drone,tracking,1,1,327.4142682714111,206.72341415198557,332.0147058823529,171.48529411764707,356.4441955692437,323.62741049242294,-43.555804430756325,23.62741049242294,-0.874941203706427,-0.46559627958288824,0.0,0.0,world_xy,1,-0.46295481072961514,0.8789001695388681,1.5,-0.5885011172553458,0.8084964038195901,0.25,-0.12554630652573068,-0.07040376571927798,0.14393945015077592
27.692895650863647,2.21,fast,drone,tracking,1,1,326.42529944493134,207.47893660531696,331.0,172.0,356.64131044148564,324.08461224013075,-43.35868955851436,24.084612240130753,-0.8706691268115501,-0.47444906045373797,0.0,0.0,world_xy,1,-0.4717042227666794,0.8742442067430392,1.5,-0.5965565217341599,0.8025710662467472,0.25,-0.12485229896748046,-0.07167314049629192,0.14396227153690763
27.852901935577393,2.22,fast,drone,tracking,1,1,325.5400421496312,208.20641611052568,329.7849834983498,172.8841584158416,356.91703747824766,324.5073928734102,-43.082962521752336,24.507392873410197,-0.8657136948044731,-0.4830833988116943,0.0,0.0,world_xy,1,-0.4804109140347949,0.8694997161385017,1.5,-0.6045522710579296,0.7965654722360865,0.25,-0.12414135702313472,-0.07293424390241521,0.14398083364518482
27.971473932266235,2.23,fast,drone,tracking,1,1,324.81272885789014,208.97570473699503,328.26152610441767,173.38489959839356,357.1514801460893,324.9611439773165,-42.848519853910716,24.96114397731651,-0.8609048810550308,-0.49196011321574407,0.0,0.0,world_xy,1,-0.4890680509828396,0.8646688821503848,1.5,-0.6124875656583851,0.7904802223420048,0.25,-0.12341951467554552,-0.07418865980838008,0.14400115918599665
28.103244066238403,2.24,fast,drone,tracking,1,1,323.745077478737,209.67738552953512,327.0221273905484,174.4776355302671,357.43830055295024,325.39093231609155,-42.56169944704976,25.39093231609155,-0.8555858903923113,-0.500682306424092,0.0,0.0,world_xy,1,-0.4976770997933899,0.8597492810182275,1.5,-0.6203616120126798,0.7843159250844198,0.25,-0.12268451221928989,-0.07543335593380762,0.14401972339204655
28.21218204498291,2.25,fast,drone,tracking,1,1,322.90502891186264,210.43583902809414,326.0,175.0,357.67250304951,325.78270563035846,-42.32749695049,25.782705630358464,-0.8506161171319301,-0.5089167998247844,0.0,0.0,world_xy,1,-0.506232958697313,0.8547424579539865,1.5,-0.6281736227227391,0.7780731968879212,0.25,-0.12194066402542614,-0.07666926106606531,0.1440406232122672
28.299106121063232,2.2600000000000002,fast,drone,tracking,1,1,321.9822028985507,211.09460869565217,324.7694086554344,175.88206144697722,357.90183955957986,326.2434161748136,-42.098160440420145,26.243416174813603,-0.8458570175539901,-0.5176901378441027,0.0,0.0,world_xy,1,-0.5147391198686323,0.8496532899557386,1.5,-0.6359228165940027,0.7717526620201257,0.25,-0.12118369672537044,-0.07790062793561292,0.14406247320100177
28.38129162788391,2.27,fast,drone,tracking,1,1,321.1237961828051,212.11463258040038,323.50797410390015,176.2816990367914,358.20577745868866,326.64427594982516,-41.79422254131134,26.644275949825158,-0.8403721058537204,-0.5260475974779228,0.0,0.0,world_xy,1,-0.5231976900441722,0.8444763885772976,1.5,-0.6436084187135406,0.7653549525292535,0.25,-0.12041072866936842,-0.07912143604804411,0.1440796488786428
28.46859574317932,2.2800000000000002,fast,drone,tracking,1,1,320.32644845090147,212.83190384503177,322.0221273905484,177.4776355302671,358.47454003854915,327.0464517259506,-41.52545996145085,27.04645172595059,-0.8349475072101334,-0.5342323878505217,0.0,0.0,world_xy,1,-0.5316014111027093,0.8392159126025184,1.5,-0.6512296605275458,0.7588807081809218,0.25,-0.11962824942483652,-0.08033520442159658,0.1440994903874077
28.54390859603882,2.29,fast,drone,tracking,1,1,319.48432299877385,213.64436270216615,321.00765347663247,177.99234652336753,358.730162065001,327.4403300826957,-41.269837934998975,27.44033008269571,-0.8296945955295487,-0.5422482054423876,0.0,0.0,world_xy,1,-0.5399508861748107,0.8338735887240132,1.5,-0.6587857799181878,0.7523305763941708,0.25,-0.11883489374337708,-0.0815430123298424,0.14412145860635933
28.663183212280273,2.3000000000000003,fast,drone,tracking,1,1,318.4861737822515,214.2543676964017,320.00765347663247,178.99234652336753,359.00563686016386,327.8923102957309,-40.99436313983614,27.89231029573091,-0.8243005625264945,-0.5508271057021145,0.0,0.0,world_xy,1,-0.5482478321301062,0.8284511066695893,1.5,-0.6662760212798244,0.74570521217672,0.25,-0.11802818914971824,-0.08274589449286929,0.14414415176963208
28.756312370300293,2.31,fast,drone,tracking,1,1,317.72098462258083,215.2420043267263,318.5,179.27462121212122,359.3024551943087,328.2976930394337,-40.69754480569128,28.297693039433682,-0.8186082459995265,-0.559146820999722,0.0,0.0,world_xy,1,-0.5564908377553711,0.8229428356125682,1.5,-0.6736996355945609,0.7390052780594708,0.25,-0.1172087978391898,-0.0839375575530974,0.14416454438899878
28.881527423858643,2.32,fast,drone,tracking,1,1,316.8769743769744,216.05967005967005,317.2610591900311,180.38084112149534,359.59267559601966,328.7006857509702,-40.40732440398034,28.700685750970194,-0.8128542791435706,-0.567323612710547,0.0,0.0,world_xy,1,-0.5646769202153664,0.817351367402571,1.5,-0.6810558805071525,0.7322314440302514,0.25,-0.11637896029178607,-0.08511992337231955,0.14418551852910427
29.13782048225403,2.33,fast,drone,tracking,1,1,316.0892971711869,216.80939049285504,316.00765347663247,180.99234652336753,359.8397636852951,329.13671576268115,-40.16023631470489,29.13671576268115,-0.8075470250763606,-0.5757994991092388,0.0,0.0,world_xy,1,-0.5728054630068021,0.8116781312754655,1.5,-0.6883440203992384,0.7253843874668195,0.25,-0.11553855739243624,-0.08629374380864596,0.14420738006370376
29.27089810371399,2.34,fast,drone,tracking,1,1,315.2289662410355,217.71989971430236,315.0,182.0,360.1514482597523,329.5052733006307,-39.84855174024767,29.505273300630677,-0.8017302304270867,-0.5836677809060948,0.0,0.0,world_xy,1,-0.5808809332575657,0.8059201362843731,1.5,-0.695563326462902,0.7184647930691263,0.25,-0.11468239320533624,-0.08745534321524684,0.14422374412072367
29.364611625671387,2.35,fast,drone,tracking,1,1,314.4490464490464,218.6142506142506,314.0,183.0,360.4718699642682,329.9011478549242,-39.528130035731806,29.901147854924204,-0.7955880340852389,-0.5915631278119089,0.0,0.0,world_xy,1,-0.5888982355618366,0.8000834584753121,1.5,-0.7027130767735539,0.7114733527908443,0.25,-0.11381484121171725,-0.08861010568446781,0.14424135644627364
29.478394508361816,2.36,fast,drone,tracking,1,1,313.6076762764849,219.27538497163366,313.00765347663247,183.99234652336753,360.7503311915308,330.28713576226573,-39.24966880846921,30.287135762265734,-0.7897609722315189,-0.5993619009002822,0.0,0.0,world_xy,1,-0.596854115902689,0.794167827197193,1.5,-0.7097925563621205,0.7044107657701761,0.25,-0.11293844045943147,-0.0897570614270169,0.14426164219716145
29.62921714782715,2.37,fast,drone,tracking,1,1,312.9017654256249,220.2696498281186,311.4608752236863,184.75906946477957,361.05948209405005,330.64852126988575,-38.940517905949946,30.648521269885748,-0.7837381344696328,-0.6068465893738701,0.0,0.0,world_xy,1,-0.6047517256250042,0.7881742081881902,1.5,-0.7168010572865429,0.6972777382599378,0.25,-0.11204933166153863,-0.0908964699282524,0.14428174164188334
29.810556888580322,2.38,fast,drone,tracking,1,1,312.0527422463641,221.19811926873427,310.25284666978627,185.37264077367024,361.39732268012335,331.06521586767593,-38.60267731987665,31.06521586767593,-0.7773116110299779,-0.6147983397626768,0.0,0.0,world_xy,1,-0.6125891069697006,0.7821057422944515,1.5,-0.7237378787025686,0.6900749835569364,0.25,-0.11114877173286797,-0.0920307587375151,0.1443042272822522
29.99280285835266,2.39,fast,drone,tracking,1,1,311.27973994025655,222.09722954372398,309.2458684128469,186.3802619270346,361.6871516530975,331.4282821208672,-38.31284834690251,31.42828212086721,-0.7712315567794177,-0.622370356222744,0.0,0.0,world_xy,1,-0.6203622230800003,0.7759577588968247,1.5,-0.7306023269338372,0.6828032219306397,0.25,-0.11024010385383687,-0.09315453696618503,0.14432826561380507
30.131568908691406,2.4,fast,drone,tracking,1,1,310.5329254079254,222.8487762237762,307.9923465233675,187.00765347663244,361.9932432432432,331.8495017037763,-38.00675675675677,31.849501703776298,-0.7651285248750626,-0.630411179041774,0.0,0.0,world_xy,1,-0.6280745386477945,0.7697340553345973,1.5,-0.7373937155412454,0.675463180551151,0.25,-0.10931917689345094,-0.09427087478344631,0.14435262473920532
30.219292402267456,2.41,fast,drone,tracking,1,1,309.77560293603636,223.7584760573226,307.0,188.0,362.3270598808336,332.2307871869839,-37.67294011916641,32.23078718698389,-0.7587101775046088,-0.6382236896256211,0.0,0.0,world_xy,1,-0.6357258238965451,0.7634299435441795,1.5,-0.7441113653915925,0.6680555934164909,0.25,-0.10838554149504742,-0.09537435012768858,0.14437344723824244
30.3120174407959,2.42,fast,drone,tracking,1,1,309.1379793381194,224.7470378801144,306.0,189.5,362.65574019273083,332.6009677400526,-37.34425980726917,32.600967740052624,-0.7522064377570348,-0.6458113054721083,0.0,0.0,world_xy,1,-0.6433129256715912,0.7570477066479233,1.5,-0.7507546047254909,0.6605812012792007,0.25,-0.10744167905389979,-0.09646650536872259,0.14439356306974002
30.38638186454773,2.43,fast,drone,tracking,1,1,308.3862072985892,225.6308149702693,304.9923465233675,190.00765347663244,362.97473474104424,332.95790874391565,-37.025265258955756,32.95790874391565,-0.745770814839179,-0.6531520836455209,0.0,0.0,world_xy,1,-0.6508349900491615,0.7505895935932022,1.5,-0.7573227692245438,0.6530407515722648,0.25,-0.10648777917538232,-0.09754884202093739,0.14441407027478587
30.46236824989319,2.44,fast,drone,tracking,1,1,307.6175851175851,226.5893295893296,303.9923465233675,191.00765347663244,363.3084280120675,333.3224853970088,-36.69157198793249,33.32248539700879,-0.739204158544888,-0.6604657770075812,0.0,0.0,world_xy,1,-0.6582926981975532,0.744058072756747,1.5,-0.7638152020777741,0.6454349983343708,0.25,-0.10552250388022089,-0.09862307442237617,0.1444351398852536
30.562198638916016,2.45,fast,drone,tracking,1,1,306.9544893279238,227.6294466984183,302.4141069397042,191.7651552088412,363.65293317691277,333.69686516899833,-36.34706682308723,33.69686516899833,-0.7324596063991592,-0.6678751165123932,0.0,0.0,world_xy,1,-0.6656847397830021,0.7374534149866712,1.5,-0.7702312540473074,0.6377647021345036,0.25,-0.10454651426430528,-0.09968871285216752,0.14445695938561942
30.655073642730713,2.46,fast,drone,tracking,1,1,306.22670187793426,228.51860328638494,301.68408437200384,192.89069990412273,363.9737754280312,334.04707468225905,-36.02622457196878,34.04707468225905,-0.7258952931712783,-0.6750616239354266,0.0,0.0,world_xy,1,-0.6730093358469937,0.7307746638215472,1.5,-0.776570283533293,0.6300306299958922,0.25,-0.10356094768629931,-0.100744033825655,0.1444791688692496
30.76958203315735,2.47,fast,drone,tracking,1,1,305.49094330745703,229.43560338743825,300.4141069397042,193.7651552088412,364.3171029210073,334.3960138901047,-35.68289707899271,34.39601389010471,-0.7191647497959951,-0.6821338835620938,0.0,0.0,world_xy,1,-0.6802682887787065,0.724024047582193,1.5,-0.7828316566380653,0.6222335553193046,0.25,-0.10256336785935882,-0.10179049226288839,0.14450103370486767
30.962496280670166,2.48,fast,drone,tracking,1,1,304.88248467703914,230.44153701084392,299.4141069397042,194.7651552088412,364.66410494313436,334.76201646738906,-35.33589505686564,34.76201646738906,-0.7123189830337198,-0.6893424287442218,0.0,0.0,world_xy,1,-0.6874599362766665,0.717202708746572,1.5,-0.7890147472295311,0.6143742578057118,0.25,-0.10155481095286467,-0.10282845094086024,0.14452359651824676
31.084838390350342,2.49,fast,drone,tracking,1,1,304.19575693464975,231.32052186177714,298.68408437200384,195.89069990412273,365.010468088086,335.12573375812525,-34.989531911914014,35.12573375812525,-0.705428393396228,-0.6965871642742777,0.0,0.0,world_xy,1,-0.6945831261070037,0.7103092844591298,1.5,-0.7951189370037843,0.6064535233783147,0.25,-0.10053581089678065,-0.10385576108081507,0.1445457311107754
31.196832180023193,2.5,fast,drone,tracking,1,1,303.47223691168693,232.33215817615604,297.5,197.0,365.38740157480316,335.472510936133,-34.612598425196836,35.472510936133006,-0.6981813597054678,-0.703661844220888,0.0,0.0,world_xy,1,-0.7016374100409659,0.703343412816387,1.5,-0.8011436155469337,0.5984721441039564,0.25,-0.09950620550596778,-0.10487126871243058,0.1445664827529214
31.355692386627197,2.5100000000000002,fast,drone,tracking,1,1,302.78575207194496,233.31111502968318,296.23004016064255,197.87775100401606,365.71644343284015,335.79181767778454,-34.28355656715985,35.791817677784536,-0.691300734106219,-0.7103578243550296,0.0,0.0,world_xy,1,-0.7086192236380205,0.6963067943741781,1.5,-0.8070881803961462,0.5904309181139127,0.25,-0.09846895675812561,-0.1058758762602654,0.1445885079074843
31.452035903930664,2.52,fast,drone,tracking,1,1,302.1310410020087,234.29487179487177,295.5,199.0,366.10971816107246,336.18973496985507,-33.890281838927535,36.18973496985507,-0.6838784305760014,-0.7177481056281689,0.0,0.0,world_xy,1,-0.7155322309790827,0.6892032161306277,1.5,-0.81295203709989,0.5823306495240819,0.25,-0.09741980612080725,-0.10687256660654587,0.14461107882069846
31.518182039260864,2.5300000000000002,fast,drone,tracking,1,1,301.52904284625754,235.19576812613562,294.5,200.0,366.4466804325762,336.5015224162671,-33.553319567423785,36.50152241626711,-0.6768318090008623,-0.7245033941116142,0.0,0.0,world_xy,1,-0.7223710152848427,0.682025735074346,1.5,-0.8187345992773818,0.5741721483545723,0.25,-0.09636358399253908,-0.10785358671977374,0.14463172711478933
31.625681161880493,2.54,fast,drone,tracking,1,1,300.9022472569383,236.1878777210585,293.2143431419842,200.879562630648,366.7896890009396,336.80285495853536,-33.210310999060425,36.80285495853536,-0.6698877350400527,-0.7308579318941153,0.0,0.0,world_xy,1,-0.7291393333748514,0.6747807011332299,1.5,-0.8244352886772223,0.5659562304487028,0.25,-0.0952959553023709,-0.10882447068452705,0.14465159700728836
31.777657985687256,2.5500000000000003,fast,drone,tracking,1,1,300.27693394560225,237.1498881431767,292.5,202.0,367.2003594834176,337.1890322542995,-32.79964051658237,37.18903225429949,-0.6622455264504298,-0.7379654241496464,0.0,0.0,world_xy,1,-0.7358382107252519,0.6674721218142887,1.5,-0.8300535352352224,0.5576837173914166,0.25,-0.0942153245099705,-0.10978840442287208,0.14467211589742912
31.979528188705444,2.56,fast,drone,tracking,1,1,299.67252283907237,238.15876083391893,291.37123006474025,203.28106742460128,367.54817485038325,337.488923109229,-32.45182514961675,37.488923109229006,-0.6549805635484777,-0.7444625950688599,0.0,0.0,world_xy,1,-0.7424606659897562,0.6600924675727923,1.5,-0.8355887771314077,0.5493554364271266,0.25,-0.09312811114165143,-0.11073703114566569,0.14469117164418813
32.07134032249451,2.57,fast,drone,tracking,1,1,299.05842105263156,239.12116959064323,290.35620760372296,204.28648051743176,367.9068310652632,337.7957977943966,-32.09316893473681,37.795797794396606,-0.6477661118789199,-0.7507619435193496,0.0,0.0,world_xy,1,-0.749010471625241,0.6526478416221037,1.5,-0.8410404608462014,0.5409722203769886,0.25,-0.0920299892209604,-0.1116756212451151,0.14470992811998937
32.131248474121094,2.58,fast,drone,tracking,1,1,298.4823370363839,240.13436783636044,289.63076432104674,204.927557044838,368.30603752662756,338.14994893343834,-31.693962473372437,38.14994893343834,-0.6401283375526107,-0.7574923128515291,0.0,0.0,world_xy,1,-0.7554881327440303,0.6451402221869101,1.5,-0.8464080412157756,0.5325349075556212,0.25,-0.09091990847174536,-0.11260531463128898,0.14472866557707958
32.20361137390137,2.59,fast,drone,tracking,1,1,297.9248875649787,241.10741195023655,288.6526449968132,206.8903760356915,368.69627360004665,338.41604365461495,-31.303726399953348,38.41604365461495,-0.6323987422981617,-0.7634480209839527,0.0,0.0,world_xy,1,-0.7618894161195564,0.6375652990583949,1.5,-0.8516909814865655,0.5240443416872761,0.25,-0.08980156536700912,-0.11352095737111878,0.1447457388140341
32.26232075691223,2.6,fast,drone,tracking,1,1,297.3174409127954,242.03225055303292,287.6526449968132,207.8903760356915,369.1041852753501,338.73465622828985,-30.89581472464988,38.73465622828985,-0.6244333960053214,-0.7696328279539671,0.0,0.0,world_xy,1,-0.768213403542538,0.6299308188485554,1.5,-0.8568887533689473,0.5155013718214642,0.25,-0.08867534982640934,-0.11442944702709124,0.1447667641890291
32.345003604888916,2.61,fast,drone,tracking,1,1,296.64612430167597,242.97165968342642,287.00765347663247,208.99234652336753,369.47911483337424,339.0493394540421,-30.52088516662576,39.049339454042126,-0.6167247650352781,-0.7758775065737487,0.0,0.0,world_xy,1,-0.7744577375025912,0.6222344905690157,1.5,-0.8620008370900635,0.5069068522480534,0.25,-0.0875430995874723,-0.11532763832096227,0.14479039486814302
32.43990516662598,2.62,fast,drone,tracking,1,1,296.1165711639752,243.94634485153674,286.0,210.0,369.84376003128295,339.35360309094835,-30.156239968717045,39.353603090948354,-0.6092447839217627,-0.7820345119586187,0.0,0.0,world_xy,1,-0.780624985152944,0.6144757155032782,1.5,-0.8670267214458024,0.49826164241183857,0.25,-0.08640173629285841,-0.11621407309143961,0.14481357263365585
32.54020595550537,2.63,fast,drone,tracking,1,1,295.5484737057141,245.23463491507616,285.1909588159588,210.8899613899614,370.2633765748732,339.66519610417646,-29.736623425126822,39.66519610417646,-0.6012630104411882,-0.7882326875273195,0.0,0.0,world_xy,1,-0.7867174329921616,0.606655370383692,1.5,-0.8719659038519165,0.4895666068265995,0.25,-0.08524847085975495,-0.11708876355709247,0.14483466551642668
32.63727927207947,2.64,fast,drone,tracking,1,1,295.09892624537935,246.35433902481958,284.1756843800322,211.9048309178744,370.6242859646049,339.9681268617487,-29.375714035395106,39.968126861748715,-0.5937012090878808,-0.7943541048665296,0.0,0.0,world_xy,1,-0.7927300630965735,0.5987730435084188,1.5,-0.8768178903942815,0.48082261498864826,0.25,-0.08408782729770803,-0.1179504285197705,0.14485532882033253
32.80134105682373,2.65,fast,drone,tracking,1,1,294.6062835786031,247.35079420696098,283.5,213.48556067588325,371.0743510265076,340.2719355083504,-28.9256489734924,40.271935508350396,-0.5853476827979628,-0.8004506377817927,0.0,0.0,world_xy,1,-0.7986670751874523,0.5908295024597534,1.5,-0.8815821958782859,0.47203054128988264,0.25,-0.08291512069083362,-0.11879896116987076,0.14487273868542683
32.972362995147705,2.66,fast,drone,tracking,1,1,294.0934011339061,248.40569291016422,282.18900514864634,214.3883075901013,371.461997410505,340.53415334009867,-28.538002589495022,40.53415334009867,-0.5773244857435285,-0.8060784737428921,0.0,0.0,world_xy,1,-0.8045205520154319,0.5828249960819355,1.5,-0.886258343877352,0.4631912649303452,0.25,-0.0817377918619201,-0.11963373115159032,0.14489063547280606
33.24263286590576,2.67,fast,drone,tracking,1,1,293.5898330715989,249.35782004304073,281.61416070007954,215.9123309466985,371.8368850210416,340.7947200382893,-28.16311497895839,40.79472003828931,-0.5695902833531301,-0.8114772336054838,0.0,0.0,world_xy,1,-0.8102937968728672,0.5747642113445066,1.5,-0.8908458667805764,0.45430566983030646,0.25,-0.08055206990770925,-0.12045854151420016,0.14490995890602124
33.34619140625,2.68,fast,drone,tracking,1,1,293.0076588337685,250.3701769654772,280.9923465233675,217.00765347663244,372.28445191527607,341.1270566674254,-27.715548084723935,41.12705666742539,-0.5611866564408718,-0.817562378464147,0.0,0.0,world_xy,1,-0.8159896997063985,0.5666494390084518,1.5,-0.8953443058394921,0.44537464454187115,0.25,-0.07935460613309364,-0.12127479446658063,0.14493008413524708
33.43428015708923,2.69,fast,drone,tracking,1,1,292.51878787878786,251.38158730158727,279.9923465233675,218.00765347663244,372.68949355932597,341.35983143936073,-27.310506440674033,41.35983143936073,-0.5529495662458066,-0.8228612161418343,0.0,0.0,world_xy,1,-0.8216015662708072,0.5584738152238103,1.5,-0.8997532112139414,0.4363990821601263,0.25,-0.0781516449431342,-0.12207473306368405,0.1449479908790992
33.68117308616638,2.7,fast,drone,tracking,1,1,292.10117370892016,252.66924882629107,279.1598968407479,218.9086073500967,373.1029162724968,341.61679688868645,-26.897083727503173,41.61679688868645,-0.5446952258131479,-0.8280723130393765,0.0,0.0,world_xy,1,-0.8271310619332652,0.550245203062392,1.5,-0.9040721420170612,0.4273798802338298,0.25,-0.07694108008379597,-0.12286532282856222,0.14496833225993846
33.96850633621216,2.71,fast,drone,tracking,1,1,291.60967365967366,253.68834498834497,278.1727348295926,220.39268495428095,373.52014786782996,341.91450880082226,-26.479852132170038,41.91450880082226,-0.536391225069787,-0.8336921376767643,0.0,0.0,world_xy,1,-0.8325780141913968,0.5419644799319983,1.5,-0.9083006663593701,0.418317940675659,0.25,-0.07572265216797336,-0.12364653925633928,0.14499098841452643
34.237666606903076,2.72,fast,drone,tracking,1,1,291.13141755738565,254.68944570994682,277.59879192497215,221.92099825147034,373.92278907394757,342.1957535742015,-26.07721092605243,42.19575357420149,-0.5282253714679809,-0.8393147512707603,0.0,0.0,world_xy,1,-0.8379419264420946,0.5336275585552306,1.5,-0.912438361391958,0.4092141696720173,0.25,-0.07449643494986335,-0.1244133888832133,0.14501175867371888
34.35600924491882,2.73,fast,drone,tracking,1,1,290.6381613183001,255.65579647296903,276.9923465233675,223.00765347663244,374.38583627900465,342.44669793161376,-25.61416372099535,42.446697931613755,-0.5194572180915402,-0.8446053153195934,0.0,0.0,world_xy,1,-0.8432241801567745,0.525234411042523,1.5,-0.9164848133487693,0.4000694775924195,0.25,-0.07326063319199483,-0.1251649334501035,0.14502889691803095
34.58619475364685,2.74,fast,drone,tracking,1,1,290.13238111827206,256.8493293851245,276.1440787350758,223.9133591481123,374.77164784499104,342.6895853395196,-25.228352155008963,42.689585339519624,-0.5112676218462917,-0.849657830628533,0.0,0.0,world_xy,1,-0.8484187523376898,0.5167883578893271,1.5,-0.9204396175879807,0.3908847788984522,0.25,-0.07202086525029083,-0.1259035789908749,0.14504728964759053
34.722551107406616,2.75,fast,drone,tracking,1,1,289.8118806109362,257.97656523259883,275.1517352703793,224.90573042776433,375.2380210066616,342.9152669037068,-24.761978993338403,42.91526690370682,-0.5024521987575536,-0.8544139597236148,0.0,0.0,world_xy,1,-0.8535314285561527,0.5082917795830417,1.5,-0.9243023786324636,0.3816609920523317,0.25,-0.07077095007631085,-0.12663078753071,0.14506510167973377
34.942843437194824,2.7600000000000002,fast,drone,tracking,1,1,289.36926738650874,259.0391849529781,274.570774014073,226.4414989363443,375.6549721935306,343.19909198601795,-24.345027806469375,43.19909198601795,-0.4938987953120623,-0.8596762937218242,0.0,0.0,world_xy,1,-0.8585559505437282,0.49974763998580557,1.5,-0.9280727102093328,0.3723990394250553,0.25,-0.06951675966560455,-0.12734860056075026,0.1450870288454035
35.04336643218994,2.77,fast,drone,tracking,1,1,288.9684980419258,260.01451278507255,274.0,228.0,376.09209758034376,343.436764293722,-23.90790241965624,43.43676429372198,-0.48524138450664667,-0.8646587394057628,0.0,0.0,world_xy,1,-0.8634949384968489,0.49115087704858734,1.5,-0.9317502352885721,0.3630998472041683,0.25,-0.06825529679172326,-0.12805102984441902,0.1451063464647309
35.10454225540161,2.7800000000000002,fast,drone,tracking,1,1,288.4271412037037,261.24930555555557,273.1440787350758,228.9133591481123,376.5177633881694,343.6389919495975,-23.482236611830615,43.63899194959748,-0.4766632257581277,-0.8691253441781654,0.0,0.0,world_xy,1,-0.8683473523419154,0.48250428965452974,1.5,-0.9353345861207388,0.3537643453011427,0.25,-0.06698723377882343,-0.12873994435338704,0.145124990134201
35.18807935714722,2.79,fast,drone,tracking,1,1,288.24139737991266,262.38457059679763,272.50790546047267,230.4925835370823,376.96383179860646,343.90247773770756,-23.036168201393536,43.90247773770756,-0.46789630180648645,-0.8740336599949575,0.0,0.0,world_xy,1,-0.8731139845994966,0.47381303621274806,1.5,-0.9388254042737362,0.34439346725839,0.25,-0.06571141967423955,-0.12941956895435808,0.14514618666687693
35.27029895782471,2.8000000000000003,fast,drone,tracking,1,1,287.77360341643583,263.3418167128347,271.5605196451204,231.9451837769328,377.4155659881582,344.11652010417026,-22.58443401184178,44.11652010417026,-0.4589821099431785,-0.8785968681436037,0.0,0.0,world_xy,1,-0.8777929476175615,0.4650726996127985,1.5,-0.9422223406686583,0.33498815015590466,0.25,-0.06442939305109674,-0.13008454945689385,0.14516589370901065
35.33885455131531,2.81,fast,drone,tracking,1,1,287.36165273909006,264.60660399257193,271.1435947079703,232.90416263310746,377.81027769507824,344.346952476022,-22.18972230492176,44.34695247602201,-0.45062889482856966,-0.8831850679008639,0.0,0.0,world_xy,1,-0.8823827687169933,0.45628673093136246,1.5,-0.9455250556146959,0.32554933451756,0.25,-0.06314228689770263,-0.13073739641380244,0.14518682865787624
35.423157930374146,2.82,fast,drone,tracking,1,1,286.9427684881917,265.564787680285,270.4852941176471,234.01470588235293,378.2950493431611,344.584181008573,-21.70495065683889,44.58418100857301,-0.44153745989808413,-0.8878592716496919,0.0,0.0,world_xy,1,-0.8868890576652789,0.4474548802523538,1.5,-0.948733218843107,0.3160779642170538,0.25,-0.061844161177828094,-0.1313769160353,0.14520535230746642
35.47681975364685,2.83,fast,drone,tracking,1,1,286.7029840388619,266.7890353920888,269.50790546047267,235.4925835370823,378.7258692441938,344.7747231901568,-21.274130755806198,44.774723190156806,-0.4327072952680061,-0.8920586273340863,0.0,0.0,world_xy,1,-0.8913044322642598,0.43857628753585687,1.5,-0.9518465095402424,0.30657498638352293,0.25,-0.0605420772759826,-0.13200130115233394,0.1452228860297171
35.5388286113739,2.84,fast,drone,tracking,1,1,286.34629629629626,267.934375,269.1354015188237,236.9032153821296,379.163644531569,344.9872055168551,-20.83635546843101,44.98720551685511,-0.4239181930233438,-0.8962856429857451,0.0,0.0,world_xy,1,-0.8956315052169399,0.429655701262516,1.5,-0.9548646163796264,0.2970413513068324,0.25,-0.05923311116268648,-0.1326143499556836,0.1452416168740203
35.59322738647461,2.85,fast,drone,tracking,1,1,285.9372562514338,268.98027070429,268.4852941176471,238.01470588235293,379.630305258428,345.21556578724693,-20.369694741572005,45.21556578724693,-0.4148298290177968,-0.9006997630033016,0.0,0.0,world_xy,1,-0.8998706871471733,0.42069284483265856,1.5,-0.9577872375530904,0.2874780123425444,0.25,-0.05791655040591703,-0.13321483249011418,0.14526017488042037
35.65247368812561,2.86,fast,drone,tracking,1,1,285.76786026200875,270.27085880640465,268.1318333333333,239.412,380.09156245256355,345.41210985392513,-19.90843754743645,45.41210985392513,-0.4056662360798095,-0.9048481017446622,0.0,0.0,world_xy,1,-0.9040189854373513,0.4116858472026255,1.5,-0.9606140808009522,0.2778859258165868,0.25,-0.05659509536360097,-0.13379992138603874,0.14527705869174676
35.722880840301514,2.87,fast,drone,tracking,1,1,285.392679829119,271.28287726590463,267.4923344397028,240.9925715188873,380.5361342479177,345.5767130958214,-19.463865752082313,45.57671309582139,-0.39665232950881973,-0.9085254898391333,0.0,0.0,world_xy,1,-0.9080756477981493,0.4026373661851789,1.5,-0.9633448634412433,0.2682660509296179,0.25,-0.05526921564309395,-0.134371315255561,0.14529396601824932
35.79362082481384,2.88,fast,drone,tracking,1,1,285.083003725996,272.2345084551447,266.5,242.01484992101106,380.9875708983965,345.8073722661812,-19.012429101603516,45.807372266181176,-0.3876302683966075,-0.9127175653556029,0.0,0.0,world_xy,1,-0.9120421710932375,0.3935521112867876,1.5,-0.9659793123979747,0.25861934966111083,0.25,-0.05393714130473726,-0.13493276162567674,0.1453136792324071
35.86111545562744,2.89,fast,drone,tracking,1,1,284.9075844486934,273.66011935801606,266.1237285309321,243.41187260296815,381.4663021764273,345.98280937861426,-18.53369782357271,45.98280937861426,-0.37830429683777317,-0.9165338075747782,0.0,0.0,world_xy,1,-0.9159184737772036,0.38442493563323155,1.5,-0.9685171642284466,0.24894678667315256,0.25,-0.05259869045124299,-0.13547814896007898,0.14533048917152597
35.93138313293457,2.9,fast,drone,tracking,1,1,284.6552061736927,274.6879751209399,265.5147058823529,244.97043010752685,381.8912823925696,346.18627880231406,-18.10871760743038,46.186278802314064,-0.3694328272587321,-0.920489280234105,0.0,0.0,world_xy,1,-0.9197015167455813,0.3752595975574838,1.5,-0.9709581651495905,0.23924932921398243,0.25,-0.05125664840400923,-0.13601026834350136,0.14534798622782316
36.11352825164795,2.91,fast,drone,tracking,1,1,284.23558162267835,275.9357713759991,265.4776355302671,246.02212739054843,382.36152692426657,346.3184574353228,-17.63847307573343,46.318457435322784,-0.3602679760994971,-0.923723207893898,0.0,0.0,world_xy,1,-0.9233958450181686,0.36605470475514273,1.5,-0.9733020710633487,0.2295279470212642,0.25,-0.049906226045180024,-0.13652675773387854,0.1453622611801212
36.2776095867157,2.92,fast,drone,tracking,1,1,284.1699233385209,277.019136549657,264.5,247.5,382.856370367775,346.5000175186574,-17.143629632224986,46.50001751865739,-0.35070051519924855,-0.9271756362574854,0.0,0.0,world_xy,1,-0.9269985247791636,0.35681747267620373,1.5,-0.9755486475810826,0.21978361222511694,0.25,-0.04855012280191906,-0.1370338604510868,0.14538016829749975
36.5901780128479,2.93,fast,drone,tracking,1,1,283.8694946685211,278.21737366713023,264.11952126799287,248.91088468381045,383.31105820013187,346.6771943953267,-16.688941799868132,46.677194395326694,-0.34139359163821126,-0.930678174664462,0.0,0.0,world_xy,1,-0.9305055299311561,0.34754571631362885,1.5,-0.9776976700470132,0.21001729925089915,0.25,-0.04719214011585715,-0.1375284170627297,0.14540001234007793
36.84204173088074,2.94,fast,drone,tracking,1,1,283.5571951498513,279.2321551132464,263.4852941176471,250.0295698924731,383.75703721861333,346.8088993165595,-16.242962781386666,46.80889931655952,-0.3322997068324484,-0.9337030710811627,0.0,0.0,world_xy,1,-0.9339194658475382,0.33823893456698423,1.5,-0.9797489235606842,0.20022998472177053,0.25,-0.04582945771314606,-0.1380089498452137,0.14541942590885082
36.90969896316528,2.95,fast,drone,tracking,1,1,283.56138831138827,280.5741510741511,263.09903139612555,251.42785571142284,384.29991940005607,347.0031363891225,-15.70008059994393,47.00313638912252,-0.3222357546739851,-0.9372008822668709,0.0,0.0,world_xy,1,-0.9372424629158627,0.32890190385617263,1.5,-0.9817022029984541,0.19042264736102704,0.25,-0.04445974008259146,-0.1384792564951456,0.14544130420090406
37.01661443710327,2.96,fast,drone,tracking,1,1,283.1904925938684,281.61023079572857,262.4852801519468,252.98528015194682,384.71592335125223,347.17628278088097,-15.28407664874777,47.17628278088097,-0.3131309327395187,-0.9406795076097825,0.0,0.0,world_xy,1,-0.9404648204626025,0.31952989503350393,1.5,-0.9835573130340064,0.18059626789423291,0.25,-0.043092492571403906,-0.13893362713927102,0.1454631075774558
37.18071174621582,2.97,fast,drone,tracking,1,1,282.9517816091954,282.7641379310345,262.4776355302671,254.02212739054843,385.20867545533594,347.31328162841316,-14.791324544664064,47.313281628413165,-0.30361348972408814,-0.9437518763369469,0.0,0.0,world_xy,1,-0.9435961297899976,0.3101230999574061,1.5,-0.9853140681578838,0.17075182895114532,0.25,-0.041717938367886176,-0.1393712710062608,0.14548105568618663
37.28623676300049,2.98,fast,drone,tracking,1,1,282.90509139133945,283.9029003055988,261.5,255.5,385.63924183555605,347.4563862928349,-14.36075816444395,47.45638629283491,-0.2945944101847231,-0.9467085935728102,0.0,0.0,world_xy,1,-0.9466322646872385,0.30068558119403666,1.5,-0.9869722926960376,0.16089031496745576,0.25,-0.0403400280087991,-0.1397952662265809,0.1454992588266735
37.42007756233215,2.99,fast,drone,tracking,1,1,282.6899304957206,285.08311792750874,261.4846761453396,257.0,386.12279134405395,347.5821567459622,-13.877208655946049,47.58215674596221,-0.28521677979853194,-0.9494225913133488,0.0,0.0,world_xy,1,-0.9495782087890857,0.29121849525830856,1.5,-0.988531820827396,0.15101271208634384,0.25,-0.03895361203831027,-0.14020578317196472,0.14551647853660826
37.51802325248718,3.0,fast,drone,tracking,1,1,282.4910801353754,286.286410830035,261.0908939014202,258.4297410192147,386.6355364907058,347.72778896378645,-13.364463509294183,47.72778896378645,-0.27535664951157535,-0.9522458446926579,0.0,0.0,world_xy,1,-0.9524303765870711,0.2817242693451751,1.5,-0.9899924966004454,0.1411200080598672,0.25,-0.037562120013374334,-0.14060426128530787,0.14553511999337568
37.67120289802551,3.0100000000000002,fast,drone,tracking,1,1,282.4520288858322,287.4317973406694,260.4920945395273,259.50741646291766,387.11067911288575,347.83218036509686,-12.889320887114252,47.83218036509686,-0.2656930220384657,-0.9546646141277614,0.0,0.0,world_xy,1,-0.9551839430821868,0.2722018108982485,1.5,-0.9913541739488259,0.1312131921501838,0.25,-0.036170230866639064,-0.14098861874806473,0.14555437546646655
37.76737594604492,3.02,fast,drone,tracking,1,1,282.28347676419963,288.6889845094664,260.06452658884564,260.95184824902725,387.55727651820445,347.9947962294565,-12.442723481795554,47.99479622945648,-0.2564318182170607,-0.957541834881514,0.0,0.0,world_xy,1,-0.9578408733025714,0.2626551647569709,1.5,-0.9926167167059371,0.12129325503062975,0.25,-0.0347758434033657,-0.14136190972634116,0.14557660803128242
37.884889125823975,3.0300000000000002,fast,drone,tracking,1,1,282.0721244231755,289.636757249473,259.5,262.5,388.0427666129823,348.1092477184137,-11.957233387017709,48.10924771841371,-0.2469238854548721,-0.9600955505992321,0.0,0.0,world_xy,1,-0.960405191484742,0.2530797464081558,1.5,-0.9937799986185556,0.11136118868664958,0.25,-0.03337480713381358,-0.1417185577215062,0.1455954235334447
38.098459005355835,3.04,fast,drone,tracking,1,1,282.1161268090972,290.986905582357,259.5,264.0,388.5244175862673,348.20223623518416,-11.475582413732695,48.20223623518416,-0.23734715500575207,-0.9622675963566804,0.0,0.0,world_xy,1,-0.9628744303392908,0.24347879090216346,1.5,-0.9948439033594595,0.10141798631660186,0.25,-0.031969473020168726,-0.14206080458556158,0.14561359622193393
38.253079891204834,3.0500000000000003,fast,drone,tracking,1,1,281.99529627717544,292.15499340331553,259.5,265.5,389.0150867355879,348.3765200630804,-10.984913264412114,48.37652006308042,-0.2276402656611217,-0.9651621390543909,0.0,0.0,world_xy,1,-0.9652479018893483,0.23385611493859665,1.5,-0.9958083245390612,0.09146464223243675,0.25,-0.030560422649712926,-0.1423914727061599,0.14563403081683265
38.37387990951538,3.06,fast,drone,tracking,1,1,282.01649768001374,293.225754711577,258.50790546047267,266.50741646291766,389.4945229929306,348.4582837544621,-10.505477007069373,48.458283754462116,-0.21799836662526786,-0.9673640838735591,0.0,0.0,world_xy,1,-0.9675243045459595,0.22420449354805275,1.5,-0.9966731657160466,0.08150215176026912,0.25,-0.02914886117008708,-0.14270234178778363,0.14564894252698996
38.51046085357666,3.0700000000000003,fast,drone,tracking,1,1,281.7983949555746,294.55127543708795,258.4776355302671,268.0221273905484,389.99658314350796,348.54364815139303,-10.003416856492038,48.54364815139303,-0.20813685040278296,-0.969293967408425,0.0,0.0,world_xy,1,-0.9697042882122122,0.21453085270931715,1.5,-0.9974383404070185,0.07153151114084326,0.25,-0.02773405219480629,-0.14299934156847388,0.14566396033391824
38.59693217277527,3.08,fast,drone,tracking,1,1,281.7068541702395,295.654547533299,258.0,269.5,390.4728093505039,348.6279570268757,-9.527190649496106,48.62795702687572,-0.1984606798257095,-0.9710898126294243,0.0,0.0,world_xy,1,-0.9717856567162401,0.2048379130352329,1.5,-0.9981037720951457,0.06155371742991315,0.25,-0.026318115378905604,-0.14328419560531977,0.14568117211006
38.69843244552612,3.09,fast,drone,tracking,1,1,281.8076302443522,296.92755878284925,257.50766556029714,271.0074284811127,390.9372880069589,348.72733535328763,-9.062711993041091,48.72733535328763,-0.18899713784502126,-0.9729911045694049,0.0,0.0,world_xy,1,-0.9737702635144971,0.19512701490893866,1.5,-0.9986693942378135,0.05156976839853464,0.25,-0.0248991307233164,-0.14355724651040402,0.14570054816789713
38.79385709762573,3.1,fast,drone,tracking,1,1,281.65279442826966,297.9417137637723,257.5,272.5,391.45515223713255,348.849695759317,-8.544847762867448,48.849695759317,-0.17904203742180153,-0.9751926504087192,0.0,0.0,world_xy,1,-0.9756602348929474,0.18539710386324462,1.5,-0.9991351502732795,0.04158066243329049,0.25,-0.023474915380332084,-0.14381644142995414,0.1457197326297615
38.86949157714844,3.11,fast,drone,tracking,1,1,281.7855626326964,299.27021288804724,257.4297306069458,273.5774099318403,391.9447576691413,348.93446210953914,-8.055242330858675,48.93446210953914,-0.16917658247925613,-0.9771157758888542,0.0,0.0,world_xy,1,-0.9774506552671655,0.17564517735915744,1.5,-0.9995009936263278,0.031587398436453896,0.25,-0.02205033835916237,-0.14405777892270355,0.1457355862166001
38.98685359954834,3.12,fast,drone,tracking,1,1,281.68411987599035,300.4860489149156,257.0,275.5,392.4441446492396,348.99691639217883,-7.555855350760396,48.99691639217883,-0.1592438709740296,-0.9786681794639515,0.0,0.0,world_xy,1,-0.979142421091958,0.1658740196002689,1.5,-0.9997668877129283,0.02159097572609596,0.25,-0.020624466620970283,-0.14428304387417296,0.14574966680234996
39.09261083602905,3.13,fast,drone,tracking,1,1,281.6865714449607,301.5951930247232,256.5,276.5,392.93446210953914,349.0552423308587,-7.06553789046086,49.055242330858675,-0.14938065873338277,-0.9800083463982237,0.0,0.0,world_xy,1,-0.9807348598016983,0.1560873378056294,1.5,-0.9999328059438939,0.011592393936158275,0.25,-0.01919794614219561,-0.14449494386947112,0.1457647074566414
39.16407322883606,3.14,fast,drone,tracking,1,1,281.77880658436214,302.65597850937354,256.46995572422514,278.0147058823529,393.4169177410314,349.1195814648729,-6.583082258968602,49.11958146487291,-0.1396352012786769,-0.9813191519928026,0.0,0.0,world_xy,1,-0.9822286663890321,0.14628725434164716,1.5,-0.9999987317275395,0.0015926529164868282,0.25,-0.017770065338507446,-0.14469460142516033,0.14578169605173633
39.25121307373047,3.15,fast,drone,tracking,1,1,281.6768765685603,303.88090349075975,256.5,279.5,393.8643635493454,349.2144128685075,-6.1356364506546015,49.21441286850751,-0.1303278415326052,-0.9829521599503437,0.0,0.0,world_xy,1,-0.9836250184018188,0.13647406282171914,1.5,-0.999964658471342,-0.008407247367148618,0.25,-0.016339640069523154,-0.14488131018886777,0.1457997869670751
39.32940673828125,3.16,fast,drone,tracking,1,1,281.86745949672525,305.1955072963346,256.41861219195846,280.59289883268485,394.3700882982883,349.25681204078177,-5.6299117017117055,49.25681204078177,-0.12057655740850111,-0.9841534044262541,0.0,0.0,world_xy,1,-0.9849282968171449,0.12664454122221572,1.5,-0.9998305895825983,-0.01840630693305381,0.25,-0.014902292765453407,-0.14505084815526953,0.1458143575929008
39.40683913230896,3.17,fast,drone,tracking,1,1,281.8751719394773,306.37173314993123,256.0,282.5,394.8550161359034,349.3049831638042,-5.144983864096616,49.304983163804195,-0.11085427333888827,-0.9852238467936605,0.0,0.0,world_xy,1,-0.9861340623912299,0.11680300717795318,1.5,-0.9995965384680858,-0.02840352588360379,0.25,-0.013462476076855912,-0.14520653306155698,0.14582926834444776
39.49975514411926,3.18,fast,drone,tracking,1,1,282.08840705406186,307.5465163342006,255.43202074218115,283.6005509641873,395.3586156584668,349.338218214713,-4.641384341533183,49.33821821471298,-0.10093965075936474,-0.9860711314189899,0.0,0.0,world_xy,1,-0.9872426051246188,0.10695076871001657,1.5,-0.9992625285327209,-0.03839790450523538,0.25,-0.012019923408102096,-0.14534867321525197,0.14584483317612162
39.57247304916382,3.19,fast,drone,tracking,1,1,282.0042215756746,308.53300245307776,255.5,285.5,395.8834798958297,349.4155659881582,-4.11652010417032,49.41556598815822,-0.09070456398758765,-0.9873032350082859,0.0,0.0,world_xy,1,-0.9882520016322125,0.09709005739582667,1.5,-0.9988285931772186,-0.04838844336841415,0.25,-0.01057659154500612,-0.14547850076424082,0.1458624642371063
39.65246295928955,3.2,fast,drone,tracking,1,1,282.02718998862343,309.74835039817975,255.5,286.5,396.38547828217423,349.44732420986315,-3.6145217178257667,49.447324209863154,-0.08057679269049788,-0.9882070220622233,0.0,0.0,world_xy,1,-0.9891590472720884,0.08721702504574382,1.5,-0.9982947757947531,-0.058374143427580086,0.25,-0.009135728522664754,-0.1455911684733239,0.14587751668117885
39.70583629608154,3.21,fast,drone,tracking,1,1,282.20926243567754,311.04979988564895,255.46995572422514,288.0147058823529,396.87163361595776,349.4762455328989,-3.1283663840422378,49.47624553289887,-0.07067158693518866,-0.988931860789888,0.0,0.0,world_xy,1,-0.9899648151989934,0.07733495482512158,1.5,-0.9976611297666176,-0.06835400612104778,0.25,-0.007696314567624207,-0.14568896094616934,0.1458921060218759
39.766112089157104,3.22,fast,drone,tracking,1,1,282.26404847653345,312.1975075744583,255.5,289.5,397.37783494330114,349.5134047319054,-2.6221650566988615,49.51340473190538,-0.06064602974452237,-0.989666789406409,0.0,0.0,world_xy,1,-0.9906715310683453,0.0674456362172227,1.5,-0.9969277184568869,-0.0783270334708653,0.25,-0.006256187388541612,-0.145772669688088,0.14590685764772318
39.81672501564026,3.23,fast,drone,tracking,1,1,282.5233154648683,313.3967375641247,254.99234652336753,291.00765347663247,397.86379507660683,349.51989910313904,-2.1362049233931657,49.51989910313904,-0.05078896754235989,-0.9900689453674134,0.0,0.0,world_xy,1,-0.9912779913657905,0.05754896832315861,1.5,-0.9960946152060809,-0.0882922281826076,0.25,-0.004816623840290357,-0.1458411965057662,0.14592071293497838
39.88565993309021,3.24,fast,drone,tracking,1,1,282.6111111111111,314.5644994840041,255.0,292.5,398.36221561078054,349.5406020301015,-1.637784389219462,49.540602030101525,-0.04087066367547603,-0.9904776477464529,0.0,0.0,world_xy,1,-0.9917858810412141,0.04764827886948447,1.5,-0.9951619033238304,-0.09824859374510868,0.25,-0.0033760222826162423,-0.14589687261459316,0.14593592760239524
39.953903913497925,3.25,fast,drone,tracking,1,1,282.87163059163055,315.7831457431457,254.91704223001167,293.6040727758304,398.8610604998832,349.5545725297828,-1.1389395001168054,49.554572529782774,-0.030920133155249073,-0.9908152393135143,0.0,0.0,world_xy,1,-0.9921945876779689,0.03774350239201994,1.5,-0.9941296760805463,-0.10819513453010837,0.25,-0.0019350884025773896,-0.14593863692212833,0.14595146561036854
40.02849984169006,3.2600000000000002,fast,drone,tracking,1,1,282.99556783514646,316.9933229724285,255.0,295.5,399.3283959263474,349.5931483264758,-0.6716040736525883,49.593148326475784,-0.021301704730040553,-0.9913914892823151,0.0,0.0,world_xy,1,-0.9925037890095214,0.027835349998884797,1.5,-0.9929980366980926,-0.11813085589181781,0.25,-0.0004942476885712033,-0.1459662058907026,0.14596704265999447
40.104225397109985,3.27,fast,drone,tracking,1,1,283.28399560414135,318.15559025970265,254.91704223001167,296.6040727758304,399.8442824941896,349.5637854314845,-0.15571750581040078,49.56378543148452,-0.011298659692432657,-0.9913278099233714,0.0,0.0,world_xy,1,-0.9927168060568218,0.017921435106061645,1.5,-0.991767098339465,-0.12805476426637968,0.25,0.0009497077173568069,-0.14597619937244133,0.14597928869525
40.19624662399292,3.2800000000000002,fast,drone,tracking,1,1,283.37543192812717,319.27274821469706,254.9920995125231,298.49235165574044,400.31317004277764,349.5945632065176,0.31317004277764227,49.59456320651759,-0.0016395263910406305,-0.9916377097372105,0.0,0.0,world_xy,1,-0.9928297926537462,0.00800815700682793,1.5,-0.990436984097473,-0.13796586727122728,0.25,0.002392808556273107,-0.14597402427805523,0.14599363443903035
40.26940298080444,3.29,fast,drone,tracking,1,1,283.5343742850606,320.4437199725463,255.0,299.5,400.82367437514597,349.5572004204625,0.8236743751459699,49.55720042046249,0.008322631250637386,-0.9913661740068321,0.0,0.0,world_xy,1,-0.9928461879176566,-0.001908220090544175,1.5,-0.9890078269824328,-0.14786317380431852,0.25,0.003838360935223717,-0.14595495371377434,0.14600541609220893
40.32671141624451,3.3000000000000003,fast,drone,tracking,1,1,283.87163059163055,321.63717171717167,254.9920995125231,301.49235165574044,401.3070247620381,349.5834806916796,1.307024762038111,49.5834806916796,0.018122456445206044,-0.99153306591155,0.0,0.0,world_xy,1,-0.9927629616051502,-0.011821881830612497,1.5,-0.9874797699088649,-0.15774569414324865,0.25,0.005283191696285328,-0.14592381231263615,0.14601942033288984
40.3799831867218,3.31,fast,drone,tracking,1,1,283.9280073779468,322.81797221741886,255.0,302.5,401.8130794740652,349.5269389756884,1.813079474065205,49.52693897568838,0.02809897961505998,-0.9909862083927697,0.0,0.0,world_xy,1,-0.9925817370406982,-0.021737212489727997,1.5,-0.9858529656812031,-0.16761244004421832,0.25,0.006728771359495123,-0.14587522755449034,0.146030333760088
40.435945987701416,3.3200000000000003,fast,drone,tracking,1,1,284.3437391605966,323.96375303503294,254.99234652336753,303.9923465233675,402.33832639204843,349.51842648654326,2.3383263920484296,49.51842648654326,0.03836613113930972,-0.9906464851287222,0.0,0.0,world_xy,1,-0.9923007472445475,-0.0316470745736557,1.5,-0.9841275769785145,-0.17746242484086058,0.25,0.008173170266033036,-0.14581535026720488,0.14604422989541632
40.48782992362976,3.33,fast,drone,tracking,1,1,284.47379310344826,325.08304597701147,255.0,305.5,402.81165843347463,349.4815716638055,2.8116584334746335,49.48157166380548,0.04819300178091035,-0.9900882066097854,0.0,0.0,world_xy,1,-0.9919170859331544,-0.04155353942494292,1.5,-0.9823037763382316,-0.18729466354290317,0.25,0.009613309594922792,-0.14574112411796025,0.14605783436890515
40.55209279060364,3.34,fast,drone,tracking,1,1,284.93154401154396,326.25085137085136,254.90812072703017,306.6199766549941,403.3030472821931,349.4258782604635,3.30304728219312,49.42587826046349,0.05802037090553398,-0.9892243538395019,0.0,0.0,world_xy,1,-0.9914351559153454,-0.05145442149104078,1.5,-0.9803817461388988,-0.19710817293466984,0.25,0.011053409776446532,-0.14565375144362908,0.1460725613429453
40.6086688041687,3.35,fast,drone,tracking,1,1,285.0108251281165,327.3927563770369,255.5,308.5,403.7739493787605,349.4056118727057,3.7739493787605056,49.40561187270572,0.06762261007385587,-0.9886126898275387,0.0,0.0,world_xy,1,-0.99085495220629,-0.061346665029435796,1.5,-0.9783616785819341,-0.20690197167339974,0.25,0.012493273624355927,-0.14555530664396393,0.14609048284563714
40.68366026878357,3.36,fast,drone,tracking,1,1,285.39150779896016,328.510283073368,255.3989972505256,309.6314087012777,404.2797453359243,349.37799291562357,4.279745335924304,49.377992915623565,0.07750737322840248,-0.9880336324942516,0.0,0.0,world_xy,1,-0.9901787261055515,-0.07123279192771118,1.5,-0.9762437756724099,-0.21667508038737962,0.25,0.013934950433141524,-0.14544228845966845,0.1461083232261582
40.812235832214355,3.37,fast,drone,tracking,1,1,285.63012754222683,329.6816614960359,255.5,311.5,404.7631285633421,349.34502780646926,4.763128563342093,49.34502780646926,0.08727273214954413,-0.9874104404935752,0.0,0.0,world_xy,1,-0.9894036523732674,-0.0811131282526537,1.5,-0.9740282491988521,-0.22642652177388314,0.25,0.015375403174415325,-0.14531339352122946,0.14612455426598062
40.89747714996338,3.38,fast,drone,tracking,1,1,285.99457431457427,330.75549783549786,255.40749717240263,312.64679269671996,405.2710299464803,349.29799403521673,5.271029946480326,49.29799403521673,0.09725405887857845,-0.9866126326094928,0.0,0.0,world_xy,1,-0.988530925051772,-0.09098723265758944,1.5,-0.9717153207120621,-0.236155320696897,0.25,0.016815604339709855,-0.14516808803930753,0.14613876396869452
40.958014249801636,3.39,fast,drone,tracking,1,1,286.32294206432135,332.1465226982468,255.4920945395273,314.4925835370823,405.760031283012,349.25254028563256,5.760031283011983,49.25254028563256,0.10712467060849212,-0.98575362781623,0.0,0.0,world_xy,1,-0.9875583844629862,-0.10085335898368437,1.5,-0.9693052215029608,-0.24586050428463702,0.25,0.018253162960025326,-0.14500714530095266,0.14615146303194107
41.145241260528564,3.4,fast,drone,tracking,1,1,286.56928319759714,333.2255530526194,256.0,315.5,406.25892268272895,349.2001424127284,6.258922682728951,49.20014241272838,0.11705425128383992,-0.9847906990573156,0.0,0.0,world_xy,1,-0.9864871377569012,-0.11071089526184667,1.5,-0.9667981925794611,-0.2555411020268312,0.25,0.01968894517744013,-0.14483020676498454,0.14616238693244038
41.237953186035156,3.41,fast,drone,tracking,1,1,287.1172205788527,334.28426425381355,256.4165079365079,317.0442857142857,406.7365340056846,349.1468900834019,6.736534005684575,49.1468900834019,0.1267762871402583,-0.9837716054932131,0.0,0.0,world_xy,1,-0.9853165952440628,-0.12055880225241983,1.5,-0.9641944846423657,-0.26519614587177337,0.25,0.02112211060169711,-0.14463734361935354,0.14617149080971048
41.300333976745605,3.42,fast,drone,tracking,1,1,287.24286623835155,335.4424958036696,256.5,318.5,407.2505092600699,349.07246960490755,7.250509260069919,49.07246960490755,0.13680493107388533,-0.982494388125929,0.0,0.0,world_xy,1,-0.9840488323726602,-0.13039651830735197,1.5,-0.9614943580602988,-0.274824670323124,0.25,0.02255447431236135,-0.14442815201577205,0.1461786420999933
41.449702978134155,3.43,fast,drone,tracking,1,1,287.7850191171359,336.51448267871626,256.39970930232556,319.6393733850129,407.6840306980656,348.9622406784413,7.684030698065612,48.962240678441276,0.14608655666197012,-0.9807071221195222,0.0,0.0,world_xy,1,-0.9826807830619213,-0.14022146218861126,1.5,-0.9586980828436685,-0.28442571253646254,0.25,0.023982700218252773,-0.14420425034785128,0.1461849367347551
41.509570837020874,3.44,fast,drone,tracking,1,1,288.02471482889734,337.5593386334831,256.4920945395273,321.4925835370823,408.22904956193344,348.84630022005473,8.229049561933437,48.84630022005473,0.15625849567915437,-0.9786275073743869,0.0,0.0,world_xy,1,-0.9812199174953016,-0.15002853340980649,1.5,-0.9558059386176664,-0.2939983124155676,0.25,0.02541397887763519,-0.14396977900576113,0.14619564832566181
41.605090856552124,3.45,fast,drone,tracking,1,1,288.60047818987636,338.9143340331234,256.89332667665167,322.6516891329672,408.7089746058982,348.7883610853337,8.70897460589822,48.78836108533369,0.1661150437204999,-0.9770543502571447,0.0,0.0,world_xy,1,-0.9796573325385101,-0.15981480848355034,1.5,-0.9528182145943047,-0.30354151270842933,0.25,0.02683911794420535,-0.143726704224879,0.14621116154168537
41.6918523311615,3.46,fast,drone,tracking,1,1,288.9895433949111,339.9158243290345,257.4131298680654,324.0666030837705,409.2111486585074,348.7148926981014,9.211148658507398,48.71489269810138,0.17607440491780632,-0.9755382772948303,0.0,0.0,world_xy,1,-0.977996182101305,-0.1695853519861218,1.5,-0.9497352095434962,-0.3130543591029702,0.25,0.028260972557808794,-0.1434690071168484,0.14622598460262634
41.78754281997681,3.47,fast,drone,tracking,1,1,289.2288419351114,341.01737674633415,257.5,325.5,409.6772768391257,348.632647582363,9.677276839125682,48.632647582363006,0.18568352744339536,-0.9739513481886667,0.0,0.0,world_xy,1,-0.976235438052127,-0.1793407347590701,1.5,-0.9465572317631765,-0.322535900322479,0.25,0.02967820628895046,-0.1431951655634089,0.14623833754956866
41.997578620910645,3.48,fast,drone,tracking,1,1,289.7468889274758,342.0647681889217,257.4279815785294,327.08130855963157,410.15581601784686,348.51808052139177,10.15581601784686,48.51808052139177,0.19527156354584335,-0.9719769924202095,0.0,0.0,world_xy,1,-0.9743786027776931,-0.18908024824095676,1.5,-0.9432845990484758,-0.3319851882207341,0.25,0.031094003729217223,-0.14290493997977732,0.14624862029618035
42.169670820236206,3.49,fast,drone,tracking,1,1,290.2082241248762,343.41516687052246,258.0,328.5,410.666707517055,348.4025338912329,10.666707517054988,48.402533891232906,0.2052059862832344,-0.9698175193926563,0.0,0.0,world_xy,1,-0.9724258871422347,-0.19880001816515885,1.5,-0.9399176386599379,-0.34140127787682095,0.25,0.03250824848229672,-0.1426012597116621,0.14625971930350357
42.27276945114136,3.5,fast,drone,tracking,1,1,290.74733637747335,344.3291769113687,258.3627260981912,329.6845930232558,411.1556730696271,348.3095192234732,11.155673069627085,48.30951922347322,0.2150550975933534,-0.9678225951849007,0.0,0.0,world_xy,1,-0.9703738272794024,-0.20849819335908543,1.5,-0.9364566872907963,-0.35078322768961984,0.25,0.033917139988606015,-0.1422850343305344,0.14627167661392296
42.34608697891235,3.5100000000000002,fast,drone,tracking,1,1,291.07620041753654,345.3960218046857,258.43261734287984,331.1110580747812,411.6285635916919,348.21547583614915,11.628563591691886,48.21547583614915,0.22468899342561977,-0.9658904020308461,0.0,0.0,world_xy,1,-0.9682232763034688,-0.21817641931093443,1.5,-0.9329020910333035,-0.36013009947196856,0.25,0.03532118527016537,-0.14195368016103413,0.14628203389394925
42.47640776634216,3.52,fast,drone,tracking,1,1,291.77533168956205,346.68627450980387,258.8874480465503,332.667497921862,412.0905897319188,348.05661566471764,12.090589731918783,48.05661566471764,0.23410653409263554,-0.9632734532257748,0.0,0.0,world_xy,1,-0.9659763863692127,-0.2278353233312429,1.5,-0.9292542053441233,-0.3694409585444771,0.25,0.036722181025089395,-0.14160563521323422,0.146289693770214
42.56980299949646,3.5300000000000002,fast,drone,tracking,1,1,292.1741762719758,347.5796367446734,259.3861827443489,334.0888252148997,412.56421937970913,347.95922551252846,12.56421937970913,47.95922551252846,0.24355435351848642,-0.9610245345894117,0.0,0.0,world_xy,1,-0.9636353210282863,-0.23746805786350064,1.5,-0.9255133950087844,-0.37871487382899804,0.25,0.03812192601950193,-0.1412468159654974,0.14630086897837438
42.66184973716736,3.54,fast,drone,tracking,1,1,292.4891241467083,348.62813837787803,259.4920945395273,335.4925835370823,413.08217298654284,347.8064570744665,13.082172986542844,47.80645707446649,0.25350336193529016,-0.9583320683843667,0.0,0.0,world_xy,1,-0.9611997774931015,-0.24707830320939475,1.5,-0.9216800341052034,-0.3879509179417303,0.25,0.0395197433878981,-0.14087261473233556,0.14631098283782515
42.769118309020996,3.5500000000000003,fast,drone,tracking,1,1,293.1552319120313,349.80663274258643,259.87470920571616,336.69092721834494,413.5307829617444,347.66084491267367,13.530782961744421,47.66084491267367,0.26291512545006923,-0.9555187248123752,0.0,0.0,world_xy,1,-0.9586647438737486,-0.25666162389323843,1.5,-0.9177545059662758,-0.3971481672859602,0.25,0.040910237907472724,-0.14048654339272176,0.146321961578162
42.854438066482544,3.56,fast,drone,tracking,1,1,293.6629422718808,350.8361266294227,260.40054148749795,338.12597547380153,414.00693787448756,347.5401205368093,14.006937874487562,47.5401205368093,0.27238812307189436,-0.9529247520704712,0.0,0.0,world_xy,1,-0.9560355926192479,-0.2662168111413622,1.5,-0.9137372031415447,-0.4063057021444168,0.25,0.04229838947770315,-0.1400888910030546,0.14633540629278063
42.944801330566406,3.5700000000000003,fast,drone,tracking,1,1,294.15240579710144,351.7631304347826,260.3918156919607,339.6927662316739,414.4871386575208,347.4376706096451,14.487138657520802,47.437670609645124,0.2819331806150813,-0.9506305151378084,0.0,0.0,world_xy,1,-0.9533117113885289,-0.2757460586620669,1.5,-0.9096285273579443,-0.41542260677124626,0.25,0.043683184030584576,-0.13967654810917934,0.14634807364207364
43.035274028778076,3.58,fast,drone,tracking,1,1,294.70546582397003,352.9922167602996,260.9923465233675,340.9923465233675,414.9224819776435,347.2786154160464,14.922481977643486,47.27861541604642,0.29101723303086496,-0.9478485013885245,0.0,0.0,world_xy,1,-0.9504923795823781,-0.285252363813445,1.5,-0.9054288894796296,-0.4244979694835826,0.25,0.04506349010274846,-0.1392456056701376,0.14635592519158205
43.102928161621094,3.59,fast,drone,tracking,1,1,295.1184103811841,353.85430425211445,261.4920945395273,342.4925835370823,415.436477348376,347.10619226142506,15.436477348376002,47.106192261425065,0.30075900569602526,-0.9446999405005119,0.0,0.0,world_xy,1,-0.9475822072520694,-0.29473084882733025,1.5,-0.9011387094668886,-0.43353088275271773,0.25,0.046443497785180865,-0.13880003392538748,0.14636409363027128
