t_wall,t_sim,scenario_name,control_source,control_mode,external_found,drone_found,ext_red_u,ext_red_v,ext_blue_u,ext_blue_v,drone_red_u,drone_red_v,ex_px,ev_px,cmd_vx,cmd_vy,cmd_vz,cmd_yaw_rate,cmd_frame,cmd_valid,uav_x,uav_y,uav_z,platform_x,platform_y,platform_z,world_ex,world_ey,world_sep
1.042557954788208,0.0,slow,drone,tracking,1,1,520.6651549508692,299.49107142857144,399.5,299.5,729.4327326352246,299.4975850312525,329.4327326352246,-0.5024149687474733,1.5,0.010048299374949466,0.0,0.0,world_xy,1,0.0,0.0,1.5,1.0,0.0,0.25,1.0,0.0,1.0
1.121244192123413,0.01,slow,drone,tracking,1,1,520.6265589569161,299.1687452758881,402.0,299.5,726.4752779144122,298.70546646991306,326.47527791441223,-1.2945335300869374,1.5,0.01876160354968357,0.0,0.0,world_xy,1,0.015,0.00010048299374949466,1.5,0.9999968750016276,0.002499997395834147,0.25,0.9849968750016276,0.002399514402084652,0.9849997976813689
1.200697660446167,0.02,slow,drone,tracking,1,1,520.602669696109,298.92942345924456,404.0,299.5,723.4738832864514,297.87233458989516,323.4738832864514,-2.1276654101048393,1.5,0.031847041108510846,0.0,0.0,world_xy,1,0.03,0.0002880990292463304,1.5,0.9999875000260416,0.004999979166692708,0.25,0.9699875000260416,0.004711880137446378,0.9699989443402501
1.2632098197937012,0.03,slow,drone,tracking,1,1,520.662037037037,298.57100340136054,406.00765347663247,299.00765347663247,720.3327175582964,297.16901469774155,320.3327175582964,-2.830985302258455,1.5,0.04547200682367288,0.0,0.0,world_xy,1,0.045,0.0006065694403314388,1.5,0.9999718751318357,0.007499929687697754,0.25,0.9549718751318357,0.006893360247366314,0.9549967542920312
1.3564810752868652,0.04,slow,drone,tracking,1,1,520.6378968253969,298.24102418745275,408.00765347663247,299.00765347663247,717.0396470409249,296.45857903544805,317.03964704092493,-3.5414209645519463,1.5,0.05941803368072421,0.0,0.0,world_xy,1,0.06,0.0010612895085681676,1.5,0.9999500004166653,0.009999833334166664,0.25,0.9399500004166652,0.008938543825598496,0.9399925004216848
1.4763922691345215,0.05,slow,drone,tracking,1,1,520.6256031791087,297.97346011921655,410.5,299.0,713.540324697013,295.7712090848363,313.54032469701303,-4.2287909151636995,1.5,0.07325481522312659,0.0,0.0,world_xy,1,0.075,0.0016554698453754096,1.5,0.9999218760172474,0.012499674481709789,0.25,0.9249218760172474,0.010844204636334379,0.9249854450257361
1.5290367603302002,0.06,slow,drone,tracking,1,1,520.5971396205041,297.7193901633154,412.9923465233675,299.00765347663247,709.8358723281849,295.22872087494056,309.8358723281849,-4.771279125059436,1.5,0.08544873722606078,0.0,0.0,world_xy,1,0.09,0.0023880179976066753,1.5,0.9998875021093592,0.01499943750632809,0.25,0.9098875021093592,0.012611419508721414,0.909974897674015
1.59281325340271,0.07,slow,drone,tracking,1,1,520.6395156331299,297.3438815571638,415.0,299.0,705.7956195911927,294.61515394074377,305.7956195911927,-5.384846059256233,1.5,0.09768523840354591,0.0,0.0,world_xy,1,0.105,0.003242505369867283,1.5,0.9998468789078377,0.017499106784510807,0.25,0.8948468789078378,0.014256601414643525,0.8949604389999563
1.6626226902008057,0.08,slow,drone,tracking,1,1,520.6140425531914,297.0553191489362,417.0,299.0,701.1572500144249,294.0437655068951,301.1572500144249,-5.956234493104887,1.5,0.10947693670574943,0.0,0.0,world_xy,1,0.12,0.004219357753902742,1.5,0.9998000066665778,0.01999866669333308,0.25,0.8798000066665778,0.015779308939430338,0.8799414971014359
1.7549893856048584,0.09,slow,drone,tracking,1,1,520.5758005100595,296.8270520449608,419.0,299.0,695.5431076473453,293.5881462667873,295.5431076473453,-6.411853733212695,1.5,0.1197950125829269,0.0,0.0,world_xy,1,0.135,0.005314127120960237,1.5,0.9997468856785308,0.022498101610553618,0.25,0.8647468856785308,0.01718397448959338,0.864917606058506
1.8540239334106445,0.1,slow,drone,tracking,1,1,520.6481481481482,296.4828514739229,421.00765347663247,298.9923465233675,690.4203843812505,293.17785314665036,290.4203843812505,-6.822146853349636,1.5,0.1289513710491631,0.0,0.0,world_xy,1,0.15000000000000002,0.006512077246789505,1.5,0.9996875162757026,0.024997395914712332,0.25,0.8496875162757026,0.01848531866792283,0.8498885705320592
1.960402250289917,0.11,slow,drone,tracking,1,1,520.5791938688618,296.09934714731764,423.9923465233675,298.00765347663247,685.280880689235,292.69373132596525,285.280880689235,-7.306268674034754,1.5,0.1383970723865057,0.0,0.0,world_xy,1,0.16500000000000004,0.007801590957281136,1.5,0.9996218988291519,0.027496533985227948,0.25,0.8346218988291518,0.01969494302794681,0.8348542416410503
2.0133025646209717,0.12,slow,drone,tracking,1,1,520.5803064699205,295.9162883087401,426.0,298.0,680.1329910960294,292.3480321355027,280.1329910960294,-7.651967864497294,1.5,0.1464503290833978,0.0,0.0,world_xy,1,0.18000000000000005,0.009185561681146193,1.5,0.9995500337489875,0.02999550020249566,0.25,0.8195500337489875,0.020809938521349467,0.8198141931921091
2.1029763221740723,0.13,slow,drone,tracking,1,1,520.6003785190442,295.5756801514076,428.0,298.0,674.9700853956588,292.0052015302716,274.97008539565877,-7.99479846972838,1.5,0.1538454312545412,0.0,0.0,world_xy,1,0.19500000000000006,0.01065006497198017,1.5,0.9994719214843659,0.032494278947984755,0.25,0.8044719214843659,0.021844213976004584,0.8047684400751418
2.236172914505005,0.14,slow,drone,tracking,1,1,520.5479568671964,295.2153329549754,430.0,298.0,669.8388452540592,291.706106360623,269.83884525405915,-8.293893639377018,1.5,0.16046327409769073,0.0,0.0,world_xy,1,0.21000000000000008,0.012188519284525582,1.5,0.9993875625234886,0.034992854604336196,0.25,0.7893875625234885,0.022804335319810614,0.7897168869766892
2.3463621139526367,0.15,slow,drone,tracking,1,1,520.5761918274687,294.9445232690125,432.0,297.5,664.623217686127,291.4053109470066,264.62321768612696,-8.594689052993374,1.5,0.16675005292688794,0.0,0.0,world_xy,1,0.2250000000000001,0.013793152025502489,1.5,0.9992969573935987,0.037491211555460265,0.25,0.7742969573935986,0.023698059529957776,0.7746595227933816
2.5026590824127197,0.16,slow,drone,tracking,1,1,520.5187127870712,294.6944050656838,434.5839288550103,297.0198507225663,659.5042383706077,291.0382440372512,259.5042383706077,-8.961755962748782,1.5,0.17361683940733622,0.0,0.0,world_xy,1,0.2400000000000001,0.015460652554771368,1.5,0.9992001066609779,0.03998933418663416,0.25,0.7592001066609778,0.024528681631862795,0.7595962468157919
2.595057725906372,0.17,slow,drone,tracking,1,1,520.5267857142857,294.29884731670444,436.9923465233675,297.00765347663247,654.3626167355311,290.8030532842855,254.3626167355311,-9.196946715714489,1.5,0.17929399160616064,0.0,0.0,world_xy,1,0.2550000000000001,0.01719682094884473,1.5,0.9990970109309432,0.04248720688459956,0.25,0.744097010930943,0.02529038593575483,0.7445266719850562
2.71756649017334,0.18,slow,drone,tracking,1,1,520.5112024957459,294.02821894498015,438.9923465233675,296.9923465233675,649.172128243991,290.6004773436003,249.17212824399098,-9.39952265639971,1.5,0.1840770454431691,0.0,0.0,world_xy,1,0.27000000000000013,0.018989760864906335,1.5,0.9989876708478425,0.044984814037660234,0.25,0.7289876708478423,0.0259950531727539,0.7294510038636017
2.80025053024292,0.19,slow,drone,tracking,1,1,520.5002832861189,293.80996222851746,441.0,296.5,643.986473531001,290.33293823028697,243.98647353100102,-9.66706176971303,1.5,0.1891723499162694,0.0,0.0,world_xy,1,0.28500000000000014,0.020830531319338028,1.5,0.9988720870950507,0.047482140035779614,0.25,0.7138720870950506,0.026651608716441587,0.7143694177249036
2.910303831100464,0.2,slow,drone,tracking,1,1,520.4963141480011,293.40142708628673,443.0,296.0,638.8456701881616,290.1562242134746,238.84567018816165,-9.843775786525384,1.5,0.19340909111410048,0.0,0.0,world_xy,1,0.30000000000000016,0.022722254818500723,1.5,0.9987502603949663,0.04997916927067833,0.25,0.6987502603949661,0.027256914452177608,0.69928167842972
3.0294575691223145,0.21,slow,drone,tracking,1,1,520.451644923426,293.09855360181507,445.5,296.0,633.6891634096407,289.95775753768845,233.68916340964074,-10.042242462311549,1.5,0.19749875808677225,0.0,0.0,world_xy,1,0.31500000000000017,0.02465634572964173,1.5,0.9986221915090054,0.05247588613593179,0.25,0.6836221915090053,0.027819540406290064,0.6841880059983457
3.135758399963379,0.22,slow,drone,tracking,1,1,520.4639818491208,292.8970504821327,447.9923465233675,295.9923465233675,628.4884794770694,289.75826674575757,228.4884794770694,-10.241733254242433,1.5,0.20153350693571428,0.0,0.0,world_xy,1,0.3300000000000002,0.02663133331050945,1.5,0.9984878812375985,0.05497227502706773,0.25,0.6684878812375983,0.02834094171655828,0.6690883770765373
3.242330312728882,0.23,slow,drone,tracking,1,1,520.4180975355943,292.5570692020245,450.0,295.0,623.3136984708412,289.5859759288331,223.31369847084125,-10.41402407116692,1.5,0.20524434290390758,0.0,0.0,world_xy,1,0.3450000000000002,0.028646668379866593,1.5,0.998347330420184,0.0574683203416637,0.25,0.6533473304201838,0.028821651961797107,0.6539827381429786
3.433006525039673,0.24,slow,drone,tracking,1,1,520.4412014735052,292.17294795503915,452.0,295.0,618.1676028982472,289.4660514287708,218.1676028982472,-10.533948571229189,1.5,0.20823338859027948,0.0,0.0,world_xy,1,0.3600000000000002,0.03069911180890567,1.5,0.9982005399352042,0.059964006479444595,0.25,0.638200539935204,0.029264894670538926,0.6388711632509826
3.631166458129883,0.25,slow,drone,tracking,1,1,520.3950354609929,291.96141843971634,453.9923465233675,294.9923465233675,612.9875226239735,289.3123417776769,212.98752262397352,-10.68765822232308,1.5,0.21126926531117968,0.0,0.0,world_xy,1,0.3750000000000002,0.03278144569480847,1.5,0.9980475107000991,0.0624593178423802,0.25,0.6230475107000989,0.029677872147571734,0.6237539392138517
3.7137069702148438,0.26,slow,drone,tracking,1,1,520.351076413532,291.6574402649633,455.97159647404504,294.0457068233757,607.7599457767537,289.17542267369475,207.75994577675374,-10.824577326305246,1.5,0.21414151997938852,0.0,0.0,world_xy,1,0.39000000000000024,0.03489413834792027,1.5,0.9978882436713011,0.0649542388347826,0.25,0.6078882436713009,0.030060100486862334,0.6086310265136499
3.77524733543396,0.27,slow,drone,tracking,1,1,520.3943342776204,291.27644003777147,458.0153144346692,294.0,602.5879784093489,289.0973908385301,202.58797840934892,-10.902609161469911,1.5,0.21629238476689389,0.0,0.0,world_xy,1,0.40500000000000025,0.03703555354771415,1.5,0.9977227398442284,0.06744875386340372,0.25,0.5927227398442282,0.030413200315689573,0.5935024929028444
3.8207621574401855,0.28,slow,drone,tracking,1,1,520.3559466363895,291.02597218279874,460.4165076335878,293.8815203562341,597.3662210572302,288.973618756371,197.36622105723018,-11.026381243628975,1.5,0.21862176682502096,0.0,0.0,world_xy,1,0.42000000000000026,0.03919847739538309,1.5,0.9975510002532796,0.06994284733753277,0.25,0.5775510002532793,0.03074436994214968,0.578368718186507
3.869445323944092,0.29,slow,drone,tracking,1,1,520.3298837538985,290.79392306965315,462.90236686390534,293.1530243261012,592.1757735620538,288.83586626139817,192.1757735620538,-11.164133738601834,1.5,0.2211852661958796,0.0,0.0,world_xy,1,0.4350000000000003,0.0413846950636333,1.5,0.9973730259718263,0.07243650366909361,0.25,0.562373025971826,0.031051808605460314,0.5632296469100133
3.9328150749206543,0.3,slow,drone,tracking,1,1,520.2579623854078,290.4308193932521,464.9923465233675,293.00765347663247,586.9817156229262,288.76305985353866,186.98171562292623,-11.236940146461336,1.5,0.22313971139922054,0.0,0.0,world_xy,1,0.4500000000000003,0.04359654772559209,1.5,0.9971888181122075,0.07492970727274234,0.25,0.5471888181122072,0.03133315954715025,0.5480851845783111
3.986464738845825,0.31,slow,drone,tracking,1,1,520.322159090909,290.08096590909093,467.0,293.0,581.7821393408718,288.65815521028134,181.78213934087182,-11.341844789718664,1.5,0.22517316281655453,0.0,0.0,world_xy,1,0.4650000000000003,0.0458279448395843,1.5,0.9969983778257214,0.07742244256596452,0.25,0.5319983778257211,0.03159449772638022,0.5329357243568693
4.046434164047241,0.32,slow,drone,tracking,1,1,520.2803287981859,289.8364984882842,469.0,292.5,576.5868038571728,288.5534204458109,176.58680385717275,-11.4465795541891,1.5,0.22724029836352963,0.0,0.0,world_xy,1,0.4800000000000003,0.04807967646774985,1.5,0.9968017063026194,0.0799146939691727,0.25,0.5168017063026191,0.03183501750142285,0.5177812974380347
4.101641654968262,0.33,slow,drone,tracking,1,1,520.5124534783854,289.509590609791,471.11952126799287,292.0891153161895,571.4240809337433,288.4905647190383,171.4240809337433,-11.509435280961725,1.5,0.2288619223541673,0.0,0.0,world_xy,1,0.49500000000000033,0.050352079451385146,1.5,0.9965988047720977,0.08240644590580369,0.25,0.5015988047720974,0.032054366454418545,0.5026219686380519
4.156888008117676,0.34,slow,drone,tracking,1,1,521.0510010229432,289.16259924984166,473.9923465233675,292.00765347663247,566.2576721426075,288.43493533729463,166.25767214260748,-11.565064662705367,1.5,0.23020357634913433,0.0,0.0,world_xy,1,0.5100000000000003,0.052640698674926815,1.5,0.9963896745022904,0.08489768280241602,0.25,0.4863896745022901,0.03225698412748921,0.48745812998394517
4.211726903915405,0.35000000000000003,slow,drone,tracking,1,1,521.6239825292832,288.92227516378796,475.5,291.5,560.985482911813,288.3898100535208,160.98548291181305,-11.610189946479181,1.5,0.23130369876838144,0.0,0.0,world_xy,1,0.5250000000000004,0.054942734438418156,1.5,0.996174316800261,0.08738838908878721,0.25,0.4711743168002607,0.032445654650369055,0.4722901198605402
4.301033020019531,0.36,slow,drone,tracking,1,1,522.1262933657943,288.4979204706837,477.9393493542586,291.06849762955693,555.7628082938402,288.301284181196,155.76280829384018,-11.698715818803976,1.5,0.23277253845261542,0.0,0.0,world_xy,1,0.5400000000000004,0.05725577142610197,1.5,0.9959527330119943,0.08987854919801104,0.25,0.4559527330119939,0.03262277777190907,0.4571183001922609
4.437533378601074,0.37,slow,drone,tracking,1,1,522.6594236639246,288.1589321744529,479.9269841269841,290.5881370091896,550.5491766022167,288.2854445648754,150.54917660221668,-11.714555435124623,1.5,0.23360775209004778,0.0,0.0,world_xy,1,0.5550000000000004,0.05958349681062813,1.5,0.9957249245223883,0.09236814756659498,0.25,0.4407249245223879,0.03278465075596685,0.44194263476208673
4.510017395019531,0.38,slow,drone,tracking,1,1,523.5090451723399,287.7311603511025,482.0,290.5,545.341228607248,288.2128283623429,145.341228607248,-11.787171637657082,1.5,0.23478237645474942,0.0,0.0,world_xy,1,0.5700000000000004,0.0619195743315286,1.5,0.9954908927552453,0.0948571686345573,0.25,0.4254908927552449,0.0329375943030287,0.42676385148712653
4.5739898681640625,0.39,slow,drone,tracking,1,1,523.9476737821565,287.36398467432946,483.8963474827246,290.1684764725238,540.1681681681681,288.1788740196507,140.1681681681681,-11.82112598034928,1.5,0.2356844551884793,0.0,0.0,world_xy,1,0.5850000000000004,0.0642673980960761,1.5,0.9952506391732631,0.09734559684552443,0.25,0.41025063917326265,0.03307819874944834,0.41158201391044597
4.641558885574341,0.4,slow,drone,tracking,1,1,524.3340021178175,287.05099481692025,486.99209951252305,289.5076483442595,534.9178327386367,288.0938163203433,134.91783273863666,-11.906183679656692,1.5,0.2370260253110393,0.0,0.0,world_xy,1,0.6000000000000004,0.0666242426479609,1.5,0.9950041652780258,0.09983341664682815,0.25,0.3950041652780254,0.03320917399886726,0.3963977041112583
4.696649074554443,0.41000000000000003,slow,drone,tracking,1,1,524.7601075084348,286.6895408017384,489.0,289.5,529.6977385806196,288.1006585355895,129.69773858061956,-11.899341464410497,1.5,0.2375544674984832,0.0,0.0,world_xy,1,0.6150000000000004,0.06899450290107129,1.5,0.9947514726099944,0.10232061248960282,0.25,0.379751472609994,0.033326109588531536,0.38121097902574347
4.770931959152222,0.42,slow,drone,tracking,1,1,525.31331684917,286.3033086070882,490.87398575923163,289.2695810564663,524.474129475233,288.01938975688364,124.47412947523298,-11.98061024311636,1.5,0.23868622304859738,0.0,0.0,world_xy,1,0.6300000000000004,0.07137004757605611,1.5,0.9944925627484974,0.10480716882888248,0.25,0.36449256274849695,0.03343712125282637,0.366023044871007
4.830329179763794,0.43,slow,drone,tracking,1,1,525.5271150971599,286.0276233183856,493.0,288.5,519.3052791984867,287.9945176206824,119.30527919848669,-12.005482379317584,1.5,0.23946910654436224,0.0,0.0,world_xy,1,0.6450000000000005,0.07375690980654208,1.5,0.9942274373117206,0.10729307012369815,0.25,0.3492274373117201,0.033536160317156075,0.3508339735831315
4.880695581436157,0.44,slow,drone,tracking,1,1,526.0189429227999,285.5269859014968,495.0,288.5,514.0206378658452,287.97400574149276,114.02063786584517,-12.02599425850724,1.5,0.24004703478854264,0.0,0.0,world_xy,1,0.6600000000000005,0.0761516008719857,1.5,0.9939560979566968,0.10977830083717481,0.25,0.33395609795669634,0.033626699965189105,0.33564479783397716
4.967799663543701,0.45,slow,drone,tracking,1,1,526.4622205088666,285.2516062708815,497.29563492063494,288.030753968254,508.76803982329284,287.91105119720817,108.76803982329284,-12.088948802791833,1.5,0.24099960248555433,0.0,0.0,world_xy,1,0.6750000000000005,0.07855207121987114,1.5,0.9936785463792964,0.11226284543662858,0.25,0.31867854637929593,0.033710774216757444,0.3204565995898887
5.055217504501343,0.46,slow,drone,tracking,1,1,526.5746653607574,284.9083251714006,500.0,287.5,503.54855661434976,287.91091531203284,103.54855661434976,-12.089084687967159,1.5,0.24142975268613817,0.0,0.0,world_xy,1,0.6900000000000005,0.08096206724472668,1.5,0.9933947843142158,0.11474668839366382,0.25,0.3033947843142153,0.03378462114893714,0.30527003746723397
5.147400379180908,0.47000000000000003,slow,drone,tracking,1,1,526.771298344393,284.46390508747237,502.0,287.5,498.318298284627,287.857902447281,98.31829828462702,-12.142097552719008,1.5,0.24220646178867128,0.0,0.0,world_xy,1,0.7050000000000005,0.08337636477158807,1.5,0.9931048135349669,0.11722981418427011,0.25,0.2881048135349664,0.03385344941268205,0.29008695182506017
5.243267297744751,0.48,slow,drone,tracking,1,1,527.0949786996298,284.12738319715066,504.0,287.0,493.06748240731014,287.8786250277165,93.06748240731014,-12.12137497228349,1.5,0.24232803250002047,0.0,0.0,world_xy,1,0.7200000000000005,0.08579842938947478,1.5,0.9928086358538663,0.11971220728891936,0.25,0.2728086358538657,0.03391377789944458,0.27490852319973635
5.341448545455933,0.49,slow,drone,tracking,1,1,527.1215584789015,283.7576018977787,506.0079004874769,286.5076483442595,487.81290450595554,287.8175616132967,87.81290450595554,-12.182438386703325,1.5,0.24305443687874578,0.0,0.0,world_xy,1,0.7350000000000005,0.08822170971447499,1.5,0.9925062531220232,0.12219385219266274,0.25,0.2575062531220227,0.03397214247818775,0.2597375153140214
5.41529393196106,0.5,slow,drone,tracking,1,1,527.1690714021457,283.2759156492786,508.99209951252305,286.49235165574044,482.5712433871702,287.8462903922736,82.57124338717023,-12.153709607726398,1.5,0.24306530228042597,0.0,0.0,world_xy,1,0.7500000000000006,0.09065225408326244,1.5,0.992197667229329,0.12467473338522769,0.25,0.24219766722932845,0.03402247930196525,0.24457563065273116
5.46734356880188,0.51,slow,drone,tracking,1,1,524.598948202579,282.9695266911606,511.0079004874769,285.5076483442595,477.31968298988625,287.790336794066,77.31968298988625,-12.20966320593402,1.5,0.24368568129146592,0.0,0.0,world_xy,1,0.7650000000000006,0.0930829071060667,1.5,0.9918828801044445,0.12715483536111483,0.25,0.2268828801044439,0.03407192825504812,0.2294269765731672
5.525508165359497,0.52,slow,drone,tracking,1,1,519.6134354465087,283.8326478513686,513.0,285.5,472.09645481982216,287.7745165000029,72.09645481982216,-12.225483499997097,1.5,0.24413887508112772,0.0,0.0,world_xy,1,0.7800000000000006,0.09551976391898136,1.5,0.9915618937147881,0.12963414261969486,0.25,0.2115618937147875,0.0341143787007135,0.21429471693516558
5.634740352630615,0.53,slow,drone,tracking,1,1,519.625649749551,283.49730649277006,515.0079004874768,285.49235165574044,466.79734327852964,287.7782232883348,66.79734327852964,-12.2217767116652,1.4221848208610004,0.24430203761482466,0.0,0.0,world_xy,1,0.7950000000000006,0.09796115266979263,1.5,0.9912347100665236,0.1321126396653055,0.25,0.19623471006652304,0.034151486995512875,0.1991843003323732
5.712706804275513,0.54,slow,drone,tracking,1,1,519.5182771323321,283.15481250590346,517.0079004874768,284.5076483442595,461.80244535877904,287.7722431351951,61.80244535877904,-12.227756864804917,1.3198100683340195,0.2444412424395252,0.0,0.0,world_xy,1,0.8092218482086107,0.10040417304594088,1.5,0.9909013312045479,0.1345903110073483,0.25,0.18167948299593728,0.03418613796140743,0.18486786245961587
5.765424489974976,0.55,slow,drone,tracking,1,1,519.5093643586833,282.91742338251987,519.0,284.5,457.1993019441672,287.7469255776762,57.19930194416719,-12.253074422323778,1.223106852136148,0.2447823777433479,0.0,0.0,world_xy,1,0.8224199488919508,0.10284858547033612,1.5,0.9905617592124779,0.13706714116038543,0.25,0.1681418103205271,0.03421855569004931,0.17158839684365934
5.841111660003662,0.56,slow,drone,tracking,1,1,519.4649844060108,282.62309800585956,521.0,284.5,452.8409124072679,287.73865181786874,52.84091240726792,-12.261348182131258,1.1316481199412136,0.2450268999879504,0.0,0.0,world_xy,1,0.8346510174133123,0.1052964092477696,1.5,0.9902159962126371,0.1395431146442365,0.25,0.15556497879932485,0.03424670539646689,0.15928998543331838
5.928791761398315,0.5700000000000001,slow,drone,tracking,1,1,519.432520555713,282.2542765334089,522.992099512523,283.5076483442595,448.8349122960628,287.73579663193533,48.83491229606278,-12.26420336806467,1.0464256892302368,0.2451683420432891,0.0,0.0,world_xy,1,0.8459674986127244,0.10774667824764911,1.5,0.9898640443660435,0.14201821598407527,0.25,0.14389654575331912,0.03427153773642616,0.14792144597236853
6.105896949768066,0.58,slow,drone,tracking,1,1,519.368294067556,282.0150439965938,524.0,283.5,445.1727915214968,287.7291991292727,45.17279152149678,-12.270800870727328,0.9677922668900713,0.24530456349748073,0.0,0.0,world_xy,1,0.8564317555050267,0.110198361668082,1.5,0.9895059058723947,0.1444924297105264,0.25,0.13307415036736803,0.03429406804244439,0.13742202370397796
6.264233827590942,0.59,slow,drone,tracking,1,1,519.2676703119822,281.6852719784122,525.5,283.0,441.6978424403709,287.72154816721235,41.69784244037089,-12.278451832787653,0.8941827869446118,0.24545002373453054,0.0,0.0,world_xy,1,0.8661096781739274,0.11265140730305681,1.5,0.9891415829700554,0.14696574035976223,0.25,0.12303190479612802,0.03431433305670542,0.12772753442735055
6.361734867095947,0.6,slow,drone,tracking,1,1,519.1999431979551,281.38701126573886,527.0,282.5,438.5439333718534,287.71765914356916,38.54393337185343,-12.282340856430835,0.8263655212154629,0.24555826010127793,0.0,0.0,world_xy,1,0.8750515060433735,0.11510590754040212,1.5,0.9887710779360422,0.14943813247359922,0.25,0.11371957189266879,0.0343322249331971,0.11878906810104838
6.461047649383545,0.61,slow,drone,tracking,1,1,519.1822500950209,281.02256746484227,528.0,282.5,435.57532199987156,287.71321439618094,35.57532199987156,-12.286785603819055,0.7631930265455455,0.2456558586875847,0.0,0.0,world_xy,1,0.8833151612555281,0.1175614901414149,1.5,0.9883943930860107,0.1519095905995947,0.25,0.10507923183048262,0.03434810045817979,0.11055060817186635
6.60535192489624,0.62,slow,drone,tracking,1,1,514.0260583993717,280.0946669522382,529.0,282.0,432.7755172313169,287.71327438793077,32.77551723131688,-12.286725612069233,0.7039675514899812,0.24569911814217466,0.0,0.0,world_xy,1,0.8909470915209836,0.12001804872829075,1.5,0.9880115307742399,0.1543800992911434,0.25,0.09706443925325625,0.03436205056285266,0.1029672563800411
6.773646831512451,0.63,slow,drone,tracking,1,1,513.4835799859055,279.9905567300916,530.0,281.5,430.2595523651113,287.7022615191572,30.25955236511129,-12.297738480842781,0.6496404741867157,0.2458397264532492,0.0,0.0,world_xy,1,0.8979867670358834,0.1224750399097125,1.5,0.9876224933936179,0.15684964310757413,0.25,0.08963572635773442,0.03437460319786163,0.09600092074917346
6.835770130157471,0.64,slow,drone,tracking,1,1,511.747933274284,279.53314142308824,531.0,281.5,427.8603012846328,287.7012250996597,27.860301284632783,-12.298774900340277,0.5988015275149827,0.24591440080770519,0.0,0.0,world_xy,1,0.9044831717777506,0.12493343717424499,1.5,0.9872272833756269,0.15931820661424598,0.25,0.08274411159787631,0.03438476944000099,0.08960413145365471
6.93751859664917,0.65,slow,drone,tracking,1,1,511.4121212121212,279.3241685144124,532.0079004874768,280.5076483442595,425.68633527684875,287.70030757737584,25.68633527684875,-12.299692422624162,0.5520103754270785,0.24595809701233312,0.0,0.0,world_xy,1,0.9104711870529004,0.12739258118232205,1.5,0.9868259031903286,0.1617857743826451,0.25,0.07635471613742817,0.03439319320032305,0.08374326489301681
6.999756097793579,0.66,slow,drone,tracking,1,1,511.7083422842821,279.20744718940205,533.0,280.5,423.6612328039548,287.7008924141876,23.661232803954817,-12.299107585812408,0.5086782297856883,0.24597132709948638,0.0,0.0,world_xy,1,0.9159912908071712,0.12985216215244538,1.5,0.9864183553463477,0.16425233099048098,0.25,0.07042706453917646,0.034400168838035594,0.07837948096084
7.093923330307007,0.67,slow,drone,tracking,1,1,511.50765379113017,279.0051502145923,533.5079054604727,280.4925835370823,421.7544283554824,287.6946871406977,21.75442835548239,-12.305312859302319,0.46820391531386607,0.2460455386470944,0.0,0.0,world_xy,1,0.9210780731050281,0.13231187542344025,1.5,0.9860046423908568,0.16671786102178285,0.25,0.06492656928582874,0.0344059855983426,0.07347946137677439
7.235772132873535,0.68,slow,drone,tracking,1,1,511.39292285916486,278.55845718329795,534.2049493439628,279.5170237502076,420.01093317447527,287.66196516802745,20.01093317447527,-12.33803483197255,0.4308120268104677,0.2464388755428905,0.0,0.0,world_xy,1,0.9257601122581668,0.1347723308099112,1.5,0.9855847669095608,0.16918234906699603,0.25,0.05982465465139397,0.03441001825708484,0.06901477132188055
7.360192537307739,0.6900000000000001,slow,drone,tracking,1,1,511.68978684996176,278.3563146566687,535.0,279.5,418.38576739679814,287.6938291924197,18.385767396798144,-12.306170807580315,0.39610885342949004,0.2462653728776842,0.0,0.0,world_xy,1,0.9300682325262715,0.1372367195653401,1.5,0.9851587315266797,0.17164577972307826,0.25,0.05509049900040819,0.034409060157738175,0.06495341793202895
7.4264960289001465,0.7000000000000001,slow,drone,tracking,1,1,511.5350767953508,278.16708177667084,535.4920945395272,279.4925835370823,416.85847035681553,287.69493523852884,16.85847035681553,-12.305064761471158,0.3636921579682414,0.24617513017114065,0.0,0.0,world_xy,1,0.9340293210605664,0.13969937329411694,1.5,0.9847265389049334,0.17410813759359597,0.25,0.05069721784436709,0.03440876429947903,0.0612712898328109
7.560612916946411,0.71,slow,drone,tracking,1,1,511.6303216974675,277.88562628336757,536.0079004874768,278.5076483442595,415.50552969586676,287.65836628985403,15.505529695866755,-12.34163371014597,0.33422229774024287,0.24653677938861898,0.0,0.0,world_xy,1,0.9376662426402488,0.14216112459582836,1.5,0.9842881917455246,0.17656940728882045,0.25,0.04662194910527584,0.03440828269299209,0.05794424955296073
7.643621921539307,0.72,slow,drone,tracking,1,1,511.6512114463116,277.66464196531007,536.5,278.5,414.2087951209548,287.69975779859345,14.20879512095479,-12.300242201406547,0.30669678031361197,0.24624421494035056,0.0,0.0,world_xy,1,0.9410084656176512,0.14462649238971456,1.5,0.9838436927881214,0.17902957342582418,0.25,0.04283522717047028,0.03440308103610962,0.05494022817137658
7.722518682479858,0.73,slow,drone,tracking,1,1,511.4456928838951,277.3389853592101,536.5702693930542,278.4225900681597,412.99088870199046,287.6659307541351,12.990888701990457,-12.334069245864896,0.2809133268630204,0.2464846584276716,0.0,0.0,world_xy,1,0.9440754334207873,0.14708893453911806,1.5,0.9833930448108409,0.18148862062857676,0.25,0.03931761139005363,0.0343996860894587,0.05224186987917425
7.847837209701538,0.74,slow,drone,tracking,1,1,511.7124742747128,277.0538405364137,537.5079054604727,277.50741646291766,411.8397861324647,287.69803468343054,11.839786132464724,-12.301965316569465,0.25664864454547115,0.24623971477471635,0.0,0.0,world_xy,1,0.9468845666894175,0.14955378112339476,1.5,0.9829362506302315,0.18394653352804122,0.25,0.03605168394081404,0.034392752404646454,0.04982554899783507
7.963417291641235,0.75,slow,drone,tracking,1,1,511.68062479228973,276.7407111997341,537.5,277.5,410.81607162659844,287.6950616635441,10.816071626598443,-12.304938336455905,0.23446867793804488,0.24616219334963732,0.0,0.0,world_xy,1,0.9494510531348722,0.15201617827114192,1.5,0.9824733131012553,0.18640329676226988,0.25,0.03302225996638308,0.034387118491127966,0.047675397968032336
8.098092794418335,0.76,slow,drone,tracking,1,1,511.33568216898186,276.53774914435274,538.0908483633934,276.6117234468938,409.8371362694451,287.7000904766074,9.837136269445125,-12.299909523392614,0.21371940403601655,0.24607199176465558,0.0,0.0,world_xy,1,0.9517957399142527,0.15447780020463828,1.5,0.9820042351172703,0.18885889497650057,0.25,0.030208495203017605,0.0343810947718623,0.04576694069022436
8.221989631652832,0.77,slow,drone,tracking,1,1,511.66483516483515,276.2261904761904,538.5,276.5,408.9716167916462,287.6717709720373,8.971616791646227,-12.32822902796272,0.19486151652431594,0.24634291560168492,0.0,0.0,world_xy,1,0.9539329339546129,0.15693852012228482,1.5,0.9815290196100125,0.19131331282325245,0.25,0.027596085655399616,0.03437479270096763,0.04408140556668594
8.349817752838135,0.78,slow,drone,tracking,1,1,511.4138729088143,276.04251801891155,538.5849514563107,276.39142394822005,408.1591997992495,287.70482092940466,8.159199799249507,-12.295179070595339,0.17743888022768672,0.24610128179730695,0.0,0.0,world_xy,1,0.955881549119856,0.15940194927830167,1.5,0.9810476695495772,0.19376653496242194,0.25,0.025166120429721217,0.034364585684120263,0.042594111878573954
8.468862771987915,0.79,slow,drone,tracking,1,1,511.2606421714663,275.6756703078451,539.0997664330997,275.62762762762765,407.33859099370363,287.71436490847236,7.338590993703633,-12.285635091527638,0.160571997033199,0.24588756281559213,0.0,0.0,world_xy,1,0.9576559379221329,0.16186296209627474,1.5,0.9805601879444008,0.19621854606137865,0.25,0.022904250022267925,0.03435558396510391,0.041290565734388586
8.534032106399536,0.8,slow,drone,tracking,1,1,511.4812855183226,275.42824482330656,539.0,275.5,406.65259366919406,287.7150903858838,6.6525936691940615,-12.284909614116202,0.14543592902607422,0.2457834090222947,0.0,0.0,world_xy,1,0.9592616578924649,0.16432183772443065,1.5,0.9800665778412416,0.19866933079506122,0.25,0.020804919948776757,0.034347493070630564,0.040157128561589456
8.632909774780273,0.81,slow,drone,tracking,1,1,511.45077753920225,275.1283102348884,539.5932038834951,275.3611650485437,405.9696173254836,287.68159517802076,5.969617325483625,-12.318404821979243,0.13111195864205327,0.2461049871018043,0.0,0.0,world_xy,1,0.9607160171827256,0.1667796718146536,1.5,0.9795668423251612,0.20111887384607305,0.25,0.018850825142435634,0.034339202031419436,0.039173133710558874
8.69353461265564,0.8200000000000001,slow,drone,tracking,1,1,511.29605734767017,274.77758227435646,539.6010027494743,274.6314087012777,405.3351307504216,287.71754874326695,5.3351307504216265,-12.282451256733054,0.11768681964356187,0.24585420801987554,0.0,0.0,world_xy,1,0.9620271367691461,0.16924072168567167,1.5,0.9790609845195051,0.203567159904778,0.25,0.017033847750358988,0.03432643821910633,0.03832044271655188
8.764053344726562,0.8300000000000001,slow,drone,tracking,1,1,511.5271347736625,274.5734953703704,539.5,274.5,404.7448776530868,287.72507688626666,4.744877653086803,-12.274923113733337,0.10515272302355767,0.24565854786001068,0.0,0.0,world_xy,1,0.9632040049655817,0.1716992637658704,1.5,0.9785490075858827,0.2060141736693962,0.25,0.01534500262030103,0.034314909903525787,0.037589654788307614
8.850406885147095,0.84,slow,drone,tracking,1,1,511.2161758013132,274.4057603536831,539.608794051083,274.360814742968,404.2316155655559,287.7268148044383,4.231615565555899,-12.273185195561723,0.09386649658171584,0.24555138368818377,0.0,0.0,world_xy,1,0.9642555321958173,0.17415584924447053,1.5,0.9780309147241483,0.20845989984609956,0.25,0.013775382528330993,0.03430405060162903,0.036966593722994975
8.951161623001099,0.85,slow,drone,tracking,1,1,511.07716350849773,273.99309761021027,539.6161567103771,273.64610652420265,403.72013773381184,287.73234118299337,3.720137733811839,-12.267658817006634,0.08316143853370235,0.2454423696467557,0.0,0.0,world_xy,1,0.9651941971616345,0.17661136308135236,1.5,0.9775067091723805,0.2109043231491075,0.25,0.012312512010746013,0.034292960067755146,0.03643631515704372
9.050828218460083,0.86,slow,drone,tracking,1,1,511.40578042074293,273.69582454121104,540.0,273.5,403.2626163588082,287.73449473284893,3.262616358808202,-12.26550526715107,0.07331142728705628,0.24536962427970185,0.0,0.0,world_xy,1,0.9660258115469715,0.17906578677781992,1.5,0.9769763942068623,0.2133474283007823,0.25,0.010950582659890795,0.03428164152296237,0.03598813979771667
9.118738412857056,0.87,slow,drone,tracking,1,1,511.0612825988481,273.49530835436485,540.5925028275973,273.35320730328,402.8028830721643,287.74060521170736,2.8028830721643203,-12.259394788292639,0.06382185607298285,0.24526967359708488,0.0,0.0,world_xy,1,0.9667589258198421,0.18151948302061693,1.5,0.9764399731420608,0.2157892000317247,0.25,0.009681047322218639,0.03426971701110776,0.035610899753817586
9.229494094848633,0.88,slow,drone,tracking,1,1,511.30923008793565,273.22363509837413,540.5079054604727,272.50741646291766,402.40008988029575,287.74369524743344,2.400089880295752,-12.256304752566564,0.05512082391609556,0.2451907053969204,0.0,0.0,world_xy,1,0.967397144380572,0.18397217975658778,1.5,0.9758974493306055,0.21822962308086932,0.25,0.00850030495003351,0.034257443324281545,0.03529628319469242
9.36033821105957,0.89,slow,drone,tracking,1,1,511.2124430955994,272.92001770359127,540.4920945395272,272.4925835370823,402.07005071994297,287.739886653476,2.0700507199429694,-12.260113346524008,0.04757492868161567,0.2451970642403783,0.0,0.0,world_xy,1,0.967948352619733,0.18642408681055697,1.5,0.9753488261632687,0.22066868219558008,0.25,0.007400473543535679,0.03424459538502311,0.03503511555215021
9.41431474685669,0.9,slow,drone,tracking,1,1,511.0830147808358,272.64449541284404,540.6311024894924,271.66925315227934,401.68249911004506,287.7498847435471,1.6824991100450575,-12.250115256452887,0.039916208117222685,0.24508994672915196,0.0,0.0,world_xy,1,0.9684241019065492,0.18887605745296077,1.5,0.9747941070689433,0.22310636213174545,0.25,0.006370005162394166,0.034230304678784684,0.034817965537511764
9.46863341331482,0.91,slow,drone,tracking,1,1,511.1737044751625,272.3106103641987,540.5079054604727,271.50741646291766,401.35085415462913,287.7512942178955,1.3508541546291326,-12.24870578210448,0.03282168935367066,0.24502623963126766,0.0,0.0,world_xy,1,0.9688232639877213,0.19132695692025228,1.5,0.9742332955146219,0.22554264765387375,0.25,0.0054100315269005606,0.03421569073362146,0.0346407553829429
9.520449876785278,0.92,slow,drone,tracking,1,1,510.8653552330023,272.2029539088362,540.6064859632139,271.3452726686027,401.0835945480547,287.75215246767647,1.0835945480546911,-12.247847532323533,0.0266893002377534,0.24498813068962932,0.0,0.0,world_xy,1,0.969151480881258,0.19377721931656497,1.5,0.9736663950053749,0.2279775235351884,0.25,0.0045149141241168644,0.03420030421862344,0.034497032599841715
9.605336904525757,0.93,slow,drone,tracking,1,1,510.79529816513764,271.80217889908255,540.6311024894924,270.66925315227934,400.74999854090424,287.76540659161077,0.7499985409042438,-12.23459340838923,0.02026016905693571,0.24482518630261474,0.0,0.0,world_xy,1,0.9694183738836356,0.19622710062346127,1.5,0.9730934090843285,0.23041097455772308,0.25,0.0036750352006929,0.03418387393426181,0.03438085398706431
9.677106142044067,0.9400000000000001,slow,drone,tracking,1,1,510.9221885649375,271.5300391265934,540.5079054604727,270.50741646291766,400.4948500560538,287.7971260743647,0.4948500560537923,-12.202873925635288,0.014560426692212785,0.24440294701816478,0.0,0.0,world_xy,1,0.969620975574205,0.1986753524864874,1.5,0.972514341332643,0.2328429855124168,0.25,0.0028933657584380157,0.0341676330259294,0.03428992143482809
9.767104148864746,0.9500000000000001,slow,drone,tracking,1,1,510.76019824628287,271.2921591053501,540.6064859632139,270.3452726686027,400.24614109724143,287.7586734128165,0.24614109724143418,-12.241326587183494,0.009259744081151529,0.24463591861719258,0.0,0.0,world_xy,1,0.9697665798411271,0.20111938195666906,1.5,0.97192919536949,0.235273541199209,0.25,0.0021626155283628323,0.03415415924253995,0.03422255834224398
9.86332654953003,0.96,slow,drone,tracking,1,1,510.64657412689354,270.9049882740698,540.622136172959,269.6698935140368,400.00612659291414,287.80875110862155,0.006126592914142748,-12.19124889137845,0.004234277358573758,0.24418990118289963,0.0,0.0,world_xy,1,0.9698591772819386,0.20356574114284098,1.5,0.9713379748520296,0.23770262642713458,0.25,0.0014787975700909506,0.034136885284293594,0.034168900760286794
9.944938659667969,0.97,slow,drone,tracking,1,1,510.7906377631165,270.68432296575554,540.5079054604727,269.50741646291766,399.7660019026608,287.77829332492894,-0.2339980973392244,-12.221706675071061,-0.0006685542593732777,0.2443242289580865,0.0,0.0,world_xy,1,0.9699015200555243,0.20600764015467,1.5,0.9707406834753883,0.24013022601441877,0.25,0.0008391634198640086,0.03412258585974878,0.03413290290908708
10.019501209259033,0.98,slow,drone,tracking,1,1,510.53443788484725,270.4927315431981,540.6347054075867,269.30782889426956,399.6051066561615,287.7831159356853,-0.39489334383847563,-12.216884064314684,-0.004644676198941208,0.24433162773860048,0.0,0.0,world_xy,1,0.9698948345129306,0.20845088244425086,1.5,0.9701373249726354,0.24255632478857206,0.25,0.00024249045970481387,0.034105442344321196,0.03410630438972926
10.236128807067871,0.99,slow,drone,tracking,1,1,510.5161188168978,270.06498194945846,540.6143664245359,268.66214689265536,399.3746272402061,287.7854771033573,-0.6253727597938905,-12.214522896642677,-0.008969204647256339,0.24430898434543966,0.0,0.0,world_xy,1,0.9698483877509412,0.21089419872163687,1.5,0.9695279031147593,0.24498090758648497,0.25,-0.0003204846361818392,0.0340867088648481,0.03408821543640768
10.338788270950317,1.0,slow,drone,tracking,1,1,510.63068644014766,269.8316751141981,540.5079054604727,268.50741646291766,399.2185648837141,287.79826081881583,-0.781435116285877,-12.201739181184166,-0.012631928370410002,0.24415817394847367,0.0,0.0,world_xy,1,0.9697586957044686,0.21333728856509127,1.5,0.9689124217106447,0.24740395925452294,0.25,-0.000846273993823865,0.03406667068943167,0.03407718051034747
10.418389320373535,1.01,slow,drone,tracking,1,1,510.3223908918406,269.616761543327,540.6347054075867,268.30782889426956,399.0366869705244,287.8356146001073,-0.9633130294756143,-12.164385399892694,-0.01628081109091626,0.2436794176756328,0.0,0.0,world_xy,1,0.9696323764207645,0.21577887030457601,1.5,0.9682908846070486,0.2498254646486209,0.25,-0.0013414918137159004,0.03404659434404489,0.03407301258641825
10.481541633605957,1.02,slow,drone,tracking,1,1,510.2291508718726,269.2851908011119,540.5932395277373,267.6314087012777,398.84234920523727,287.80282413650184,-1.1576507947627306,-12.19717586349816,-0.020060523733302357,0.24382467245251455,0.0,0.0,world_xy,1,0.9694695683098553,0.21821566448133234,1.5,0.9676632956885756,0.25224540863437805,0.25,-0.0018062726212797475,0.034029744153045716,0.03407764821556989
10.595303535461426,1.03,slow,drone,tracking,1,1,510.36779026217226,269.07752808988766,540.5,267.5,398.7280801573268,287.81312768800734,-1.271919842673185,-12.186872311992659,-0.023018353949391095,0.2437766980355508,0.0,0.0,world_xy,1,0.9692689630725223,0.22065391120585748,1.5,0.9670296588776545,0.25466377608715235,0.25,-0.0022393041948678416,0.03400986488129487,0.034083506165315317
10.737866401672363,1.04,slow,drone,tracking,1,1,510.1601960045232,268.7166101269004,540.5223644697328,267.0221273905484,398.58242239506694,287.85507906477005,-1.417577604933058,-12.144920935229948,-0.02595161293148963,0.24329364440352727,0.0,0.0,world_xy,1,0.9690387795330284,0.22309167818621298,1.5,0.9663899781345132,0.2570805518921551,0.25,-0.0026488013985151992,0.03398887370594214,0.03409192990499747
10.83359694480896,1.05,slow,drone,tracking,1,1,510.2649588631264,268.48815756669154,540.5079054604727,266.50741646291766,398.46564711653,287.86734169527944,-1.5343528834699782,-12.132658304720565,-0.028556107537340093,0.24294138133351348,0.0,0.0,world_xy,1,0.9687792634037136,0.22552461463024825,1.5,0.9657442574571544,0.25949572094454537,0.25,-0.003035005946559144,0.03397110631429712,0.03410641179181602
10.975739002227783,1.06,slow,drone,tracking,1,1,510.03273137697516,268.3652495610735,540.6159420289855,266.314653784219,398.3298316262511,287.8356765589892,-1.6701683737488793,-12.164323441010822,-0.031222100503040716,0.2431311794512001,0.0,0.0,world_xy,1,0.9684937023283402,0.2279540284435834,1.5,0.9650925008813303,0.2619092681495244,0.25,-0.0034012014470099494,0.033955239705941026,0.034125158970634215
11.112773180007935,1.07,slow,drone,tracking,1,1,509.91420877951026,267.9447679879767,540.507665560297,265.99257151888725,398.21922589758407,287.8328692921475,-1.7807741024159327,-12.167130707852493,-0.033638460352943586,0.24324746853941748,0.0,0.0,world_xy,1,0.9681814813233098,0.2303853402380954,1.5,0.9644347124805172,0.26432117842243014,0.25,-0.0037467688427926804,0.03393583818433474,0.03414204724433896
11.209740400314331,1.08,slow,drone,tracking,1,1,510.16312056737587,267.5861639915391,540.5079054604727,265.50741646291766,398.1134716992147,287.8375105817789,-1.8865283007853009,-12.162489418221128,-0.03588911846746292,0.24324874444317027,0.0,0.0,world_xy,1,0.9678450967197804,0.23281781492348957,1.5,0.9637708963658905,0.26673143668883115,0.25,-0.004074200353889834,0.03391362176534157,0.03415747136083533
11.342991352081299,1.09,slow,drone,tracking,1,1,509.91738640630865,267.5133934159469,540.6081843080393,265.30723376832606,397.99198319621917,287.8742750452185,-2.0080168037808335,-12.125724954781504,-0.03823828815194748,0.24284490950202314,0.0,0.0,world_xy,1,0.9674862055351058,0.23525030236792127,1.5,0.9631010566862989,0.2691400278846211,0.25,-0.004385148848806919,0.03388972551669983,0.03417225520833309
11.515995264053345,1.1,slow,drone,tracking,1,1,509.752534735261,267.06809362873946,540.6143664245359,264.66214689265536,397.89378821827006,287.8878366708677,-2.1062117817299395,-12.112163329132272,-0.0403755592674057,0.2425140058963654,0.0,0.0,world_xy,1,0.9671038226535863,0.2376787514629415,1.5,0.962425197628238,0.27154693695611287,0.25,-0.004678625025348326,0.03386818549317136,0.034189816038225164
11.673840045928955,1.11,slow,drone,tracking,1,1,509.774579884625,266.87684976172557,540.5,264.5,397.7831807012321,287.85917572828566,-2.2168192987679163,-12.140824271714337,-0.04255401395677964,0.24268036964222212,0.0,0.0,world_xy,1,0.9667000670609123,0.24010389152190517,1.5,0.9617433234158248,0.27395214886013264,0.25,-0.004956743645087469,0.033848257338227467,0.034209265300470644
11.815131425857544,1.12,slow,drone,tracking,1,1,509.3999365079365,266.62520634920634,540.1174223550904,264.31672479654543,397.70732874593637,287.8682378209281,-2.2926712540636345,-12.131762179071927,-0.044368690075250815,0.24265555030879113,0.0,0.0,world_xy,1,0.9662745269213445,0.2425306952183274,1.5,0.9610554383107709,0.27635564856411376,0.25,-0.00521908861057363,0.03382495334578636,0.03422522979863895
11.928523302078247,1.1300000000000001,slow,drone,tracking,1,1,509.44461247637054,266.2160050409577,540.1145521145521,263.65934065934067,397.60316014434363,287.91219096334186,-2.396839855656367,-12.087809036658143,-0.04633114894608291,0.24216089704219557,0.0,0.0,world_xy,1,0.965830840020592,0.2449572507214153,1.5,0.9603615466123561,0.27875742104619095,0.25,-0.005469293408235987,0.03380017032477564,0.03423981139505908
12.174517154693604,1.1400000000000001,slow,drone,tracking,1,1,509.6032547699214,266.02830776904847,540.0,263.5,397.5312543798178,287.90848516701703,-2.468745620182176,-12.091514832982966,-0.04800521884774124,0.24197906683180065,0.0,0.0,world_xy,1,0.9653675285311312,0.24737885969183726,1.5,0.9596616526574011,0.28115745129529407,0.25,-0.00570587587373006,0.03377859160345681,0.03425711999277723
12.302181720733643,1.1500000000000001,slow,drone,tracking,1,1,509.20650529500756,265.7211296016137,539.6315619967794,263.2995169082126,397.48442645925303,287.91845934646017,-2.5155735407469706,-12.081540653539832,-0.04927365742970023,0.24178752726324845,0.0,0.0,world_xy,1,0.9648874763426537,0.24979865036015528,1.5,0.9589557608202409,0.28355572431124176,0.25,-0.005931715522412784,0.033757073951086486,0.03427426572193713
12.429133176803589,1.16,slow,drone,tracking,1,1,509.1396975425331,265.5109010712035,539.6295039586362,262.6768460171271,397.40747617713004,287.9279066236921,-2.592523822869964,-12.072093376307919,-0.05069090789493471,0.24159741440784893,0.0,0.0,world_xy,1,0.9643947397683567,0.25221652563278774,1.5,0.9582438755126972,0.28595222510483553,0.25,-0.006150864255659472,0.0337356994720478,0.034291843781865616
12.587056398391724,1.17,slow,drone,tracking,1,1,509.2734642968506,265.21577798565636,539.5079054604727,262.50741646291766,397.3481307592586,287.9406351097252,-2.651869240741405,-12.059364890274821,-0.05198147020087607,0.24137185027655506,0.0,0.0,world_xy,1,0.9638878306894073,0.25463249977686625,1.5,0.9575260011840507,0.28834693869795325,0.25,-0.006361829505356575,0.033714438921087,0.0343094194998827
12.770474195480347,1.18,slow,drone,tracking,1,1,509.06092515983454,264.8525761564498,539.5223644697328,262.0221273905484,397.2663502571557,287.92571381868913,-2.7336497428443067,-12.074286181310868,-0.053461808761681606,0.24143448061886932,0.0,0.0,world_xy,1,0.9633680159873985,0.2570462182796318,1.5,0.9568021423210139,0.29073985012364273,0.25,-0.006565873666384614,0.03369363184401092,0.03432741650405211
13.006540298461914,1.19,slow,drone,tracking,1,1,508.99221741040606,264.61287893052156,539.6081757957666,261.64679269671996,397.19843313076115,287.9265544638843,-2.8015668692388545,-12.073445536115685,-0.05487504950438412,0.2414534171757637,0.0,0.0,world_xy,1,0.9628333978997817,0.2594605630858205,1.5,0.9560723034477021,0.2931309444262154,0.25,-0.006761094452079619,0.033670381340394906,0.034342495217988385
13.127559185028076,1.2,slow,drone,tracking,1,1,509.0390037885845,264.3186137506987,539.5,261.5,397.11503810290696,287.96371179497953,-2.884961897093035,-12.036288205020469,-0.056428353144996245,0.24105320798431884,0.0,0.0,world_xy,1,0.9622846474047378,0.2618750972575781,1.5,0.955336489125606,0.29552020666133955,0.25,-0.006948158279131866,0.03364510940376142,0.03435506207624931
13.262147903442383,1.21,slow,drone,tracking,1,1,508.80717236199774,264.1241707347603,539.5223644697328,261.0221273905484,397.0447160165278,287.97741438476083,-2.9552839834722135,-12.022585615239166,-0.057900882733442655,0.2407223853605743,0.0,0.0,world_xy,1,0.9617203638732879,0.26428562933742134,1.5,0.9545947039535627,0.29790762189613407,0.25,-0.007125659919725136,0.03362199255871273,0.03436878544420375
13.31761622428894,1.22,slow,drone,tracking,1,1,508.7359022556391,263.7929824561403,539.5994506382291,260.64679269671996,396.99830158285477,287.974173553719,-3.001698417145235,-12.025826446280973,-0.05907407981864678,0.24060916432134913,0.0,0.0,world_xy,1,0.9611413550459534,0.2666928531910271,1.5,0.9538469525677271,0.3002931752092615,0.25,-0.007294402478226325,0.03360032201823443,0.03438298921332181
13.459378242492676,1.23,slow,drone,tracking,1,1,508.70585661603843,263.6222263891493,539.6114598422662,260.29196845324316,396.95629793045487,287.9840144272858,-3.043702069545134,-12.015985572714214,-0.060064058683387524,0.24044996524446346,0.0,0.0,world_xy,1,0.960550614247767,0.26909894483424057,1.5,0.9530932396415429,0.30267685169102143,0.25,-0.0074573746062240875,0.03357790685678086,0.034396050135156606
13.51999020576477,1.24,slow,drone,tracking,1,1,508.46865746865745,263.3102753102753,539.507665560297,259.99257151888725,396.89600401465816,287.99798683565575,-3.1039959853418395,-12.002013164344248,-0.06117278224628463,0.24022462916779527,0.0,0.0,world_xy,1,0.9599499736609332,0.27150344448668523,1.5,0.9523335698857134,0.3050586364434435,0.25,-0.007616403775219771,0.03355519195675827,0.03440872729006519
13.594543695449829,1.25,slow,drone,tracking,1,1,508.5246148064637,263.05580608793684,539.0,259.5,396.8495017037763,288.0067567567568,-3.1504982962237023,-11.993243243243228,-0.062183233269288804,0.2400267588011834,0.0,0.0,world_xy,1,0.9593382458384703,0.2739056907783632,1.5,0.9515679480481722,0.30743851458038085,0.25,-0.007770297790298031,0.033532823802017664,0.034421327689196896
13.687568187713623,1.26,slow,drone,tracking,1,1,508.2695652173913,262.86748582230626,539.1212875394059,259.3009789281566,396.8069035947712,288.01362044817927,-3.1930964052288004,-11.986379551820733,-0.06310651542869676,0.23986221653056056,0.0,0.0,world_xy,1,0.9587164135057774,0.276305958366375,1.5,0.9507963789140532,0.30981647122760286,0.25,-0.00792003459172419,0.03351051286122786,0.03443372504038193
13.7632315158844,1.27,slow,drone,tracking,1,1,508.1995481927711,262.5399723895582,539.0153144346692,259.0,396.6893156253285,288.0063601639976,-3.310684374671496,-11.993639836002387,-0.0648154600643,0.2398680356347785,0.0,0.0,world_xy,1,0.9580853483514904,0.2787045805316806,1.5,0.9500188673056611,0.3121924915228882,0.25,-0.008066481045829299,0.03348791099120757,0.03444572976462778
13.863517999649048,1.28,slow,drone,tracking,1,1,508.3482076176251,262.18203883495147,538.5079054604727,258.50741646291766,396.65820367255395,288.01834524810766,-3.3417963274460476,-11.981654751892336,-0.06592671663084153,0.23973881830646604,0.0,0.0,world_xy,1,0.9574371937508473,0.2811032608880284,1.5,0.9492354180824408,0.31456656061611776,0.25,-0.008201775668406519,0.03346329972808937,0.03445375963239442
13.936467409133911,1.29,slow,drone,tracking,1,1,508.08603162650604,261.9839984939759,538.626949670365,258.2916867663611,396.61210008059714,288.0209202088517,-3.387899919402855,-11.979079791148308,-0.0669339215973101,0.2396523459405411,0.0,0.0,world_xy,1,0.956777926584539,0.28350064907109307,1.5,0.9484460361409476,0.31693866366936746,0.25,-0.008331890443591394,0.03343801459827439,0.03446042975121496
14.029802560806274,1.3,slow,drone,tracking,1,1,507.9739544202354,261.6853243175557,538.5223644697328,258.0221273905484,396.581362346263,288.0297487648481,-3.418637653736994,-11.97025123515192,-0.06772527890989646,0.23951631925991465,0.0,0.0,world_xy,1,0.9561085873685659,0.28589717253049846,1.5,0.9476507264148157,0.31930878585700095,0.25,-0.008457860953750118,0.0334116133265025,0.03446550909231851
14.12134861946106,1.31,slow,drone,tracking,1,1,508.08003223606715,261.42378029880354,538.5079054604727,257.50741646291766,396.5499754678629,288.0306651713745,-3.4500245321370926,-11.969334828625506,-0.06842664536296143,0.23944502678184215,0.0,0.0,world_xy,1,0.9554313345794669,0.2882923357230976,1.5,0.9468494938747286,0.32167691236576224,0.25,-0.00858184070473833,0.03338457664266464,0.0344699571727534
14.252025365829468,1.32,slow,drone,tracking,1,1,507.80550355672034,261.21958068139276,538.6192084942085,257.29938867438864,396.5052915615363,288.04927109615926,-3.4947084384637037,-11.95072890384074,-0.06923378323643338,0.23920827999407712,0.0,0.0,world_xy,1,0.9547470681258373,0.290686785990916,1.5,0.946042343528387,0.32404302839486837,0.25,-0.008704724597450308,0.03335624240395235,0.0344733395195285
14.363709449768066,1.33,slow,drone,tracking,1,1,507.7716293368467,260.8147311625572,538.6081757957666,256.64679269671996,396.47946525563304,288.05578722360445,-3.5205347443669552,-11.944212776395545,-0.06988108464443153,0.23903006653768571,0.0,0.0,world_xy,1,0.954054730293473,0.2930788687908568,1.5,0.9452292804204778,0.3264071191561018,0.25,-0.008825449872995161,0.033328250365245005,0.03447696097206371
14.423890590667725,1.34,slow,drone,tracking,1,1,507.89161098737935,260.535139816877,538.5,256.5,396.4457778556412,288.0817565989255,-3.554222144358789,-11.918243401074506,-0.07054293167794087,0.23866420735377816,0.0,0.0,world_xy,1,0.9533559194470287,0.2954691694562337,1.5,0.944410309632643,0.32876916987390314,0.25,-0.008945609814385636,0.03330000041766945,0.03448063170488642
14.520089149475098,1.35,slow,drone,tracking,1,1,507.46947381671697,260.41691842900303,538.1212875394059,256.3009789281566,396.4033846046039,288.0849771673499,-3.5966153953960998,-11.915022832650095,-0.07130708860443048,0.23846414446835124,0.0,0.0,world_xy,1,0.9526504901302493,0.2978558115297715,1.5,0.9435854362834473,0.3311291657854629,0.25,-0.009065053846802007,0.033273354255691445,0.0344861030658751
14.628681421279907,1.36,slow,drone,tracking,1,1,507.27843877872203,260.0048473402581,538.1145521145521,255.65934065934067,396.3796117865527,288.0852049098957,-3.6203882134473133,-11.914795090104292,-0.07191246021991417,0.2383716110019053,0.0,0.0,world_xy,1,0.9519374192442049,0.300240452974455,1.5,0.9427546655283462,0.3334870921408144,0.25,-0.009182753715858749,0.03324663916635939,0.0344914769423436
14.71260118484497,1.37,slow,drone,tracking,1,1,507.3956263667604,259.89440799750076,538.0,255.5,396.2986489246841,288.13531179783473,-3.7013510753159267,-11.864688202165269,-0.07307546892743658,0.23777879517467532,0.0,0.0,world_xy,1,0.9512182946420058,0.30262416908447404,1.5,0.9419180025596545,0.3358429342029256,0.25,-0.00930029208235128,0.033218765118451565,0.034496112662326175
14.809665441513062,1.3800000000000001,slow,drone,tracking,1,1,507.11689291101055,259.6108597285068,538.0076534766324,255.00765347663244,396.283261251481,288.1332901425878,-3.716738748518992,-11.866709857412218,-0.07376808725105537,0.2375342662601383,0.0,0.0,world_xy,1,0.9504875399527314,0.3050019570362208,1.5,0.941075452606513,0.3381966772477913,0.25,-0.009412087346218345,0.033194720211570494,0.034503287352617436
14.868502855300903,1.3900000000000001,slow,drone,tracking,1,1,507.11378144949305,259.1460758542997,538.0989010989011,254.6436896436896,396.25843300004084,288.14767600002335,-3.7415669999591614,-11.852323999976647,-0.0743528762625257,0.2372659838168054,0.0,0.0,world_xy,1,0.9497498590802208,0.30737729969882216,1.5,0.9402270209348561,0.34054830656452506,0.25,-0.009522838145364698,0.0331710068657029,0.03451086992278407
14.932724237442017,1.4000000000000001,slow,drone,tracking,1,1,507.2055296675986,258.97160608884747,537.5079054604727,254.50741646291766,396.2137675450115,288.15817794508155,-3.7862324549885216,-11.841822054918453,-0.07510735132301029,0.23702973532166538,0.0,0.0,world_xy,1,0.9490063303175955,0.3097499595369902,1.5,0.9393727128473789,0.3428978074554514,0.25,-0.009633617470216627,0.033147847918461204,0.034519362786527445
15.103546380996704,1.41,slow,drone,tracking,1,1,506.897008306789,258.6967085128974,537.5300442757748,254.01470588235293,396.18467482592985,288.1740993002177,-3.8153251740701535,-11.825900699782323,-0.07576688501012632,0.23674828859235497,0.0,0.0,world_xy,1,0.9482552568043654,0.31212025689020684,1.5,0.9385125336835043,0.34524516523619725,0.25,-0.009742723120861108,0.03312490834599041,0.03452796267867577
15.300645112991333,1.42,slow,drone,tracking,1,1,506.79243986254295,258.3768822243049,537.6081757957666,253.64679269671998,396.15340746577937,288.17578729241455,-3.8465925342206333,-11.824212707585446,-0.07640761613098382,0.23660306964999966,0.0,0.0,world_xy,1,0.9474975879542641,0.31448773977613037,1.5,0.9376464888193493,0.3475903652357843,0.25,-0.009851099134914776,0.03310262545965392,0.03453734162450907
15.403794527053833,1.43,slow,drone,tracking,1,1,506.8241573033708,258.32528089887643,537.613764270783,253.27673259366455,396.1141479756506,288.1852701369799,-3.88585202434939,-11.81472986302009,-0.077127799526786,0.23643340983572084,0.0,0.0,world_xy,1,0.9467335117929543,0.31685377047263036,1.5,0.9367745836676913,0.34993339279672003,0.25,-0.009958928125263,0.033079622324089675,0.03454622501096996
15.568731546401978,1.44,slow,drone,tracking,1,1,506.587518160571,257.97062725033163,537.0076534766324,253.00765347663244,396.03509048269103,288.1504019508325,-3.9649095173089677,-11.849598049167525,-0.07832151447745235,0.23674061296691715,0.0,0.0,world_xy,1,0.9459622337976864,0.3192181045709876,1.5,0.9358968236779348,0.35227423327508994,0.25,-0.010065410119751594,0.03305612870410235,0.03455459630470275
15.658794164657593,1.45,slow,drone,tracking,1,1,506.4266213751022,257.5883500031452,537.0998832749707,252.6354844088711,396.00987187565636,288.156333870102,-3.9901281243436415,-11.843666129897997,-0.07913609088263361,0.23681360326399067,0.0,0.0,world_xy,1,0.9451790186529119,0.3215855107006568,1.5,0.935013214336077,0.3546128720406486,0.25,-0.010165804316834892,0.033027361339991845,0.03455647803944387
15.718748092651367,1.46,slow,drone,tracking,1,1,506.34513941220797,257.4552248178849,536.6348133848134,252.29890604890605,395.9771398564677,288.16776941478497,-4.022860143532284,-11.83223058521503,-0.07986270247604026,0.2367206579061611,0.0,0.0,world_xy,1,0.9443876577440855,0.3239536467332967,1.5,0.9341237611646731,0.35694929447691137,0.25,-0.010263896579412402,0.03299564774361469,0.03455517823732904
15.783720970153809,1.47,slow,drone,tracking,1,1,506.1966585013504,257.1325293637334,536.5300442757748,252.01470588235293,395.9168023910848,288.20760290245937,-4.0831976089152136,-11.79239709754063,-0.08085338981228546,0.23624066413071945,0.0,0.0,world_xy,1,0.9435890307193251,0.32632085331235827,1.5,0.9332284697228027,0.3592834859812456,0.25,-0.010360560996522383,0.032962632668887326,0.034552516212667625
15.867683410644531,1.48,slow,drone,tracking,1,1,506.1328570533308,256.844331641286,536.6081757957666,251.64679269671998,395.8957344588244,288.2194941127709,-4.104265541175607,-11.780505887229083,-0.08153094636846013,0.23589386361834364,0.0,0.0,world_xy,1,0.9427804968212022,0.3286832599536655,1.5,0.9323273456060345,0.361615431964962,0.25,-0.010453151215167766,0.0329321720112965,0.034551357769395746
15.947051048278809,1.49,slow,drone,tracking,1,1,506.0080675422139,256.69487179487174,536.6192084942085,251.29938867438867,395.85292452444736,288.22653755683575,-4.14707547555264,-11.773462443164249,-0.0823067560968861,0.2356603255030614,0.0,0.0,world_xy,1,0.9419651873575177,0.3310421985898489,1.5,0.931420394446391,0.3639451178534057,0.25,-0.010544792911126644,0.03290291926355682,0.03455133504805111
16.05065155029297,1.5,slow,drone,tracking,1,1,506.01114869096824,256.2805336339722,536.5300442757748,251.01470588235293,395.8211332294529,288.24585208140013,-4.178866770547074,-11.75414791859987,-0.08300557471961657,0.2353427735809762,0.0,0.0,world_xy,1,0.9411421197965488,0.3333988018448795,1.5,0.9305076219123143,0.36627252908604757,0.25,-0.01063449788423454,0.03287372724116805,0.03455104177845443
16.17869234085083,1.51,slow,drone,tracking,1,1,505.898076802606,256.03313913424796,536.5932395277373,250.63140870127768,395.79953539138603,288.2499489280732,-4.20046460861397,-11.750051071926805,-0.08355761931858112,0.23515480990263413,0.0,0.0,world_xy,1,0.9403120640493526,0.3357522295806893,1.5,0.9295890337086296,0.36859765111657494,0.25,-0.010723030340723083,0.032845421535885655,0.03455148470844761
16.311320543289185,1.52,slow,drone,tracking,1,1,505.8371919342793,255.85094597958673,536.613764270783,250.27673259366455,395.77762797728474,288.2510169897104,-4.222372022715263,-11.748983010289578,-0.0840470209432294,0.23505847756937073,0.0,0.0,world_xy,1,0.9394764878561668,0.3381037776797156,1.5,0.9286646355765102,0.3709204694129827,0.25,-0.01081185227965653,0.03281669173326707,0.034551865449399304
16.470658540725708,1.53,slow,drone,tracking,1,1,505.63634644478066,255.62890821986886,536.0153144346692,250.0,395.74857159531933,288.2619510344626,-4.2514284046806665,-11.738048965537416,-0.08458687187594055,0.2348948535271284,0.0,0.0,world_xy,1,0.9386360176467344,0.34045436245540933,1.5,0.9277344332934415,0.373240969457664,0.25,-0.010901584353292915,0.032786607002254664,0.03455149982464228
16.552467584609985,1.54,slow,drone,tracking,1,1,505.4103628246242,255.23001949317737,536.092,249.6278333333333,395.7192447985059,288.26333420876006,-4.280755201494117,-11.736665791239943,-0.08515239956060854,0.23480600779084718,0.0,0.0,world_xy,1,0.9377901489279751,0.3428033109906806,1.5,0.9267984326731847,0.37555913674750124,0.25,-0.01099171625479034,0.03275582575682062,0.034550860296626705
16.65069031715393,1.55,slow,drone,tracking,1,1,505.371108187684,255.15078619307147,536.1241505055527,249.28526437924745,395.7002305290495,288.2807376929586,-4.29976947095048,-11.71926230704139,-0.08561604398272912,0.23457458888333652,0.0,0.0,world_xy,1,0.936938624932369,0.3451513710685891,1.5,0.9258566395657406,0.3778749567939563,0.25,-0.01108198536662841,0.032723585725367155,0.03454914561015394
16.70683717727661,1.56,slow,drone,tracking,1,1,505.3042442480095,254.72051908971224,535.5300442757748,249.01470588235293,395.67371044077566,288.2867055328933,-4.326289559224335,-11.71329446710672,-0.0861164049436958,0.23440480413567535,0.0,0.0,world_xy,1,0.9360824644925417,0.34749711695742247,1.5,0.924909059857313,0.3801884151231614,0.25,-0.011173404635228756,0.03269129816573896,0.034548023777110595
16.783023595809937,1.57,slow,drone,tracking,1,1,505.1215317011927,254.29585687382297,535.586045005666,248.61599481949165,395.6536955671865,288.30000408446676,-4.346304432813497,-11.699995915533236,-0.08656173098561157,0.2341821169319195,0.0,0.0,world_xy,1,0.9352213004431048,0.3498411649987792,1.5,0.9239556994702721,0.3824994972760097,0.25,-0.01126560097283269,0.03265833227723047,0.03454678613719491
16.887216567993164,1.58,slow,drone,tracking,1,1,505.1573987393122,254.3673469387755,535.6215043394407,248.28415300546447,395.61472285936065,288.31173871681284,-4.385277140639346,-11.68826128318716,-0.08719082749055801,0.23395282673442253,0.0,0.0,world_xy,1,0.9343556831332487,0.3521829861680984,1.5,0.9229965643631173,0.384808188808245,0.25,-0.011359118770131404,0.03262520264014662,0.034546105808680984
16.980586767196655,1.59,slow,drone,tracking,1,1,504.924511822322,253.92613388233823,535.5,248.0,395.5926613322127,288.3158708758659,-4.4073386677873145,-11.684129124134074,-0.08771659771641158,0.23380419239596495,0.0,0.0,world_xy,1,0.9334837748583431,0.35452251443544264,1.5,0.9220316605304396,0.387114475290553,0.25,-0.011452114327903495,0.03259196085511035,0.034545431462936135
17.12996768951416,1.6,slow,drone,tracking,1,1,504.8634635757462,253.58521842088862,535.5853540252182,247.62398965405754,395.52951777715566,288.36100223964166,-4.470482222844339,-11.638997760358336,-0.08864777342367294,0.23324086194212595,0.0,0.0,world_xy,1,0.932606608881179,0.3568605563594023,1.5,0.9210609940028851,0.3894183423086505,0.25,-0.011545614878293864,0.03255778594924824,0.03454432875067841
17.218135595321655,1.61,slow,drone,tracking,1,1,504.6376564277588,253.56345594741495,535.1241505055527,247.28526437924745,395.50899387576555,288.3632020997375,-4.4910061242344455,-11.63679790026248,-0.08929256540723172,0.23296316477684392,0.0,0.0,world_xy,1,0.9317201311469422,0.3591929649788235,1.5,0.9200845708471163,0.3917197754633762,0.25,-0.011635560299825931,0.03252681048455269,0.034545327669438776
17.570810556411743,1.62,slow,drone,tracking,1,1,504.56672944130565,253.11613308223474,535.0076534766324,247.00765347663244,395.4778781196402,288.373219223634,-4.522121880359805,-11.62678077636599,-0.08992499511721214,0.23272801268960566,0.0,0.0,world_xy,1,0.9308272054928699,0.361522596626592,1.5,0.9191023971657747,0.39401876037078043,0.25,-0.011724808327095215,0.032496163744188455,0.03454666103107838
17.688180446624756,1.6300000000000001,slow,drone,tracking,1,1,504.4795431726907,252.84205572289156,535.0770770770771,246.61194527861193,395.4515592733891,288.379913198698,-4.54844072661092,-11.620086801302023,-0.09049909579546558,0.2325485605246448,0.0,0.0,world_xy,1,0.9299279555416978,0.363849876753488,1.5,0.9181144790974428,0.39631528266221494,0.25,-0.011813476444255011,0.03246540590872693,0.034547949382233524
17.75872278213501,1.6400000000000001,slow,drone,tracking,1,1,504.37026604068853,252.67655712050075,535.1260142407683,246.26958105646628,395.43830055295024,288.39093231609155,-4.561699447049762,-11.60906768390845,-0.09090328702550689,0.23234659675908312,0.0,0.0,world_xy,1,0.9290229645837431,0.36617536235873444,1.5,0.9171208228166051,0.39860932798442295,0.25,-0.011902141767137997,0.03243396562568851,0.03454885099179703
17.941274642944336,1.6500000000000001,slow,drone,tracking,1,1,504.2525973213167,252.41169107522842,534.5,246.0,395.3598713661221,288.36547429365174,-4.640128633877907,-11.634525706348256,-0.09194789413413508,0.23253575131141824,0.0,0.0,world_xy,1,0.928113931713488,0.36849882832632525,1.5,0.9161214345336103,0.40090088199962853,0.25,-0.011992497179877715,0.03240205367330329,0.03455015297877857
18.432748079299927,1.6600000000000001,slow,drone,tracking,1,1,504.1137829544743,252.03857473855595,534.586045005666,245.61599481949165,395.3400860282831,288.3817578017848,-4.65991397171689,-11.618242198215228,-0.09263560604924656,0.2324417522705057,0.0,0.0,world_xy,1,0.9271944527721466,0.37082418583943944,1.5,0.9151163204946318,0.40318993038562667,0.25,-0.012078132277514864,0.032365744546187236,0.03454595054911929
18.69494605064392,1.67,slow,drone,tracking,1,1,504.0542910447761,251.90995024875622,534.5147058823529,245.01470588235293,395.3237911815343,288.39069129533976,-4.676208818465682,-11.609308704660236,-0.09312431972528344,0.23230118427299018,0.0,0.0,world_xy,1,0.9262680967116541,0.3731486033621445,1.5,0.914105486981629,0.4054764588358723,0.25,-0.012162609730025142,0.032327855473727796,0.0345401116815672
18.852320432662964,1.68,slow,drone,tracking,1,1,503.78798787419476,251.67784514336236,534.0076534766324,245.00765347663244,395.3113469092352,288.3992634226915,-4.688653090764774,-11.60073657730851,-0.09348112787479007,0.2321436352732392,0.0,0.0,world_xy,1,0.9253368535144013,0.37547161520487443,1.5,0.9130889403123083,0.40776045305957015,0.25,-0.012247913202093064,0.03228883785469572,0.03453375780034424
19.09213900566101,1.69,slow,drone,tracking,1,1,503.9379961247577,251.3698981186324,534.0,244.5,395.26330012315196,288.4143918567935,-4.736699876848036,-11.585608143206514,-0.09417020618898393,0.23190632544822928,0.0,0.0,world_xy,1,0.9244020422356534,0.37779305155760684,1.5,0.9120666868400829,0.4100418987817638,0.25,-0.012335355395570513,0.03224884722415694,0.03452751279808677
19.210665464401245,1.7,slow,drone,tracking,1,1,503.6677318295739,251.1720551378446,533.5300442757748,244.0290955091714,395.25299531371274,288.4206161621467,-4.747004686287255,-11.5793838378533,-0.09459364433420257,0.23173106866808948,0.0,0.0,world_xy,1,0.9234603401737635,0.3801121148120891,1.5,0.9110387329540337,0.41232078174342474,0.25,-0.012421607219729847,0.03220866693133562,0.03452092917948411
19.328026294708252,1.71,slow,drone,tracking,1,1,503.45270908061167,250.80857088918256,533.5153238546603,244.0,395.19241368036336,288.4736925070936,-4.807586319636641,-11.526307492906426,-0.09545058946639422,0.23106836332261096,0.0,0.0,world_xy,1,0.9225144037304215,0.38242942549877,1.5,0.9100050850788691,0.414597087701542,0.25,-0.012509318651552359,0.03216766220277201,0.03451436722174872
19.389692783355713,1.72,slow,drone,tracking,1,1,503.59490525007766,250.55843429636533,533.5079054604727,243.50741646291766,395.16796879561826,288.4892968503661,-4.832031204381735,-11.510703149633912,-0.0961051085080765,0.230598498141148,0.0,0.0,world_xy,1,0.9215598978357575,0.38474010913199613,1.5,0.9089657496748851,0.41687080242921076,0.25,-0.012594148160872454,0.03213069329721463,0.03451078120903206
19.581099271774292,1.73,slow,drone,tracking,1,1,503.310174781523,250.40649188514354,533.5223644697328,243.02212739054843,395.13391146928285,288.497967764541,-4.86608853071715,-11.502032235459012,-0.09677427266652307,0.23029167875356574,0.0,0.0,world_xy,1,0.9205988467506768,0.3870460941134076,1.5,0.9079207332379245,0.4191419117157213,0.25,-0.012678113512752276,0.03209581760231367,0.0345090722825639
19.766676425933838,1.74,slow,drone,tracking,1,1,503.13557842220143,250.01870907390085,533.5,243.0,395.1106206058907,288.50296054936587,-4.889379394109312,-11.497039450634134,-0.0973315960351378,0.23009868939608005,0.0,0.0,world_xy,1,0.9196311040240116,0.38934901090094326,1.5,0.9068700422993367,0.42141040136664804,0.25,-0.01276106172467495,0.032061390465704775,0.03450764342772988
19.91091012954712,1.75,slow,drone,tracking,1,1,503.3094972758791,249.6817731550272,533.0,242.5,395.0882006003059,288.5176763252864,-4.911799399694075,-11.482323674713598,-0.09782901161244684,0.22984997065008558,0.0,0.0,world_xy,1,0.9186577880636603,0.39164999779490406,1.5,0.9058136834259364,0.42367625720393803,0.25,-0.012844104637723897,0.032026259409033975,0.034505830169400904
19.99913787841797,1.76,slow,drone,tracking,1,1,502.8606531488851,249.71246288926787,533.0076534766324,242.00765347663244,395.0525126156434,288.51985211662463,-4.947487384356577,-11.480147883375366,-0.09844541645352343,0.22971411350966756,0.0,0.0,world_xy,1,0.9176794979475358,0.3939484975014049,1.5,0.9047516632199634,0.4259394650659996,0.25,-0.012927834727572418,0.031990967564594686,0.03450436083254371
20.129923343658447,1.77,slow,drone,tracking,1,1,502.78248587570624,249.28198367859383,533.0153144346692,242.0,395.02664681149264,288.5257358093903,-4.97335318850736,-11.474264190609688,-0.09900732247766651,0.229588257176057,0.0,0.0,world_xy,1,0.9166950437830006,0.3962456386365016,1.5,0.9036839883190404,0.4282000108077911,0.25,-0.013011055463960197,0.03195437217128949,0.03450173133550733
20.210922718048096,1.78,slow,drone,tracking,1,1,502.609425070688,248.9774426641533,533.0770770770771,241.61194527861193,395.0074281709881,288.5368255080589,-4.992571829011922,-11.463174491941118,-0.09947158523408108,0.2294096351405779,0.0,0.0,world_xy,1,0.915704970558224,0.39854152120826214,1.5,0.9026106653961321,0.43045788030090887,0.25,-0.013094305162091868,0.03191635909264673,0.03449804060245682
20.270050048828125,1.79,slow,drone,tracking,1,1,502.5516163321453,248.80203839179637,532.5223644697328,241.02212739054843,394.99144909759946,288.55484492728226,-5.008550902400543,-11.44515507271774,-0.09985627328174246,0.2291310416131552,0.0,0.0,world_xy,1,0.9147102547058832,0.4008356175596679,1.5,0.9015317011595033,0.432713059433676,0.25,-0.013178553546379868,0.031877441874008094,0.03449413825573218
20.354670763015747,1.8,slow,drone,tracking,1,1,502.3597824048021,248.53354592634275,532.5,241.0,394.9663045382863,288.5641492903452,-5.033695461713705,-11.435850709654801,-0.10030597305563486,0.22890332653212261,0.0,0.0,world_xy,1,0.9137116919730658,0.40312692797579947,1.5,0.9004471023526769,0.43496553411123023,0.25,-0.0132645896203889,0.03183860613543077,0.0344912478528165
20.41164493560791,1.81,slow,drone,tracking,1,1,502.25766679183874,248.17492802603576,532.5703415897684,240.60126274890723,394.9145267705961,288.5670520231214,-5.085473229403874,-11.432947976878609,-0.10107789339847831,0.22876892468511986,0.0,0.0,world_xy,1,0.9127086322425094,0.40541596124112067,1.5,0.8993568757543919,0.4372152902556122,0.25,-0.013351756488117483,0.031799329014491506,0.03448864635050017
20.492652893066406,1.82,slow,drone,tracking,1,1,502.20455819166824,248.009838719721,532.0076534766324,240.00765347663244,394.89481367293786,288.5834705532004,-5.1051863270621425,-11.416529446799586,-0.10164210162699881,0.2285278400230994,0.0,0.0,world_xy,1,0.9116978533085246,0.40770365048797186,1.5,0.8982610281785611,0.43946231380585327,0.25,-0.01343682512996347,0.03175866331788141,0.03448421327668306
20.58353900909424,1.83,slow,drone,tracking,1,1,501.93739745046065,247.79426984728005,532.0076534766324,240.00765347663244,394.8773838302444,288.59126580948043,-5.122616169755588,-11.408734190519567,-0.10208772359946093,0.22833360410610998,0.0,0.0,world_xy,1,0.9106814322922546,0.4099889288882029,1.5,0.8971595664742282,0.44170659071806356,0.25,-0.01352186581802639,0.03171766182986069,0.03447971761998802
20.670007467269897,1.84,slow,drone,tracking,1,1,501.8228851963746,247.39098690835849,532.0840840840841,239.61194527861193,394.81676908084006,288.6409668364816,-5.183230919159939,-11.359033163518404,-0.10295501573051674,0.22769948664645193,0.0,0.0,world_xy,1,0.90966055505626,0.412272264929264,1.5,0.8960524975255252,0.4439481069655198,0.25,-0.013608057530734796,0.031675842036255786,0.03447518235579933
20.743562936782837,1.85,slow,drone,tracking,1,1,501.7752900595798,247.3286296644716,532.0076534766324,239.00765347663244,394.78595981348224,288.65142893826123,-5.214040186517764,-11.348571061738767,-0.10368419913042792,0.2272990506700298,0.0,0.0,world_xy,1,0.9086310048989548,0.41454925979572854,1.5,0.8949398282516295,0.44618684853875257,0.25,-0.01369117664732522,0.031637588743024025,0.0344729653418586
20.851332664489746,1.86,slow,drone,tracking,1,1,501.5890204925738,246.98264084727703,531.507665560297,238.9925715188873,394.75962857259583,288.6712073725188,-5.24037142740417,-11.32879262748122,-0.10430197531013845,0.22690129170380688,0.0,0.0,world_xy,1,0.9075941629076505,0.41682225030242886,1.5,0.8938215656067205,0.44842280144563446,0.25,-0.013772597300929945,0.03160055114320559,0.034471426848448485
20.909618377685547,1.87,slow,drone,tracking,1,1,501.4467192587027,246.65934134735787,531.586045005666,238.61599481949165,394.7370583737531,288.67888890834485,-5.2629416262469135,-11.321111091655155,-0.10482824677827836,0.22663780327491978,0.0,0.0,world_xy,1,0.9065511431545491,0.41909126321946694,1.5,0.8926977165799361,0.450655951711467,0.25,-0.01385342657461297,0.03156468849200006,0.0344709586094613
20.99545645713806,1.8800000000000001,slow,drone,tracking,1,1,501.4648009950248,246.55677860696517,531.5147058823529,238.01470588235293,394.7169237593309,288.69286618925054,-5.283076240669118,-11.307133810749463,-0.10528654969758555,0.22636548339195797,0.0,0.0,world_xy,1,0.9055028606867663,0.42135764125221614,1.5,0.891568288195329,0.45288628537906833,0.25,-0.01393457249143737,0.03152864412685219,0.03447067900400011
21.05827832221985,1.8900000000000001,slow,drone,tracking,1,1,501.04947375055144,246.26425915421942,531.0076534766324,238.00765347663244,394.68633527684875,288.70030757737584,-5.313664723151248,-11.299692422624162,-0.10582925931857723,0.22616108417524686,0.0,0.0,world_xy,1,0.9044499951897905,0.42362129608613575,1.5,0.8904332875118228,0.45511378850886025,0.25,-0.014016707677967699,0.031492492422724505,0.03447093229265723
21.11647391319275,1.9000000000000001,slow,drone,tracking,1,1,500.99046175225817,245.91586128482092,531.0840840840841,237.61194527861193,394.66300128988576,288.7118009957218,-5.336998710114244,-11.288199004278226,-0.10633015250461643,0.22594267692592154,0.0,0.0,world_xy,1,0.9033917025966047,0.4258829069278882,1.5,0.8892927216231682,0.4573384471789555,0.25,-0.014098980973436537,0.03145554025106728,0.034470745233833276
21.18428635597229,1.9100000000000001,slow,drone,tracking,1,1,500.8765665344165,245.8498646010454,530.5300442757748,237.0290955091714,394.65259366919406,288.7150903858838,-5.3474063308059385,-11.284909614116202,-0.10667003826594272,0.2258082103719429,0.0,0.0,world_xy,1,0.9023284010715585,0.42814233369714744,1.5,0.8881465976578983,0.4595602474852446,0.25,-0.014181803413660266,0.03141791378809716,0.034470405493118465
21.24198007583618,1.92,slow,drone,tracking,1,1,500.7966622749231,245.4945730597904,530.5153238546603,237.0,394.6215731937221,288.7333730221265,-5.378426806277901,-11.2666269778735,-0.10716421208873113,0.22554659142398278,0.0,0.0,world_xy,1,0.9012617006888991,0.43040041580086685,1.5,0.8869949227792842,0.46177917554148284,0.25,-0.014266777909614947,0.03137875974061599,0.034469805841947816
21.301026344299316,1.93,slow,drone,tracking,1,1,500.6595838034348,245.19524884041618,530.5778642035326,236.6005509641873,394.5972560210554,288.7481165053076,-5.4027439789446134,-11.251883494692379,-0.10765407920831976,0.22526668458240842,0.0,0.0,world_xy,1,0.9001900585680118,0.43265588171510666,1.5,0.8858377041852901,0.4639952174793772,0.25,-0.014352354382721755,0.03133933576427056,0.03446946536389736
21.371729850769043,1.94,slow,drone,tracking,1,1,500.54951917072555,245.04327463469465,530.5147058823529,236.01470588235293,394.5718429546104,288.7516969283117,-5.428157045389582,-11.248303071688326,-0.1081540631430293,0.2251013418506554,0.0,0.0,world_xy,1,0.8991135177759286,0.43490854856093075,1.5,0.8846749491085283,0.4662083594486727,0.25,-0.014438568667400342,0.031299810887741975,0.034469557971805294
21.475234508514404,1.95,slow,drone,tracking,1,1,500.44533732012707,244.7891982806952,530.0153144346692,236.0,394.5198304253381,288.799459276388,-5.480169574661886,-11.200540723611994,-0.10895119373564395,0.22450155179252687,0.0,0.0,world_xy,1,0.8980319771444983,0.4371595619794373,1.5,0.8835066648162144,0.46841858761723926,0.25,-0.014525312328283912,0.031259025637801974,0.03446899160200306
21.550454139709473,1.96,slow,drone,tracking,1,1,500.1355953502984,244.41294376374486,530.0840840840841,235.61194527861193,394.48968331815314,288.8048646628833,-5.510316681846859,-11.19513533711671,-0.10964152068135523,0.2241721870149209,0.0,0.0,world_xy,1,0.8969424652071419,0.43940457749736256,1.5,0.8823328586101215,0.470625888171158,0.25,-0.014609606597020486,0.031221310673795466,0.03447043436206395
21.629313707351685,1.97,slow,drone,tracking,1,1,500.14141223771827,244.37404196507097,530.0076534766324,235.00765347663244,394.4730610243116,288.8130794740652,-5.526938975688381,-11.186920525934795,-0.11013501303918205,0.22393360994199718,0.0,0.0,world_xy,1,0.8958460500003284,0.44164629936751176,1.5,0.8811535378265344,0.47283024731480766,0.25,-0.01469251217379397,0.031183947947295898,0.03447185117681881
21.691810607910156,1.98,slow,drone,tracking,1,1,499.98394711992444,244.01938936103238,530.0,235.0,394.4427995795375,288.82367437514597,-5.557200420462493,-11.17632562485403,-0.11068996049271934,0.22370970634729306,0.0,0.0,world_xy,1,0.8947446998699365,0.4438856354669317,1.5,0.8799687098362042,0.4750316512709508,0.25,-0.014775990033732311,0.0311460158040191,0.034473238634354676
21.85460925102234,1.99,slow,drone,tracking,1,1,499.80427961847386,243.6453940763052,529.5928444228589,234.61599481949165,394.41706667600994,288.84433505016176,-5.582933323990062,-11.15566494983824,-0.11122274878561438,0.2233816823045025,0.0,0.0,world_xy,1,0.8936378002650094,0.44612273253040463,1.5,0.878778382044302,0.47723008628081975,0.25,-0.014859418220707354,0.031107353750415123,0.03447418987026897
21.93832039833069,2.0,slow,drone,tracking,1,1,499.7780274656679,243.5616104868914,529.6154710319371,234.24634890065798,394.36947552100656,288.8261229873184,-5.630524478993436,-11.1738770126816,-0.11198600622245426,0.22343440417652374,0.0,0.0,world_xy,1,0.8925255727771533,0.44835654935344965,1.5,0.8775825618903728,0.479425538604203,0.25,-0.014943010886780517,0.031068989250753354,0.034475725770835755
22.052978038787842,2.0100000000000002,slow,drone,tracking,1,1,499.5593029792018,243.16576103928546,529.5,234.0,394.3447247559189,288.8404500545644,-5.6552752440811105,-11.159549945435572,-0.11260173048499664,0.22330053127922697,0.0,0.0,world_xy,1,0.8914057127149287,0.4505908933952149,1.5,0.8763812568482883,0.48161799451953063,0.25,-0.015024455866640474,0.031027101124315726,0.034473399575138244
22.20806622505188,2.02,slow,drone,tracking,1,1,499.3054871503441,243.02380501357578,529.0751503006012,233.59602538410152,394.3120407174584,288.84467713787086,-5.6879592825416125,-11.15532286212914,-0.11323833082620624,0.22319379055907265,0.0,0.0,world_xy,1,0.8902796954100788,0.45282389870800716,1.5,0.8751744744262013,0.48380744032396017,0.25,-0.015105220983877454,0.030983541615953014,0.034469516272197145
22.353931188583374,2.0300000000000002,slow,drone,tracking,1,1,499.244595274007,242.88857466063348,529.1267559081143,233.2383077177326,394.29711857779023,288.8631951861514,-5.702881422209771,-11.136804813848585,-0.11368894451610029,0.22294205870391715,0.0,0.0,world_xy,1,0.8891473121018167,0.4550558366135979,1.5,0.8739622221664981,0.48599386233346265,0.25,-0.01518508993531864,0.03093802571986476,0.034463725738618695
22.444020748138428,2.04,slow,drone,tracking,1,1,499.0830356583317,242.55185811869399,529.0076534766324,233.00765347663244,394.2771737544572,288.8706631417383,-5.722826245542819,-11.129336858261695,-0.11411111373321614,0.22274663185764138,0.0,0.0,world_xy,1,0.8880104226566558,0.45728525720063706,1.5,0.8727445076457513,0.4881772468829075,0.25,-0.015265915010904463,0.030891989682270415,0.034458136740828864
22.53793740272522,2.05,slow,drone,tracking,1,1,498.9025863696432,242.20747592977156,528.5928444228589,232.61599481949165,394.24613193727055,288.8860971524288,-5.7538680627294525,-11.113902847571183,-0.11464254986997124,0.22248891565922166,0.0,0.0,world_xy,1,0.8868693115193236,0.45951272351921346,1.5,0.8715213384746726,0.49035758032614846,0.25,-0.015347973044650964,0.030844856806934995,0.0344523652021114
22.719566822052002,2.06,slow,drone,tracking,1,1,498.9241997118336,242.09998120654012,528.6154710319371,232.24634890065798,394.2247715795312,288.91132907143066,-5.775228420468807,-11.088670928569343,-0.11511666006664394,0.22209539226091252,0.0,0.0,world_xy,1,0.8857228860206239,0.46173761267580565,1.5,0.8702927222980654,0.49253484903610867,0.25,-0.015430163722558454,0.030797236360303015,0.03444647616139174
22.85425353050232,2.07,slow,drone,tracking,1,1,498.72646525301803,241.77250265840993,528.5,232.0,394.16066281580015,288.961106248906,-5.839337184199849,-11.038893751094008,-0.11603520605618811,0.22137075777944476,0.0,0.0,world_xy,1,0.8845717194199575,0.4639585665984148,1.5,0.869058666794777,0.4947090394048656,0.25,-0.015513052625180546,0.030750472806450824,0.03444192764018722
23.066323041915894,2.08,slow,drone,tracking,1,1,498.4574172352792,241.49241849886278,528.0751503006012,231.59602538410152,394.1455591337627,288.9719791374965,-5.854440866237326,-11.028020862503524,-0.11661469225389524,0.22092507048828894,0.0,0.0,world_xy,1,0.8834113673593956,0.4661722741762092,1.5,0.8678191796776499,0.49688013784373675,0.25,-0.01559218768174575,0.030707863667527535,0.03443964587109225
23.154937982559204,2.09,slow,drone,tracking,1,1,498.30937558951143,241.41300383575424,528.1267559081143,231.2383077177326,394.12429398310223,288.9865039910377,-5.875706016897766,-11.013496008962306,-0.1171093777001283,0.2205647378183154,0.0,0.0,world_xy,1,0.8822452204368567,0.4683815248810921,1.5,0.8665742686934749,0.4990481307833637,0.25,-0.015670951743381845,0.030666605902271604,0.03443863304645877
23.253734350204468,2.1,slow,drone,tracking,1,1,498.2628410159925,241.1041705863907,527.5223644697328,231.02212739054843,394.0921828133935,288.98685270123593,-5.907817186606508,-11.013147298764068,-0.11768520901772933,0.22039875230464667,0.0,0.0,world_xy,1,0.8810741266598554,0.4705871722592752,1.5,0.8653239416229412,0.5012130046737978,0.25,-0.015750185036914166,0.030625832414522602,0.03443849502779496
23.344760417938232,2.11,slow,drone,tracking,1,1,498.0763497432043,240.73562570462232,527.5,231.0,394.0534138655462,289.0100665266107,-5.94658613445381,-10.989933473389328,-0.11837079153697012,0.22006870674437362,0.0,0.0,world_xy,1,0.8798972745696781,0.47279115978232167,1.5,0.8640682062805894,0.5033747459845843,0.25,-0.0158290682890887,0.030583586202262647,0.03443711875131053
23.441650867462158,2.12,slow,drone,tracking,1,1,498.08557884231533,240.64308882235525,527.6227141482194,230.23837022778312,394.03927095734997,289.0237586665733,-5.96072904265003,-10.976241333426685,-0.11883487566078689,0.2197695727026617,0.0,0.0,world_xy,1,0.8787135666543084,0.4749918468497654,1.5,0.862807070514761,0.5055333412048469,0.25,-0.01590649613954742,0.030541494355081522,0.03443543954821709
23.52953600883484,2.13,slow,drone,tracking,1,1,497.8851372475458,240.28274870255734,527.0076534766324,230.00765347663244,394.0136573749825,289.03747023392634,-5.986342625017528,-10.962529766073658,-0.11932546292254692,0.219484135143008,0.0,0.0,world_xy,1,0.8775252178977005,0.477189542576792,1.5,0.8615405422075505,0.5076887768433727,0.25,-0.015984675690150052,0.030499234266580633,0.034434185742762094
23.621427297592163,2.14,slow,drone,tracking,1,1,497.52902249952734,240.10808596458054,527.0908483633934,229.6117234468938,393.9903176103933,289.04293168049867,-6.0096823896067235,-10.957068319501332,-0.11980296460082007,0.21929561232886827,0.0,0.0,world_xy,1,0.8763319632684751,0.4793843839282221,1.5,0.8602686292747557,0.5098410394286959,0.25,-0.016063333993719398,0.030456655500473773,0.03443310272496977
23.70409655570984,2.15,slow,drone,tracking,1,1,497.27482370878596,239.87084683311096,527.1999342861836,229.33431904057827,393.96857713045307,289.05414536797144,-6.03142286954693,-10.945854632028556,-0.12025698563538527,0.21908742650030483,0.0,0.0,world_xy,1,0.8751339336224668,0.48157734005151076,1.5,0.8589913396658283,0.511990115509182,0.25,-0.01614259395663853,0.030412775457671293,0.03443138467572334
23.778719902038574,2.16,slow,drone,tracking,1,1,497.32925221322284,239.5889998116406,527.0076534766324,229.00765347663244,393.9457614062117,289.0646906404286,-6.054238593788284,-10.93530935957142,-0.12071226806759448,0.2188777448804228,0.0,0.0,world_xy,1,0.873931363766113,0.4837682143165138,1.5,0.8577086813638242,0.5141359916531131,0.25,-0.016222682402288857,0.03036777733659929,0.03442930909400893
23.851181745529175,2.17,slow,drone,tracking,1,1,497.190781210751,239.32856066314997,526.5,229.0,393.925612745098,289.09903127917835,-6.074387254901978,-10.900968720821652,-0.12113878043433929,0.21840564112522842,0.0,0.0,world_xy,1,0.8727242410854371,0.48595699176531804,1.5,0.8564206623853535,0.5162786544487699,0.25,-0.016303578700083587,0.030321662683451822,0.03442687767310382
23.9173104763031,2.18,slow,drone,tracking,1,1,496.91553202218853,239.08711548159351,526.683086242627,228.3244061852383,393.8496290199237,289.14939026170003,-6.150370980076275,-10.850609738299966,-0.12216653197629171,0.2176392456276524,0.0,0.0,world_xy,1,0.8715128532810937,0.48814104817657034,1.5,0.8551272907805307,0.518418090504517,0.25,-0.016385562500563,0.0302770423279467,0.034426529749426275
23.976902961730957,2.19,slow,drone,tracking,1,1,497.0123433701141,238.8298734492862,526.0076534766324,228.00765347663244,393.8220825234501,289.16861914184483,-6.177917476549908,-10.831380858155171,-0.12293203163138026,0.21708284997215047,0.0,0.0,world_xy,1,0.8702911879613309,0.4903174406328469,1.5,0.8538285746329243,0.5205542864488859,0.25,-0.016462613328406595,0.030236845816039026,0.034427960765975485
24.047295093536377,2.2,slow,drone,tracking,1,1,496.64665782995644,238.6678659344821,526.0076534766324,228.00765347663244,393.8080104128362,289.1735686727719,-6.191989587163789,-10.826431327228079,-0.1234312996929228,0.21677802708697658,0.0,0.0,world_xy,1,0.869061867645017,0.4924882691325684,1.5,0.8525245220595057,0.5226872289306592,0.25,-0.016537345585511343,0.03019895979809084,0.034430523840065785
24.121816396713257,2.21,slow,drone,tracking,1,1,496.3397448105123,238.49425506252777,526.1987526669949,227.3187264073527,393.7835285603394,289.18257372810626,-6.216471439660609,-10.817426271893737,-0.12392527069808196,0.21654180117997057,0.0,0.0,world_xy,1,0.8678275546480878,0.49465604940343816,1.5,0.8512151412105995,0.524816904618953,0.25,-0.016612413437488316,0.03016085521551487,0.034433261064692855
24.175899505615234,2.22,slow,drone,tracking,1,1,496.4491854636591,238.23627819548872,526.0076534766324,227.00765347663244,393.7697057776377,289.1914750806908,-6.230294222362318,-10.808524919309207,-0.12429960826012237,0.21633758464338804,0.0,0.0,world_xy,1,0.866588301941107,0.49682146741523786,1.5,0.8499004402698315,0.5269433002033014,0.25,-0.01668786167127556,0.03012183278806352,0.03443558533946659
24.245821237564087,2.23,slow,drone,tracking,1,1,496.23276347924104,237.85221366397394,525.5,227.0,393.7406052117073,289.1971169278356,-6.2593947882926955,-10.802883072164377,-0.12478816638827471,0.21618362688333279,0.0,0.0,world_xy,1,0.8653453058585058,0.49898484326167175,1.5,0.8485804274540785,0.5290664023937387,0.25,-0.016764878404427308,0.03008155913206695,0.03443778953027145
24.3268780708313,2.24,slow,drone,tracking,1,1,496.0993054251924,237.5302546774294,525.5608568646543,226.5777345017851,393.7203674200645,289.2191098116797,-6.27963257993548,-10.780890188320313,-0.12523063325401393,0.21587242416902322,0.0,0.0,world_xy,1,0.864097424194623,0.5011466795305051,1.5,0.8472551110134161,0.5311861979208834,0.25,-0.01684231318120688,0.030039518390378328,0.03443887597497533
24.39811658859253,2.25,slow,drone,tracking,1,1,495.96089950097905,237.50078959004483,525.0076534766324,226.00765347663244,393.692848680102,289.22909553575073,-6.307151319898026,-10.77090446424927,-0.12573244948318454,0.21562253998280242,0.0,0.0,world_xy,1,0.8628451178620828,0.5033054037721953,1.5,0.8459244992310679,0.5333026735360201,0.25,-0.016920618631014905,0.029997269763824774,0.034440434494064164
24.472368478775024,2.2600000000000002,slow,drone,tracking,1,1,495.7846802618328,237.191779959718,525.0076534766324,226.00765347663244,393.6745052033175,289.2398895717696,-6.325494796682506,-10.760110428230405,-0.1261600450309406,0.21539135770279555,0.0,0.0,world_xy,1,0.861587793367251,0.5054616291720234,1.5,0.8445886004233532,0.5354158160111834,0.25,-0.016999192943897845,0.029954186839159958,0.03444162989666967
24.554326057434082,2.27,slow,drone,tracking,1,1,495.5259006877405,236.873430500347,524.5836979419867,225.6005509641873,393.6523728645386,289.24955496022363,-6.34762713546138,-10.750445039776366,-0.12659591875399845,0.21518100640379803,0.0,0.0,world_xy,1,0.8603261929169416,0.5076155427490514,1.5,0.8432474229396352,0.5375256121392393,0.25,-0.017078769977306396,0.02991006939018792,0.03444265719806761
24.675764322280884,2.2800000000000002,slow,drone,tracking,1,1,495.5446176967875,236.71876761224874,524.6225961538462,225.2386217948718,393.6210176771655,289.26279975022027,-6.378982322834474,-10.737200249779733,-0.12713696899047855,0.2149406556292862,0.0,0.0,world_xy,1,0.8590602337294015,0.5097673528130894,1.5,0.8419009751622687,0.5396320487339693,0.25,-0.01715925856713285,0.029864695920879925,0.034443289869295936
24.747028827667236,2.29,slow,drone,tracking,1,1,495.35230759596715,236.5161249921723,524.5,225.0,393.6084896024839,289.2701369799053,-6.391510397516072,-10.729863020094683,-0.12751825041839213,0.2147517882542203,0.0,0.0,world_xy,1,0.8577888640394967,0.5119167593693822,1.5,0.8405492655065481,0.5417351126301512,0.25,-0.017239598532948652,0.02981835326076898,0.03444325694183489
24.83516550064087,2.3000000000000003,slow,drone,tracking,1,1,495.155505533671,236.10191958982054,524.0076534766324,225.00765347663244,393.58639305703895,289.29811659925645,-6.413606942961053,-10.701883400743554,-0.12793288906084804,0.21435902212257824,0.0,0.0,world_xy,1,0.8565136815353128,0.5140642772519244,1.5,0.8391923024206541,0.5438347906836426,0.25,-0.017321379114658697,0.029770513431718215,0.03444290412293727
25.17361307144165,2.31,slow,drone,tracking,1,1,494.8131149622294,236.0504665777947,524.1890915064891,224.30277640873993,393.5294838145232,289.3463167104112,-6.470516185476811,-10.653683289588798,-0.12874547811762654,0.213652076140637,0.0,0.0,world_xy,1,0.8552343526447044,0.5162078674731502,1.5,0.8378300943856019,0.5459310697714626,0.25,-0.017404258259102523,0.02972320229831238,0.034443823254916704
25.25234293937683,2.32,slow,drone,tracking,1,1,494.86096391622505,235.7870300277567,524.0076534766324,224.00765347663244,393.49947504724577,289.35558549730524,-6.500524952754233,-10.644414502694758,-0.1294412396332285,0.21323199379292898,0.0,0.0,world_xy,1,0.8539468978635281,0.5183443882345565,1.5,0.8364626499151869,0.5480239367918736,0.25,-0.017484247948341136,0.029679548557317026,0.034446691116640074
25.362953662872314,2.33,slow,drone,tracking,1,1,494.6288536554674,235.56241348936703,523.5836979419867,223.6005509641873,393.4822366118306,289.3610080504025,-6.517763388169385,-10.638991949597482,-0.12994395510481607,0.21298330865239035,0.0,0.0,world_xy,1,0.8526524854671957,0.5204767081724858,1.5,0.835089977555933,0.5501133786644635,0.25,-0.017562507911262792,0.029636670491977712,0.03444958522222337
25.47514009475708,2.34,slow,drone,tracking,1,1,494.3614313614313,235.30926730926728,523.6819923371647,223.316091954023,393.4513300665033,289.36510325516275,-6.548669933496683,-10.63489674483725,-0.13051014906563074,0.2128263530867854,0.0,0.0,world_xy,1,0.8513530459161476,0.5226065412590097,1.5,0.8337120858870376,0.5521993823302276,0.25,-0.017640960029109976,0.029592841071217846,0.03445199142887118
25.574618339538574,2.35,slow,drone,tracking,1,1,494.4297819314641,235.01314641744545,523.0076534766324,223.00765347663244,393.4414616219243,289.3757656364846,-6.558538378075696,-10.624234363515427,-0.13087348923836647,0.21263843688772313,0.0,0.0,world_xy,1,0.8500479444254913,0.5247348047898776,1.5,0.8323289835203194,0.5542819347516497,0.25,-0.017718960905171888,0.02954712996177211,0.034452786019955786
25.72185516357422,2.36,slow,drone,tracking,1,1,494.1115335868187,234.81989860583013,523.0076534766324,223.00765347663244,393.40807755573445,289.4019528925909,-6.591922444265549,-10.598047107409116,-0.13140421704418598,0.2122658147809757,0.0,0.0,world_xy,1,0.8487392095331076,0.5268611891587548,1.5,0.8309406791001636,0.5563610229127838,0.25,-0.017798530432943993,0.02949983375402898,0.03445327092001253
25.844638109207153,2.37,slow,drone,tracking,1,1,493.84949109414754,234.6878498727735,523.1890915064891,222.30277640873993,393.3561318414494,289.3764088555802,-6.643868158550617,-10.623591144419777,-0.13221444741394048,0.2123791192400566,0.0,0.0,world_xy,1,0.8474251673626657,0.5289838473065646,1.5,0.8295471813034682,0.5584366338193358,0.25,-0.017877986059197548,0.02945278651277128,0.0344541582236418
26.104854822158813,2.38,slow,drone,tracking,1,1,493.9006464570388,234.42572020335155,523.0076534766324,222.00765347663244,393.3324987013593,289.3994735398318,-6.667501298640673,-10.600526460168226,-0.1328390156213206,0.21217639471987595,0.0,0.0,world_xy,1,0.8461030228885263,0.5311076384989651,1.5,0.8281484988395901,0.5605087544987442,0.25,-0.01795452404893627,0.029401115999779015,0.03444982664479304
26.36411762237549,2.39,slow,drone,tracking,1,1,493.6900992587008,234.05264480462367,522.5,222.0,393.3164440242543,289.41350794567876,-6.683555975745719,-10.58649205432124,-0.1332966727627972,0.21193079022147784,0.0,0.0,world_xy,1,0.8447746327323131,0.5332294024461639,1.5,0.82674464045029,0.5625773720002617,0.25,-0.018029992282023177,0.029347969554097797,0.034443924553367415
26.596938610076904,2.4,slow,drone,tracking,1,1,493.5307528498058,233.69911061004632,522.4848197343454,221.98576850094878,393.30164288423936,289.42288949196063,-6.698357115760643,-10.577110508039368,-0.1336654310166258,0.21171707118809807,0.0,0.0,world_xy,1,0.8434416660046852,0.5353487103483787,1.5,0.8253356149096783,0.5646424733950354,0.25,-0.018106051095006848,0.02929376304665665,0.034437677617526204
26.69170618057251,2.41,slow,drone,tracking,1,1,493.390243902439,233.85737694586246,522.0076534766324,221.00765347663244,393.2671266058473,289.4475885295371,-6.732873394152705,-10.552411470462914,-0.13421105129316135,0.21134920820973618,0.0,0.0,world_xy,1,0.8421050116945189,0.5374658810602597,1.5,0.82392143102416,0.5667040457761884,0.25,-0.018183580670358857,0.02923816471592866,0.034431277669456646
26.80372405052185,2.42,slow,drone,tracking,1,1,493.1382113821138,233.43732274532047,522.0076534766324,221.00765347663244,393.20690581284003,289.4960239613256,-6.793094187159966,-10.50397603867441,-0.13511900914068223,0.21065088011979982,0.0,0.0,world_xy,1,0.8407629011815873,0.539579373142357,1.5,0.82250209763238,0.5687620762589001,0.25,-0.018260803549207227,0.02918270311654303,0.03442509415311786
26.936416625976562,2.43,slow,drone,tracking,1,1,493.01995216515604,233.13192346424972,521.5735604217356,220.58507704785077,393.19756633034376,289.5146265414798,-6.802433669656239,-10.4853734585202,-0.1356303244795256,0.2101320040976321,0.0,0.0,world_xy,1,0.8394117110901804,0.541685881943555,1.5,0.8210776236051671,0.5708165519804865,0.25,-0.018334087485013306,0.029130670036931483,0.034419975315341224
27.095897436141968,2.44,slow,drone,tracking,1,1,492.64000505433404,232.9107910032853,521.6211538461539,220.22323717948717,393.1707194580705,289.52545550105117,-6.829280541929506,-10.47454449894883,-0.1361557319770111,0.20977939133237158,0.0,0.0,world_xy,1,0.8380554078453851,0.5437872019845313,1.5,0.8196480178454796,0.5728674601004813,0.25,-0.018407389999905543,0.029080258115949942,0.03441647016617037
27.23031187057495,2.45,slow,drone,tracking,1,1,492.7404556264864,232.76724245838025,521.5,220.0,393.1441177844745,289.5373537038335,-6.855882215525526,-10.462646296166497,-0.13668478376043577,0.2094898353573987,0.0,0.0,world_xy,1,0.8366938505256151,0.5458849958978551,1.5,0.8182132892883485,0.5749147878007153,0.25,-0.0184805612372666,0.029029791902860147,0.034413078350646366
27.300167083740234,2.46,slow,drone,tracking,1,1,492.5679151061173,232.35649188514356,521.0076534766324,220.00765347663244,393.12477955689474,289.54535580393116,-6.875220443105263,-10.454644196068841,-0.137135577566354,0.20927151206758665,0.0,0.0,world_xy,1,0.8353270026880107,0.5479798942514291,1.5,0.8167734469008229,0.5769585222853968,0.25,-0.01855355578718787,0.02897862803396767,0.03440923299173275
27.369828939437866,2.47,slow,drone,tracking,1,1,492.0617777777777,232.3623492063492,521.1890915064891,219.30277640873993,393.10621985542275,289.57010475423044,-6.893780144577249,-10.429895245769558,-0.13754259149520903,0.20890102813387912,0.0,0.0,world_xy,1,0.8339556469123472,0.550072609372105,1.5,0.8153284996819128,0.5789986507811923,0.25,-0.01862714723043446,0.028926041409087278,0.03440474510215871
27.458162546157837,2.48,slow,drone,tracking,1,1,492.2225995095265,232.09375589511413,521.0076534766324,219.00765347663244,393.09047802576407,289.58193476051997,-6.909521974235929,-10.418065239480029,-0.1378989078894393,0.20860418029452593,0.0,0.0,world_xy,1,0.8325802209973951,0.5521616196534438,1.5,0.8138784566625339,0.5810351605373051,0.25,-0.01870176433486126,0.028873540883861293,0.03440112428989347
27.54596734046936,2.49,slow,drone,tracking,1,1,492.00107282594973,231.77798813580713,520.5,219.0,393.0602572189515,289.5987699747687,-6.939742781048494,-10.401230025231314,-0.13839167914178113,0.20828541141008114,0.0,0.0,world_xy,1,0.8312012319185007,0.554247661456389,1.5,0.8124233269054502,0.583068038825556,0.25,-0.018777905013050544,0.028820377369166983,0.034398021285828945
27.653550624847412,2.5,slow,drone,tracking,1,1,491.7538840469875,231.64083617531892,520.6211538461539,218.22323717948717,393.02500350434536,289.6035008410429,-6.974996495654636,-10.396499158957113,-0.13900121706600252,0.20808992588306474,0.0,0.0,world_xy,1,0.8298173151270829,0.5563305155704898,1.5,0.8109631195052179,0.5850972729404622,0.25,-0.018854195621864966,0.028766757369972362,0.0343948691250659
27.8344509601593,2.5100000000000002,slow,drone,tracking,1,1,491.78972341886737,231.3097334082537,520.0076534766324,218.00765347663244,393.01123142696946,289.62533291281187,-6.988768573030541,-10.37466708718813,-0.1394270019830371,0.20776180460644855,0.0,0.0,world_xy,1,0.8284273029564229,0.5584114148293204,1.5,0.8094978435881285,0.5871228501993172,0.25,-0.018929459368294377,0.028711435369996763,0.03438998332336625
27.973453521728516,2.52,slow,drone,tracking,1,1,491.43997469955724,231.11391524351674,520.0076534766324,218.00765347663244,392.9824250919923,289.64215875240933,-7.017574908007703,-10.35784124759067,-0.1399354748804514,0.20742906579639922,0.0,0.0,world_xy,1,0.8270330329365925,0.5604890328753849,1.5,0.8080275083121519,0.5891447579422695,0.25,-0.019005524624440606,0.02865572506688463,0.0343854699743816
28.062556505203247,2.5300000000000002,slow,drone,tracking,1,1,491.3361053361053,230.9064449064449,520.0651955867603,217.5800735539953,392.97108813737515,289.65591379008237,-7.028911862624852,-10.344086209917634,-0.1402889941850765,0.20712802791747362,0.0,0.0,world_xy,1,0.825633678187788,0.5625633235333488,1.5,0.8065521228668785,0.5911629835324026,0.25,-0.019081555320909493,0.028599659999053784,0.034380900301277835
28.112149238586426,2.54,slow,drone,tracking,1,1,490.9588563458856,230.70964878914668,519.6133269261572,217.21608201185325,392.89663101011337,289.70935532251383,-7.103368989886633,-10.29064467748617,-0.1412671062720374,0.206404704015211,0.0,0.0,world_xy,1,0.8242307882459372,0.5646346038125235,1.5,0.8050716964734628,0.5931775143558129,0.25,-0.019159091772474435,0.02854291054328939,0.03437686052897091
28.2089684009552,2.5500000000000003,slow,drone,tracking,1,1,491.026050472791,230.43396580875446,519.0076534766324,217.00765347663244,392.8714029774097,289.71956208383665,-7.128597022590327,-10.28043791616335,-0.1419847650709104,0.20596693388464182,0.0,0.0,world_xy,1,0.8228181171832168,0.5666986508526756,1.5,0.8035862383845647,0.5951883378216895,0.25,-0.01923187879865218,0.028489686969013883,0.03437335342555985
28.301686763763428,2.56,slow,drone,tracking,1,1,490.66033915464436,230.2572133637054,519.0076534766324,217.00765347663244,392.84676087248357,289.7383016103708,-7.153239127516429,-10.261698389629203,-0.1425787746845904,0.20556380253401008,0.0,0.0,world_xy,1,0.8213982695325077,0.568758320191522,1.5,0.8020957578842925,0.5971954413623921,0.25,-0.01930251164821517,0.02843712117087016,0.03436941687629038
28.40137219429016,2.57,slow,drone,tracking,1,1,490.4057335367404,230.16310704296973,519.1869358279993,216.28721483669784,392.8383965727559,289.7480637121862,-7.161603427244074,-10.251936287813805,-0.1429380863077505,0.2052750103062564,0.0,0.0,world_xy,1,0.8199724817856618,0.5708139582168621,1.5,0.8006002642881448,0.5991988124335301,0.25,-0.019372217497517052,0.028384854216668032,0.03436542971756068
28.581617832183838,2.58,slow,drone,tracking,1,1,490.4323644142443,229.8743551025544,518.5223644697328,216.02212739054843,392.8057126515271,289.7714997752993,-7.194287348472926,-10.228500224700724,-0.1434592996716899,0.20488725710952338,0.0,0.0,world_xy,1,0.8185431009225843,0.5728667083199247,1.5,0.7990997669429512,0.6011984385140411,0.25,-0.01944333397963316,0.02833173019411639,0.034361754495889234
28.711429595947266,2.59,slow,drone,tracking,1,1,490.2927809165097,229.52887633396105,518.5,216.0,392.7937013756354,289.7859623319851,-7.206298624364592,-10.214037668014896,-0.14382596972027098,0.20455368004744942,0.0,0.0,world_xy,1,0.8171085079258674,0.5749155808910199,1.5,0.7975942752268155,0.6031943071062682,0.25,-0.019514232699051948,0.028278726215248295,0.03435828334171717
28.779438018798828,2.6,slow,drone,tracking,1,1,490.02053712480244,229.3874249605055,518.1198591774684,215.706993118899,392.7580092568273,289.79476224661914,-7.241990743172721,-10.205237753380857,-0.14438358454902187,0.20430677130854163,0.0,0.0,world_xy,1,0.8156702482286647,0.5769611176914944,1.5,0.7960837985490559,0.6051864057360395,0.25,-0.019586449679608875,0.02822528804454516,0.03435543474109147
28.84489345550537,2.61,slow,drone,tracking,1,1,489.8067109844887,229.24514086736306,518.0076534766324,215.00765347663244,392.7421194240657,289.8078137493507,-7.25788057593428,-10.192186250649286,-0.14480929938233691,0.20405209584598588,0.0,0.0,world_xy,1,0.8142264123831745,0.5790041854045798,1.5,0.7945683463501467,0.607174721952745,0.25,-0.019658066033027777,0.02817053654816526,0.03435140011077271
28.907689809799194,2.62,slow,drone,tracking,1,1,489.70468995908084,228.93050047214354,518.0,215.0,392.72289037107055,289.82902975450634,-7.277109628929452,-10.170970245493663,-0.14521239064027558,0.20370411583112394,0.0,0.0,world_xy,1,0.8127783193893511,0.5810447063630396,1.5,0.7930479281016595,0.6091592433294148,0.25,-0.019730391287691607,0.028114536966375225,0.03434698719246123
28.991771459579468,2.63,slow,drone,tracking,1,1,489.4680141040171,228.6107543130588,518.0651955867603,214.5800735539953,392.70281469031397,289.8505115231309,-7.297185309686029,-10.149488476869124,-0.14561461419467034,0.20331122536956614,0.0,0.0,world_xy,1,0.8113261954829484,0.5830817475213509,1.5,0.7915225533062031,0.6111399574627967,0.25,-0.01980364217674524,0.02805820994144581,0.034343083562528444
29.058863401412964,2.64,slow,drone,tracking,1,1,489.2212545752871,228.48504354411207,517.6108177308369,214.20099215874538,392.6851796730458,289.8668545981942,-7.314820326954191,-10.133145401805791,-0.14598959998409775,0.20295465083616848,0.0,0.0,world_xy,1,0.8098700493410017,0.5851148597750465,1.5,0.7899922314973651,0.6131168519734338,0.25,-0.019877817843636625,0.028001992198387282,0.034340052552425435
29.1292667388916,2.65,slow,drone,tracking,1,1,489.29392508655957,228.2076802014479,517.0076534766324,214.00765347663244,392.623607315535,289.91567397753016,-7.3763926844649745,-10.084326022469838,-0.14683563952195872,0.20225717912344404,0.0,0.0,world_xy,1,0.8084101533411607,0.5871444062834082,1.5,0.7884569722396518,0.6150899145057419,0.25,-0.0199531811015089,0.02794550822233366,0.034337746953959136
29.238418102264404,2.66,slow,drone,tracking,1,1,488.9191036840106,227.98582098999873,517.0,214.0,392.6088099243061,289.9360456966639,-7.391190075693885,-10.063954303336118,-0.14737912861751415,0.20171922794224714,0.0,0.0,world_xy,1,0.8069417969459411,0.5891669780746427,1.5,0.7869167851284287,0.6170591327280867,0.25,-0.020025011817512484,0.027892154653443968,0.03433618192960817
29.438377618789673,2.67,slow,drone,tracking,1,1,488.6466437833715,227.9192092550216,517.1127596439169,213.19947246950213,392.58794771150207,289.9544928856802,-7.412052288497932,-10.045507114319776,-0.1478531830513586,0.20127423083152873,0.0,0.0,world_xy,1,0.805468005659766,0.5911841703540651,1.5,0.78537167978986,0.6190244943328604,0.25,-0.02009632586990595,0.027840323978795323,0.03433578239553799
29.64132285118103,2.68,slow,drone,tracking,1,1,488.68978950675455,227.53691486019477,516.5223856984653,213.02167378579338,392.5665148063781,289.9707026458735,-7.433485193621891,-10.029297354126527,-0.1483022695029522,0.20089567476957976,0.0,0.0,world_xy,1,0.8039894738292523,0.5931969126623804,1.5,0.7838216658808492,0.6209859870365597,0.25,-0.020167807948403116,0.027789074374179323,0.03433617818012572
29.950692892074585,2.69,slow,drone,tracking,1,1,488.5228647014361,227.29654824892918,516.5,213.0,392.5401205368093,289.99306212551244,-7.459879463190703,-10.006937874487562,-0.1487946953714262,0.20047937026567408,0.0,0.0,world_xy,1,0.8025064511342228,0.5952058694100761,1.5,0.7822667530889783,0.6229435985798614,0.25,-0.020239698045244503,0.02773772916978523,0.034336962539791266
30.079471826553345,2.7,slow,drone,tracking,1,1,488.204026252682,227.0884134797425,516.1168665067945,212.69144684252595,392.52549232602144,289.99721424066155,-7.4745076739785645,-10.002785759338451,-0.149177197330906,0.2002463599722763,0.0,0.0,world_xy,1,0.8010185041805086,0.5972106631127329,1.5,0.7807069511324468,0.6248973167276999,0.25,-0.02031155304806176,0.027686653614967027,0.034338170825182195
30.17016339302063,2.71,slow,drone,tracking,1,1,487.87914752424706,226.9403394589076,516.0076534766324,212.00765347663244,392.50050811227527,290.00947892210115,-7.49949188772473,-9.990521077898848,-0.14962414956387973,0.20000659384441163,0.0,0.0,world_xy,1,0.7995267322071995,0.5992131267124556,1.5,0.7791422697600122,0.6268471292693428,0.25,-0.02038446244718728,0.027634002556887194,0.034338963388181015
30.30065631866455,2.72,slow,drone,tracking,1,1,487.9340021452457,226.70326203545963,515.507658297805,212.00742144323382,392.4853538892782,290.02424667133846,-7.514646110721799,-9.97575332866154,-0.14999197452168567,0.19973625384526217,0.0,0.0,world_xy,1,0.7980304907115607,0.6012131926508998,1.5,0.7775727187509279,0.6287930240184686,0.25,-0.02045777196063281,0.027579831367568808,0.03433900889450344
30.524796724319458,2.73,slow,drone,tracking,1,1,487.64591218773654,226.37458995710318,515.5735604217356,211.58507704785077,392.47187565711084,290.04848601668186,-7.528124342889157,-9.951513983318137,-0.15030575630653928,0.1993479680468675,0.0,0.0,world_xy,1,0.7965305709663438,0.6032105551893524,1.5,0.7759983079148826,0.6307349888132409,0.25,-0.020532263051461275,0.027524433623888456,0.03433901967631346
30.66620111465454,2.74,slow,drone,tracking,1,1,487.42409867172677,226.3328273244782,515.1204481792716,211.19162959301366,392.4457778556412,290.0817565989255,-7.554222144358789,-9.918243401074506,-0.15073403392588935,0.1988072630329099,0.0,0.0,world_xy,1,0.7950275134032785,0.6052040348698211,1.5,0.7744190470919388,0.6326730115163863,0.25,-0.020608466311339724,0.027468976646565224,0.03434026152659834
30.80946707725525,2.75,slow,drone,tracking,1,1,487.3602783048703,226.10075901328273,515.0076534766324,211.00765347663244,392.4170812894184,290.0974538659192,-7.582918710581623,-9.902546134080808,-0.15124242108304806,0.19839127583969834,0.0,0.0,world_xy,1,0.7935201730640196,0.6071921075001502,1.5,0.7728349461524715,0.6346070800152693,0.25,-0.02068522691154806,0.02741497251511915,0.034343257422483536
30.892489671707153,2.7600000000000002,slow,drone,tracking,1,1,487.18385791935276,225.83503981797497,515.0,211.0,392.4048628385243,290.1097758936809,-7.595137161475691,-9.890224106319124,-0.15160559826360423,0.1980685392973746,0.0,0.0,world_xy,1,0.792007748853189,0.6091760202585471,1.5,0.7712460149971065,0.636537182221968,0.25,-0.020761733856082487,0.027361161963420866,0.03434651040061203
31.04727864265442,2.77,slow,drone,tracking,1,1,486.834314283906,225.64894626922347,515.0979076824788,210.6764095192461,392.3443998902683,290.1500347289102,-7.655600109731722,-9.849965271089786,-0.15243412042567087,0.1974804606658062,0.0,0.0,world_xy,1,0.790491692870553,0.6111567056515208,1.5,0.7696522635566585,0.6384633060733498,0.25,-0.020839429313894486,0.027306600421828975,0.03435014178611546
31.159093141555786,2.7800000000000002,slow,drone,tracking,1,1,486.6113437381043,225.41853825656642,514.5147058823529,210.01470588235293,392.3309344119724,290.17530219988674,-7.669065588027593,-9.824697800113256,-0.15295507565985542,0.1969378831008586,0.0,0.0,world_xy,1,0.7889673516662963,0.6131315102581789,1.5,0.7680537017920684,0.640385439531147,0.25,-0.020913649874227835,0.027253929272968103,0.034353419216691335
31.26829743385315,2.79,slow,drone,tracking,1,1,486.63684210526316,225.0925438596491,514.0076534766324,210.00765347663244,392.2941842481543,290.1886252881613,-7.705815751845705,-9.81137471183871,-0.1535937573172377,0.1965471692256122,0.0,0.0,world_xy,1,0.7874378009096977,0.6151008890891875,1.5,0.7664503396943425,0.6423035705820317,0.25,-0.02098746121535522,0.027202681492844216,0.034357814375585195
31.447200536727905,2.8000000000000003,slow,drone,tracking,1,1,486.3401114911947,224.9714937286203,514.0,209.5,392.2835565671598,290.2081823222154,-7.716443432840208,-9.791817677784593,-0.15399806855399928,0.196156220607156,0.0,0.0,world_xy,1,0.7859018633365253,0.6170663607814436,1.5,0.7648421872844884,0.6442176872376911,0.25,-0.021059676052036957,0.027151326456247515,0.0343613807020391
31.6316556930542,2.81,slow,drone,tracking,1,1,486.1306615776081,224.85591603053436,514.1086956521739,209.18395915678522,392.26132231308475,290.2120639034327,-7.738677686915253,-9.787936096567307,-0.15442458540536744,0.19593759633546057,0.0,0.0,world_xy,1,0.7843618826509854,0.6190279229875152,1.5,0.7632292546134535,0.6461277775349022,0.25,-0.02113262803753191,0.02709985454738706,0.03436553628655044
31.756190061569214,2.82,slow,drone,tracking,1,1,486.0785090200515,224.54843170532402,513.5223856984653,209.02167378579338,392.24800541616327,290.22832513321544,-7.7519945838367335,-9.771674866784565,-0.15476300385461944,0.19566034188558745,0.0,0.0,world_xy,1,0.7828176367969317,0.6209872989508698,1.5,0.7616115517620617,0.6480338295356072,0.25,-0.02120608503486998,0.027046530584737383,0.03436877738845639
31.893202543258667,2.83,slow,drone,tracking,1,1,485.92430503380916,224.25720010017528,513.0076534766324,209.00765347663244,392.2183044754518,290.2451781952298,-7.781695524548184,-9.754821804770188,-0.1552420025046088,0.1953501937009864,0.0,0.0,world_xy,1,0.7812700067583855,0.6229439023697256,1.5,0.7599890888409506,0.649935831326987,0.25,-0.021280917917434916,0.026991928957261324,0.03437210636900865
32.00272488594055,2.84,slow,drone,tracking,1,1,485.4255292017342,224.22570772762052,513.1241765480895,208.183465085639,392.19051204379775,290.26004330747725,-7.809487956202247,-9.739956692522753,-0.15576326864529869,0.19504711078319417,0.0,0.0,world_xy,1,0.7797175867333395,0.6248974043067355,1.5,0.7583618759905082,0.6518337710215366,0.25,-0.02135571074283127,0.026936366714801152,0.03437490702715756
32.11639475822449,2.85,slow,drone,tracking,1,1,485.25041396000506,223.96828429499428,513.0076534766324,208.00765347663244,392.170060998745,290.28252050316667,-7.829939001255013,-9.717479496833334,-0.15622279990418958,0.19466347431760406,0.0,0.0,world_xy,1,0.7781599540468864,0.6268478754145674,1.5,0.7567299233808094,0.6537276367571393,0.25,-0.02143003066607707,0.026879761342571862,0.034376849538353925
32.227630376815796,2.86,slow,drone,tracking,1,1,485.29432220536165,223.66464339908953,512.5,208.0,392.14904892811074,290.30584884406386,-7.850951071889256,-9.69415115593614,-0.15666072174766713,0.19423422615821934,0.0,0.0,world_xy,1,0.7765977260478445,0.6287945101577435,1.5,0.7550932412115529,0.6556174166971402,0.25,-0.021504484836291637,0.026822906539396785,0.03437893516814492
32.310412645339966,2.87,slow,drone,tracking,1,1,485.05343655589127,223.38802870090635,512.5,208.0,392.130081300813,290.3179894828381,-7.8699186991869965,-9.682010517161928,-0.15706643047750718,0.1939075174599799,0.0,0.0,world_xy,1,0.7750311188303678,0.6307368524193256,1.5,0.7534518397119967,0.657503099030421,0.25,-0.021579279118371097,0.02676624661109539,0.03438164110269524
32.458006143569946,2.88,slow,drone,tracking,1,1,484.8207404608991,223.26186878226923,512.1241765480895,207.183465085639,392.07405071422727,290.3650092855391,-7.925949285772731,-9.634990714460912,-0.15786533585837828,0.19324328071606098,0.0,0.0,world_xy,1,0.7734604545255928,0.6326759275939254,1.5,0.751805729140895,0.6593846719714731,0.25,-0.021654725384697704,0.026708744377547666,0.034384359201704705
32.54451322555542,2.89,slow,drone,tracking,1,1,484.7167360322865,223.1157144658847,512.0076534766324,207.00765347663244,392.0226030277544,290.3850224278105,-7.977396972245572,-9.614977572189503,-0.1587907678309715,0.19272422961631194,0.0,0.0,world_xy,1,0.771881801167009,0.634608360401086,1.5,0.7501549197864334,0.6612621237604719,0.25,-0.021726881380575547,0.02665376335938585,0.03438721384095751
32.61883759498596,2.9,slow,drone,tracking,1,1,484.47004986429334,222.82818910559865,511.9923465233675,206.99234652336753,392.0190447823954,290.4021830541734,-7.980955217604617,-9.597816945826594,-0.15924635291758799,0.1923018897314329,0.0,0.0,world_xy,1,0.7702938934886993,0.6365356026972492,1.5,0.7484994219661651,0.6631354426633497,0.25,-0.02179447152253411,0.02659983996610049,0.03438823163770867
32.68290948867798,2.91,slow,drone,tracking,1,1,484.2322847156021,222.63323800444866,511.61073825503354,206.1780121444551,391.99936926203657,290.4162870558554,-8.000630737963434,-9.583712944144622,-0.15966779693051236,0.19195669276473562,0.0,0.0,world_xy,1,0.7687014299595234,0.6384586215945635,1.5,0.746839246026946,0.6650046169718694,0.25,-0.02186218393257744,0.026545995377305953,0.03438960536083245
32.75035262107849,2.92,slow,drone,tracking,1,1,484.03980760711346,222.37130561356872,511.00765347663247,206.00765347663244,391.9858779829695,290.4160037845604,-8.014122017030502,-9.583996215439583,-0.16000585080606608,0.19180447011396645,0.0,0.0,world_xy,1,0.7671047519902183,0.6403781885222108,1.5,0.7451744023448704,0.6668696350036979,0.25,-0.021930349645347902,0.026491446481487047,0.03439094317183963
32.81574058532715,2.93,slow,drone,tracking,1,1,483.9012133917794,222.30900196937932,511.00765347663247,206.00765347663244,391.96104920100925,290.445279646762,-8.038950798990754,-9.554720353237997,-0.16043109165162803,0.19141393543690285,0.0,0.0,world_xy,1,0.7655046934821577,0.6422962332233505,1.5,0.7435049013252057,0.6687304851024783,0.25,-0.021999792156951914,0.026434251879127846,0.03439128563107604
32.916768312454224,2.94,slow,drone,tracking,1,1,483.7233061817263,221.91835574919492,510.9923465233675,205.99234652336753,391.93914277703794,290.4717004275601,-8.060857222962056,-9.528299572439892,-0.16086342069581525,0.19094756624344508,0.0,0.0,world_xy,1,0.7639003825656414,0.6442103725777195,1.5,0.7418307534023282,0.6705871556379037,0.25,-0.02206962916331323,0.026376783060184206,0.03439190625728947
33.02990937232971,2.95,slow,drone,tracking,1,1,483.4311780787081,221.7786890457117,510.61073825503354,205.1780121444551,391.9079180975074,290.47459527647345,-8.092081902492623,-9.525404723526549,-0.16140144024053568,0.19070585676834234,0.0,0.0,world_xy,1,0.7622917483586833,0.646119848240154,1.5,0.7401519690396566,0.6724396350057894,0.25,-0.022139779319026665,0.0263197867656354,0.03439332789486527
33.189552307128906,2.96,slow,drone,tracking,1,1,483.1835463157225,221.54517133956384,510.00765347663247,205.00765347663244,391.8920558728379,290.4950247013069,-8.107944127162114,-9.504975298693125,-0.1618180335070243,0.19037236383137845,0.0,0.0,world_xy,1,0.7606777339562779,0.6480269068078375,1.5,0.7384685587295879,0.674287911628145,0.25,-0.02220917522668997,0.026261004820307576,0.034393136501663195
33.36014366149902,2.97,slow,drone,tracking,1,1,483.1244359707658,221.48649507467425,510.00765347663247,205.00765347663244,391.8726496624857,290.50087590217925,-8.127350337514315,-9.499124097820754,-0.1622189687908184,0.19015792880014862,0.0,0.0,world_xy,1,0.7590595536212077,0.6499306304461513,1.5,0.7367805329934309,0.6761319739532481,0.25,-0.022279020627776758,0.026201343507096797,0.03439280683093175
33.43824553489685,2.98,slow,drone,tracking,1,1,482.85516891677753,221.1277809469481,509.9923465233675,204.99234652336753,391.847697122571,290.52226387331837,-8.152302877429008,-9.477736126681634,-0.16267386760758737,0.18982616535356486,0.0,0.0,world_xy,1,0.7574373639332995,0.6518322097341528,1.5,0.7350879023813413,0.6779718104557148,0.25,-0.022349461551958272,0.026139600721561962,0.03439152740930742
33.4938383102417,2.99,slow,drone,tracking,1,1,482.56588999236055,220.89483065953652,509.52238569846537,204.02167378579338,391.8188230622803,290.54720947342605,-8.181176937719727,-9.45279052657395,-0.1631961867383313,0.18940247020141762,0.0,0.0,world_xy,1,0.7558106252572236,0.6537304713876885,1.5,0.7333906774722545,0.6798074096365732,0.25,-0.02241994778496914,0.026076938248884685,0.034389835229568746
33.642313718795776,3.0,slow,drone,tracking,1,1,482.6511862060285,220.7138631930023,509.00765347663247,204.00765347663244,391.7697205249858,290.5968008310136,-8.230279475014186,-9.403199168986418,-0.16397135825740514,0.1886663024494885,0.0,0.0,world_xy,1,0.7541786633898403,0.6556244960897026,1.5,0.7316888688738209,0.6816387600233341,0.25,-0.0224897945160194,0.026014263933631487,0.03438797442975402
33.7451069355011,3.0100000000000002,slow,drone,tracking,1,1,482.4168552036199,220.46556058320763,509.00765347663247,204.00765347663244,391.7471272417435,290.60863957607484,-8.252872758256501,-9.391360423925164,-0.16456871155665384,0.18820480076544663,0.0,0.0,world_xy,1,0.7525389498072662,0.6575111591141976,1.5,0.7299824872223385,0.6834658501700639,0.25,-0.022556462584927717,0.02595469105586634,0.034386625192808794
33.823426723480225,3.02,slow,drone,tracking,1,1,482.0763121108145,220.40812047274113,509.1036525172754,203.16847647252385,391.7346101550509,290.6253683700682,-8.265389844949084,-9.374631629931798,-0.16497520849493416,0.1878131082737008,0.0,0.0,world_xy,1,0.7508932626916996,0.659393207121852,1.5,0.7282715431826874,0.685288668657455,0.25,-0.02262171950901226,0.02589546153560296,0.03438483854384543
33.951616525650024,3.0300000000000002,slow,drone,tracking,1,1,481.79686408937977,220.07662032628704,509.0,203.0,391.71452997438183,290.6524162158692,-8.285470025618167,-9.34758378413079,-0.16537901410452022,0.187339320348604,0.0,0.0,world_xy,1,0.7492435106067503,0.661271338204589,1.5,0.726556047448262,0.6871072040928976,0.25,-0.022687463158488352,0.02583586588830855,0.0343833237306464
34.118335247039795,3.04,slow,drone,tracking,1,1,481.8396297695504,219.8447298828863,508.00765347663247,203.00765347663244,391.68630917992795,290.67300409073135,-8.313690820072054,-9.326995909268646,-0.16587115536782668,0.1868996491588269,0.0,0.0,world_xy,1,0.7475897204657052,0.6631447314080751,1.5,0.7248360107409052,0.6889214451105513,0.25,-0.022753709724799953,0.02577671370247625,0.03438270314474827
34.229780435562134,3.0500000000000003,slow,drone,tracking,1,1,481.5034039334342,219.59499495713564,508.0,203.0,391.67312731623326,290.68400011672355,-8.326872683766737,-9.315999883276447,-0.1662376194369561,0.18658084083751306,0.0,0.0,world_xy,1,0.7459310089120269,0.6650137278996633,1.5,0.7231114438108406,0.6907313803714158,0.25,-0.022819565101186323,0.025717652471752506,0.03438212035440977
34.345701932907104,3.06,slow,drone,tracking,1,1,481.2387327086122,219.53770638107986,508.11133037329387,202.16066436441372,391.65694291234024,290.697968283985,-8.343057087659759,-9.302031716014994,-0.16658055671088762,0.1862837272530458,0.0,0.0,world_xy,1,0.7442686327176573,0.6668795363080384,1.5,0.7213823574366063,0.6925369985634012,0.25,-0.022886275281051027,0.025657462255362806,0.03438149161431794
34.44891548156738,3.0700000000000003,slow,drone,tracking,1,1,480.9631398013751,219.30576776165012,508.00765347663247,202.00765347663244,391.6479078753071,290.713551971891,-8.352092124692888,-9.286448028109021,-0.16683426389152117,0.18597860557306983,0.0,0.0,world_xy,1,0.7426028271505485,0.6687423735805689,1.5,0.7196487624249861,0.6943382884014002,0.25,-0.022954064725562384,0.025595914820831345,0.03438080777033258
34.551151275634766,3.08,slow,drone,tracking,1,1,480.9879381831888,219.00314109812788,507.5,202.0,391.6177694512049,290.7424345887393,-8.382230548795121,-9.257565411260714,-0.16727995478793087,0.18552359203174926,0.0,0.0,world_xy,1,0.7409344845116332,0.6706021596362995,1.5,0.7179106696109434,0.6961352386273567,0.25,-0.023023814900689832,0.025533078991057168,0.03438072389209965
34.6464946269989,3.09,slow,drone,tracking,1,1,480.78288271254803,218.8416839982353,507.10802616882074,201.66044359342587,391.5968776445183,290.7537015961948,-8.403122355481685,-9.246298403805213,-0.16771032556486742,0.1851948988561445,0.0,0.0,world_xy,1,0.7392616849637539,0.672457395556617,1.5,0.7161680898575525,0.697927838010338,0.25,-0.023093595106201348,0.025470442453720987,0.03438106417372038
34.71183896064758,3.1,slow,drone,tracking,1,1,480.36948482529965,218.68789849528181,507.00765347663247,201.00765347663244,391.5493693062369,290.8077843961691,-8.450630693763117,-9.192215603830903,-0.16842658413558462,0.18445207612740497,0.0,0.0,world_xy,1,0.7375845817081053,0.6743093445451784,1.5,0.7144210340559314,0.6997160753466035,0.25,-0.023163547652173877,0.02540673080142508,0.03438098180463455
34.78664255142212,3.11,slow,drone,tracking,1,1,480.3930010070493,218.45109516616313,506.52283862810174,201.02165323217952,391.5275947858995,290.81724951526616,-8.47240521410049,-9.182750484733845,-0.16898842021611848,0.18401368958940453,0.0,0.0,world_xy,1,0.7359003158667494,0.6761538653064525,1.5,0.7126695131251729,0.7014999394596759,0.25,-0.023230802741576517,0.02534607415322343,0.03438158912846728
34.87551188468933,3.12,slow,drone,tracking,1,1,480.11627029067574,218.15678872530512,506.5,201.0,391.5092680192018,290.841398320427,-8.490731980798216,-9.158601679572996,-0.16944284088603367,0.18355077879053497,0.0,0.0,world_xy,1,0.7342104316645882,0.6779940022023465,1.5,0.7109135380122773,0.7032794192004103,0.25,-0.023296893652310913,0.025285416998063748,0.03438164578104218
34.96757507324219,3.13,slow,drone,tracking,1,1,479.8918953011668,217.95755282245347,506.11133037329387,200.16066436441372,391.497967764541,290.8660885307171,-8.502032235459012,-9.133911469282907,-0.1697716329887643,0.1830708766178527,0.0,0.0,world_xy,1,0.7325160032557279,0.6798295099902518,1.5,0.7091531196920834,0.7050545034470638,0.25,-0.023362883563644465,0.02522499345681195,0.0343820392545965
35.02931046485901,3.14,slow,drone,tracking,1,1,479.571364738925,217.96610494063577,506.00765347663247,200.00765347663244,391.4732177263969,290.8803176271384,-8.52678227360309,-9.119682372861575,-0.17019183985457795,0.1826984005795111,0.0,0.0,world_xy,1,0.7308182869258402,0.6816602187564303,1.5,0.7073882691671998,0.706825181105366,0.25,-0.023430017758640398,0.025164962348935616,0.034383732522714164
35.09167551994324,3.15,slow,drone,tracking,1,1,479.62018140589566,217.67460317460316,506.0,200.0,391.44798892859643,290.8958961063228,-8.55201107140357,-9.104103893677177,-0.17065844971999933,0.18235942309122893,0.0,0.0,world_xy,1,0.7291163685272943,0.6834872027622254,1.5,0.7056189974679365,0.708591441108587,0.25,-0.023497371059357786,0.02510423834636155,0.03438530543200212
35.14916920661926,3.16,slow,drone,tracking,1,1,479.33907284768213,217.44288867865023,505.5,200.0,391.436764293722,290.9079024196562,-8.563235706278022,-9.092097580343818,-0.17099189514305793,0.18207481377483503,0.0,0.0,world_xy,1,0.7274097840300944,0.6853107969931377,1.5,0.7038453156522361,0.7103532724176078,0.25,-0.023564468377858305,0.025042475424470134,0.034386185384777335
35.2197687625885,3.17,slow,drone,tracking,1,1,479.03545563322626,217.11871024623716,505.11133037329387,199.16066436441372,391.40787583645726,290.931214892151,-8.592124163542735,-9.06878510784901,-0.17145971861334616,0.18169030238501485,0.0,0.0,world_xy,1,0.7256998650786638,0.687131545130886,1.5,0.702067234805604,0.7121106640209883,0.25,-0.02363263027305984,0.024979118890102292,0.0343868811343659
35.30489253997803,3.18,slow,drone,tracking,1,1,478.7179585326953,217.09065390749598,505.00765347663247,199.00765347663244,391.4007288527577,290.97053052070925,-8.599271147242291,-9.029469479290753,-0.171748855995671,0.181084800345455,0.0,0.0,world_xy,1,0.7239852678925304,0.6889484481547362,1.5,0.7002847660410396,0.7138636049350369,0.25,-0.02370050185149075,0.02491515678030065,0.034387189844467925
35.38762092590332,3.19,slow,drone,tracking,1,1,478.70436320010094,216.84744585464415,505.0,199.0,391.381907698777,290.9820934225742,-8.618092301222987,-9.017906577425777,-0.1720860005115048,0.18068513250713827,0.0,0.0,world_xy,1,0.7222677793325737,0.6907592961581908,1.5,0.6984979204989672,0.7156120842038781,0.25,-0.023769858833606494,0.024852788045687357,0.03438992966863179
35.466825008392334,3.2,slow,drone,tracking,1,1,478.5555975794251,216.60779122541604,504.48481973434536,198.98576850094878,391.3440040650407,290.9957071768994,-8.655995934959321,-9.004292823100627,-0.17265465551472972,0.18035553068231913,0.0,0.0,world_xy,1,0.7205469193274586,0.6925661474832622,1.5,0.6967067093471654,0.7173560908995228,0.25,-0.023840209980293237,0.024789943416260618,0.034393268330966696
35.52591824531555,3.21,slow,drone,tracking,1,1,478.26015492159456,216.4087788903583,504.10218396301605,198.6449864498645,391.3337071170761,291.0083575708729,-8.666292882923926,-8.991642429127126,-0.1730238166937916,0.18006805552744198,0.0,0.0,world_xy,1,0.7188203727723114,0.6943697027900854,1.5,0.6949111437806981,0.7190956141219343,0.25,-0.023909228991613296,0.024725911331848982,0.034395085726944476
35.588189363479614,3.22,slow,drone,tracking,1,1,477.87074180197385,216.264247055078,504.00765347663247,198.00765347663244,391.3159693019344,291.0377593215587,-8.684030698065612,-8.962240678441276,-0.17338505519092795,0.17961527245020292,0.0,0.0,world_xy,1,0.7170901346053734,0.6961703833453597,1.5,0.6931112350218442,0.7208306429990986,0.25,-0.023978899583529167,0.02466025965373886,0.034396453762369106
35.65821719169617,3.23,slow,drone,tracking,1,1,477.9140926031204,216.0907081043522,503.5,198.0,391.2633029183231,291.09348091326757,-8.73669708167688,-8.90651908673243,-0.17412694273436327,0.17879858255664807,0.0,0.0,world_xy,1,0.7153562840534641,0.6979665360698618,1.5,0.6913069943200277,0.7225611666870904,0.25,-0.02404928973343634,0.024594630617228552,0.03439860741193868
35.721357107162476,3.24,slow,drone,tracking,1,1,477.6489569546858,215.76775697989535,503.48481973434536,197.98576850094878,391.2494059816336,291.10082257678454,-8.750594018366428,-8.899177423215463,-0.17461365843249418,0.17835031380586172,0.0,0.0,world_xy,1,0.7136150146261204,0.6997545218954283,1.5,0.689498432951747,0.7242871743701426,0.25,-0.024116581674373472,0.024532652474714256,0.0344014614384597
35.78440761566162,3.25,slow,drone,tracking,1,1,477.3775297900511,215.51100182838405,503.0147058823529,197.51470588235293,391.2236990339433,291.13754195487843,-8.77630096605668,-8.86245804512157,-0.17511545692124586,0.17774467970897503,0.0,0.0,world_xy,1,0.7118688780417954,0.701538025033487,1.5,0.6876855622205048,0.7260086552607126,0.25,-0.02418331582129063,0.02447063022722562,0.03440413503969972
35.843860149383545,3.2600000000000002,slow,drone,tracking,1,1,476.97541244665257,215.45563411682272,503.00765347663247,197.00765347663244,391.2038752225043,291.15168227844407,-8.79612477749572,-8.84831772155593,-0.17555932816701358,0.177316600806154,0.0,0.0,world_xy,1,0.710117723472583,0.7033154718305767,1.5,0.6858683934567373,0.7277255985995505,0.25,-0.024249330015845616,0.024410126768973806,0.03440761972433959
35.91703486442566,3.27,slow,drone,tracking,1,1,477.03389616138617,215.21128185670014,502.9923465233675,196.99234652336753,391.1822585634327,291.1802275022032,-8.817741436567303,-8.819772497796805,-0.17599685347739644,0.17680996783853417,0.0,0.0,world_xy,1,0.7083621301909128,0.7050886378386383,1.5,0.6840469380177434,0.7294379936557661,0.25,-0.024315192173169353,0.024349355817127827,0.0344110403668249
36.003663301467896,3.2800000000000002,slow,drone,tracking,1,1,476.835005996339,215.05655494540173,502.10283349251824,196.63721744667302,391.1713623655349,291.18575589370033,-8.82863763446511,-8.814244106299668,-0.1763135980439446,0.17652117069663675,0.0,0.0,world_xy,1,0.7066021616561388,0.7068567375170236,1.5,0.6822212072876135,0.7311458297268959,0.25,-0.024380954368525276,0.0242890922098723,0.03441498127705129
36.13792967796326,3.29,slow,drone,tracking,1,1,476.60719904348366,214.7197784909697,502.00765347663247,196.00765347663244,391.15393281382245,291.2154685812684,-8.84606718617755,-8.784531418731603,-0.17664785816772813,0.17606437241953415,0.0,0.0,world_xy,1,0.7048390256756993,0.70862194922399,1.5,0.680391212677159,0.7328490961389699,0.25,-0.024447812998540375,0.024227146914979847,0.034418747915222266
36.199217557907104,3.3000000000000003,slow,drone,tracking,1,1,476.2199936326011,214.70748169372808,502.00765347663247,196.00765347663244,391.12080991320687,291.2256270173411,-8.87919008679313,-8.774372982658917,-0.17716262713020206,0.17574707039803847,0.0,0.0,world_xy,1,0.703072547094022,0.7103825929481854,1.5,0.6785569656238398,0.7345477822465786,0.25,-0.02451558147018218,0.024165189298393175,0.03442339478680619
36.27361536026001,3.31,slow,drone,tracking,1,1,476.1643023768993,214.45116953533824,501.9923465233675,195.99234652336753,391.08620981535637,291.24693671447665,-8.91379018464363,-8.753063285523353,-0.1777748742396709,0.1753698778198742,0.0,0.0,world_xy,1,0.70130092082272,0.7121400636521658,1.5,0.6767184775916946,0.7362418774329393,0.25,-0.02458244323102543,0.024101813780773584,0.034426645824559725
36.35467743873596,3.3200000000000003,slow,drone,tracking,1,1,475.9554208499084,214.19315526930603,501.10283349251824,195.63721744667302,391.06271199304103,291.2726646467123,-8.937288006958966,-8.727335353287685,-0.1783088614844005,0.17491713390510796,0.0,0.0,world_xy,1,0.6995231720803233,0.7138937624303645,1.5,0.674875760071267,0.7379313711099628,0.25,-0.02464741200905629,0.024037608679598255,0.034428208634456565
36.43213152885437,3.33,slow,drone,tracking,1,1,475.67152685728706,213.9423089061415,501.0147058823529,195.51470588235293,391.01815123694723,291.31838250753384,-8.981848763052767,-8.68161749246616,-0.17903932406156067,0.17421050267442634,0.0,0.0,world_xy,1,0.6977400834654793,0.7156429337694156,1.5,0.6730288245795361,0.7396162527183189,0.25,-0.024711258885943277,0.02397331894890331,0.03442914952702081
36.531779050827026,3.34,slow,drone,tracking,1,1,475.3092868988391,213.9623676489348,501.0,195.0,391.0057994883835,291.3344430038196,-8.994200511616498,-8.665556996180385,-0.17950390145548376,0.17371585316147609,0.0,0.0,world_xy,1,0.6959496902248637,0.7173850387961598,1.5,0.6711776826598423,0.741296511727503,0.25,-0.024772007565021403,0.023911472931343214,0.03442979663820042
36.69361972808838,3.35,slow,drone,tracking,1,1,475.3431650595576,213.71481691561098,500.5,195.0,390.9834781694583,291.35200434508374,-9.016521830541706,-8.647995654916258,-0.17995849579092646,0.17330008612674308,0.0,0.0,world_xy,1,0.694154651210309,0.7191221973277745,1.5,0.6693223458818167,0.742972137635902,0.25,-0.024832305328492232,0.023849940308127482,0.0344305538821075
36.79589605331421,3.36,slow,drone,tracking,1,1,475.0597597030886,213.39957224633577,500.09510178117046,194.62181933842237,390.9673219792543,291.3724593495935,-9.03267802074572,-8.627540650406502,-0.18034078133411982,0.17288798591150592,0.0,0.0,world_xy,1,0.6923550662523997,0.7208551981890419,1.5,0.6674628258413081,0.7446431199708593,0.25,-0.024892240411091615,0.023787921781817434,0.034430928761528444
36.87845301628113,3.37,slow,drone,tracking,1,1,474.84388185654007,213.12954216260468,500.0,194.5,390.9360456966639,291.3911900756939,-9.063954303336118,-8.608809924306115,-0.1808568489370512,0.17249650282754495,0.0,0.0,world_xy,1,0.6905516584390585,0.7225840780481569,1.5,0.6655991341603107,0.7463094482887408,0.25,-0.024952524278747834,0.023725370240583854,0.03443140515480427
36.95906901359558,3.38,slow,drone,tracking,1,1,474.4692822966507,213.2024242424242,500.0,194.0,390.9180710790325,291.39742826109807,-9.081928920967528,-8.60257173890193,-0.18128680015231585,0.17225171540031645,0.0,0.0,world_xy,1,0.688743089949688,0.7243090430764324,1.5,0.6637312824868916,0.7479711121749998,0.25,-0.02501180746279641,0.023662069098567384,0.03443085863845652
37.05853033065796,3.39,slow,drone,tracking,1,1,474.4318124685771,212.92521367521366,499.9923465233675,193.99234652336753,390.89794571742226,291.4124448181627,-9.10205428257774,-8.587555181837274,-0.18170165717689726,0.17197637893035242,0.0,0.0,world_xy,1,0.6869302219481649,0.7260315602304356,1.5,0.6618592824951174,0.7496281012442425,0.25,-0.025070939453047503,0.023596541013806926,0.03442889415701071
37.15426182746887,3.4,slow,drone,tracking,1,1,474.18777924611413,212.6635202315776,499.09510178117046,193.62181933842237,390.8938077385749,291.436477348376,-9.106192261425122,-8.563522651623998,-0.18193386060528013,0.17158811968652254,0.0,0.0,world_xy,1,0.6851132053763959,0.7277513240197391,1.5,0.6599831458849822,0.7512804051402927,0.25,-0.02513005949141367,0.02352908112055363,0.03442582676450318
37.23914361000061,3.41,slow,drone,tracking,1,1,473.93281896876175,212.3788106887467,499.00765347663247,193.00765347663244,390.87007837228583,291.4580573951435,-9.129921627714168,-8.541942604856501,-0.1822993751772319,0.17117602251235667,0.0,0.0,world_xy,1,0.6832938667703431,0.7294672052166044,1.5,0.6581028843823334,0.7529280135362564,0.25,-0.025190982388009653,0.023460808319652027,0.03442375808485277
37.313997983932495,3.42,slow,drone,tracking,1,1,473.6276683871789,212.41789332823552,499.0,193.0,390.84727429886345,291.47899218558365,-9.152725701136546,-8.52100781441635,-0.18271470154225639,0.17076029608914034,0.0,0.0,world_xy,1,0.6814708730185708,0.7311789654417279,1.5,0.6562185097387998,0.7545709161345863,0.25,-0.025252363279770984,0.023391950692858376,0.034421871076840714
37.3973822593689,3.43,slow,drone,tracking,1,1,473.5596226415094,212.12150943396227,498.9923465233675,192.99234652336753,390.8303961413589,291.4977576904211,-9.169603858641096,-8.50224230957889,-0.18308725813906743,0.17036679864548096,0.0,0.0,world_xy,1,0.6796437260031483,0.7328865684026193,1.5,0.6543300337317162,0.7562091026671467,0.25,-0.025313692271432098,0.02332253426452735,0.03441981436517073
37.49083971977234,3.44,slow,drone,tracking,1,1,473.32223058587374,211.8856479739054,498.0790017485296,192.59879192497218,390.8123372452852,291.5175162024873,-9.18766275471478,-8.482483797512714,-0.1834535564644429,0.16997238116310626,0.0,0.0,world_xy,1,0.6778128534217576,0.7345902363890742,1.5,0.6524374681640519,0.757842562895277,0.25,-0.025375385257705663,0.02325232650620279,0.03441774055524341
37.56662440299988,3.45,slow,drone,tracking,1,1,473.0460699511094,211.58160962767957,498.0,192.5,390.76260336245275,291.5743713637133,-9.23739663754725,-8.425628636286717,-0.18416546342201906,0.16916948652255173,0.0,0.0,world_xy,1,0.6759783178571132,0.7362899602007053,1.5,0.6505408248643352,0.7594712866098562,0.25,-0.025437492992777977,0.023181326409150937,0.03441569327857899
37.62524366378784,3.46,slow,drone,tracking,1,1,472.76894299663934,211.64821507830825,497.52283862810174,192.02165323217952,390.7489304828439,291.5968810370085,-9.251069517156111,-8.403118962991527,-0.1846362232286258,0.1685605775280551,0.0,0.0,world_xy,1,0.674136663222893,0.7379816550659307,1.5,0.648640115686581,0.7610952636313663,0.25,-0.02549654753631203,0.02311360856543554,0.03441384659098128
37.706385374069214,3.47,slow,drone,tracking,1,1,472.76833490714506,211.3597104186339,497.00765347663247,192.00765347663244,390.7305458768873,291.6129894536562,-9.269454123112723,-8.387010546343788,-0.18505029580712154,0.16810937589740646,0.0,0.0,world_xy,1,0.6722903009906067,0.7396672608412113,1.5,0.646735352510215,0.7627144838099562,0.25,-0.025554948480391748,0.02304722296874495,0.03441264125879502
37.81030559539795,3.48,slow,drone,tracking,1,1,472.4278353754319,211.1203895695884,497.07149666348903,191.59151572926598,390.7151752834824,291.6242391348752,-9.284824716517619,-8.37576086512479,-0.1854057049948985,0.16778258867020557,0.0,0.0,world_xy,1,0.6704397980325355,0.7413483546001853,1.5,0.6448265472400012,0.7643289370255051,0.25,-0.025613250792534292,0.02298058242531975,0.03441141939484876
37.891194343566895,3.49,slow,drone,tracking,1,1,472.10679857940124,211.13381532217147,497.00765347663247,191.00765347663244,390.6838518051689,291.65634974820415,-9.3161481948311,-8.34365025179585,-0.18591019739084644,0.16728231767134688,0.0,0.0,world_xy,1,0.6685857409825865,0.7430261804868874,1.5,0.6429137118059661,0.7659386131876856,0.25,-0.02567202917662037,0.022912432700798235,0.034409775563259
37.96872019767761,3.5,slow,drone,tracking,1,1,471.8469187408955,210.85914244093988,496.9923465233675,190.99234652336753,390.6707341981944,291.677964716936,-9.329265801805604,-8.322035283063997,-0.18628151264574258,0.16681943106581007,0.0,0.0,world_xy,1,0.666726639008678,0.7446990036636009,1.5,0.6409968581633252,0.7675435022360271,0.25,-0.025729780845352823,0.02284449857242621,0.03440774240451512
38.057238817214966,3.5100000000000002,slow,drone,tracking,1,1,471.9165099661527,210.60492666415945,496.00765347663247,191.00765347663244,390.6587933862109,291.6912903658828,-9.341206613789097,-8.308709634117179,-0.18657995344226422,0.16646454995490353,0.0,0.0,world_xy,1,0.6648638238822205,0.746367197974259,1.5,0.6390759982924071,0.769143594139978,0.25,-0.025787825589813407,0.022776396165719026,0.03440604846460017
38.13262701034546,3.52,slow,drone,tracking,1,1,471.5806754221388,210.3350218886804,496.06190476190477,190.57619047619048,390.6509598603839,291.7121761310243,-9.34904013961608,-8.287823868975693,-0.1868004205847958,0.16607511003843922,0.0,0.0,world_xy,1,0.6629980243477979,0.748031843473808,1.5,0.6371511441985802,0.7707388788989693,0.25,-0.025846880149217655,0.02270703542516128,0.03440451527412573
38.187647342681885,3.5300000000000002,slow,drone,tracking,1,1,471.2150517164794,210.38733422171455,496.00765347663247,190.00765347663244,390.6324946451187,291.72641371783425,-9.367505354881303,-8.273586282165752,-0.18710274816685243,0.16574324862112094,0.0,0.0,world_xy,1,0.6611300201419499,0.7496925945741925,1.5,0.635222307912176,0.7723293465424764,0.25,-0.025907712229773838,0.022636751968283964,0.034403954607782825
38.25348424911499,3.54,slow,drone,tracking,1,1,470.96730038022815,210.09321926489224,495.9923465233675,189.99234652336753,390.60997402900574,291.75314132306164,-9.390025970994259,-8.24685867693836,-0.18748652235602045,0.1652999073258264,0.0,0.0,world_xy,1,0.6592589926602813,0.7513500270604037,1.5,0.6332895014884152,0.7739149871300817,0.25,-0.025969491171866088,0.02256496006967801,0.03440337039697991
38.31548619270325,3.5500000000000003,slow,drone,tracking,1,1,471.01911544227886,209.8215892053973,495.00765347663247,190.00765347663244,390.5943881272942,291.77394937876056,-9.405611872705776,-8.226050621239438,-0.18783066565997275,0.1648715151302557,0.0,0.0,world_xy,1,0.6573841274367211,0.7530030261336619,1.5,0.6313527370073315,0.7754957907515367,0.25,-0.026031390429389623,0.02249276461787486,0.03440287412182943
38.36620903015137,3.56,slow,drone,tracking,1,1,470.7914481897627,209.638202247191,495.06190476190477,189.57619047619048,390.5410315708329,291.8227046030578,-9.4589684291671,-8.177295396942213,-0.18857245226782582,0.1641424311749794,0.0,0.0,world_xy,1,0.6555058207801214,0.7546517412849645,1.5,0.6294120265736969,0.7770717475268238,0.25,-0.026093794206424548,0.022420006241859358,0.03440265652492912
38.420814514160156,3.5700000000000003,slow,drone,tracking,1,1,470.30485412315676,209.57211568888044,495.0,189.5,390.5274020604107,291.8409547503913,-9.47259793958932,-8.15904524960871,-0.18905618085600417,0.16361359177443655,0.0,0.0,world_xy,1,0.6536200962574432,0.7562931655967142,1.5,0.6274673823169449,0.7786428476062186,0.25,-0.02615271394049834,0.02234968200950438,0.034401638513005456
38.474244594573975,3.58,slow,drone,tracking,1,1,470.1118071374336,209.34972158947102,494.00765347663247,189.00765347663244,390.50865451997197,291.8796134080822,-9.49134548002803,-8.120386591917793,-0.1894800816655102,0.16295036880959216,0.0,0.0,world_xy,1,0.6517295344488832,0.7579293015144586,1.5,0.625518816391096,0.7802090811703504,0.25,-0.026210718057787186,0.022279779655891785,0.03440044073293103
38.52937388420105,3.59,slow,drone,tracking,1,1,470.0758426966292,209.03426966292136,494.00765347663247,189.00765347663244,390.4974600616592,291.8896674140508,-9.502539938340817,-8.110332585949209,-0.18979397607122855,0.16254132440975777,0.0,0.0,world_xy,1,0.6498347336322281,0.7595588052025545,1.5,0.6235663409746809,0.7817704384302645,0.25,-0.026268392657547213,0.022211633227710026,0.03440036487384098
