t_wall,t_sim,scenario_name,control_source,control_mode,external_found,drone_found,ext_red_u,ext_red_v,ext_blue_u,ext_blue_v,drone_red_u,drone_red_v,ex_px,ev_px,cmd_vx,cmd_vy,cmd_vz,cmd_yaw_rate,cmd_frame,cmd_valid,uav_x,uav_y,uav_z,platform_x,platform_y,platform_z,world_ex,world_ey,world_sep
0.9762063026428223,0.0,zoom,drone,dropout,0,0,,,399.5,299.5,,,,,0.0,0.0,0.0,0.0,world_xy,0,0.0,0.0,1.5,-6.0,0.1,0.25,-6.0,0.1,6.000833275470999
1.039870023727417,0.01,zoom,drone,dropout,0,0,,,399.5,299.5,,,,,0.0,0.0,0.0,0.0,world_xy,0,0.0,0.0,1.5,-5.925,0.1,0.25,-5.925,0.1,5.925843821769183
1.1290526390075684,0.02,zoom,drone,dropout,0,0,,,399.5,299.5,,,,,0.0,0.0,0.0,0.0,world_xy,0,0.0,0.0,1.5,-5.85,0.1,0.25,-5.85,0.1,5.850854638426766
1.2393529415130615,0.03,zoom,drone,dropout,0,0,,,399.5,299.5,,,,,0.0,0.0,0.0,0.0,world_xy,0,0.0,0.0,1.5,-5.775,0.1,0.25,-5.775,0.1,5.775865735974132
1.3150267601013184,0.04,zoom,drone,dropout,0,0,,,399.5,299.5,,,,,0.0,0.0,0.0,0.0,world_xy,0,0.0,0.0,1.5,-5.7,0.1,0.25,-5.7,0.1,5.70087712549569
1.3769700527191162,0.05,zoom,drone,dropout,0,0,,,399.5,299.5,,,,,0.0,0.0,0.0,0.0,world_xy,0,0.0,0.0,1.5,-5.625,0.1,0.25,-5.625,0.1,5.625888818666789
1.459780216217041,0.06,zoom,drone,dropout,0,0,,,399.5,299.5,,,,,0.0,0.0,0.0,0.0,world_xy,0,0.0,0.0,1.5,-5.55,0.1,0.25,-5.55,0.1,5.55090082779363
1.593430995941162,0.07,zoom,drone,dropout,0,0,,,399.5,299.5,,,,,0.0,0.0,0.0,0.0,world_xy,0,0.0,0.0,1.5,-5.475,0.1,0.25,-5.475,0.1,5.475913165856449
1.8419530391693115,0.08,zoom,drone,dropout,0,0,,,399.5,299.5,,,,,0.0,0.0,0.0,0.0,world_xy,0,0.0,0.0,1.5,-5.4,0.1,0.25,-5.4,0.1,5.400925846556311
2.0108602046966553,0.09,zoom,drone,dropout,0,0,,,399.5,299.5,,,,,0.0,0.0,0.0,0.0,world_xy,0,0.0,0.0,1.5,-5.325,0.1,0.25,-5.325,0.1,5.3259388843658355
2.0698697566986084,0.1,zoom,drone,dropout,0,0,,,399.5,299.5,,,,,0.0,0.0,0.0,0.0,world_xy,0,0.0,0.0,1.5,-5.25,0.1,0.25,-5.25,0.1,5.250952294584288
2.157470464706421,0.11,zoom,drone,dropout,0,0,,,399.5,299.5,,,,,0.0,0.0,0.0,0.0,world_xy,0,0.0,0.0,1.5,-5.175,0.1,0.25,-5.175,0.1,5.175966093397444
2.240128755569458,0.12,zoom,drone,dropout,0,0,,,399.5,299.5,,,,,0.0,0.0,0.0,0.0,world_xy,0,0.0,0.0,1.5,-5.1,0.1,0.25,-5.1,0.1,5.10098029794274
2.2904367446899414,0.13,zoom,drone,dropout,0,0,,,399.5,299.5,,,,,0.0,0.0,0.0,0.0,world_xy,0,0.0,0.0,1.5,-5.025,0.1,0.25,-5.025,0.1,5.025994926380249
2.3808999061584473,0.14,zoom,drone,dropout,0,0,,,399.5,299.5,,,,,0.0,0.0,0.0,0.0,world_xy,0,0.0,0.0,1.5,-4.95,0.1,0.25,-4.95,0.1,4.951009997970112
2.458463668823242,0.15,zoom,drone,dropout,0,0,,,399.5,299.5,,,,,0.0,0.0,0.0,0.0,world_xy,0,0.0,0.0,1.5,-4.875,0.1,0.25,-4.875,0.1,4.876025533157102
2.5483875274658203,0.16,zoom,drone,dropout,0,0,,,399.5,299.5,,,,,0.0,0.0,0.0,0.0,world_xy,0,0.0,0.0,1.5,-4.8,0.1,0.25,-4.8,0.1,4.801041553663121
2.6315834522247314,0.17,zoom,drone,dropout,0,0,,,399.5,299.5,,,,,0.0,0.0,0.0,0.0,world_xy,0,0.0,0.0,1.5,-4.725,0.1,0.25,-4.725,0.1,4.72605808258849
2.7161288261413574,0.18,zoom,drone,dropout,0,0,,,399.5,299.5,,,,,0.0,0.0,0.0,0.0,world_xy,0,0.0,0.0,1.5,-4.65,0.1,0.25,-4.65,0.1,4.6510751445230385
2.8309037685394287,0.19,zoom,drone,dropout,0,0,,,399.5,299.5,,,,,0.0,0.0,0.0,0.0,world_xy,0,0.0,0.0,1.5,-4.575,0.1,0.25,-4.575,0.1,4.576092765668109
2.9751803874969482,0.2,zoom,drone,dropout,0,0,,,399.5,299.5,,,,,0.0,0.0,0.0,0.0,world_xy,0,0.0,0.0,1.5,-4.5,0.1,0.25,-4.5,0.1,4.50111097397076
3.0692198276519775,0.21,zoom,drone,dropout,0,0,,,399.5,299.5,,,,,0.0,0.0,0.0,0.0,world_xy,0,0.0,0.0,1.5,-4.425000000000001,0.1,0.25,-4.425000000000001,0.1,4.426129799271594
3.245819091796875,0.22,zoom,drone,dropout,0,0,,,399.5,299.5,,,,,0.0,0.0,0.0,0.0,world_xy,0,0.0,0.0,1.5,-4.35,0.1,0.25,-4.35,0.1,4.351149273467873
3.370074987411499,0.23,zoom,drone,dropout,0,0,,,399.5,299.5,,,,,0.0,0.0,0.0,0.0,world_xy,0,0.0,0.0,1.5,-4.275,0.1,0.25,-4.275,0.1,4.276169430693784
3.4719338417053223,0.24,zoom,drone,dropout,0,0,,,399.5,299.5,,,,,0.0,0.0,0.0,0.0,world_xy,0,0.0,0.0,1.5,-4.2,0.1,0.25,-4.2,0.1,4.201190307520001
3.547657012939453,0.25,zoom,drone,dropout,0,0,,,399.5,299.5,,,,,0.0,0.0,0.0,0.0,world_xy,0,0.0,0.0,1.5,-4.125,0.1,0.25,-4.125,0.1,4.126211943174999
3.648364782333374,0.26,zoom,drone,dropout,0,0,,,399.5,299.5,,,,,0.0,0.0,0.0,0.0,world_xy,0,0.0,0.0,1.5,-4.05,0.1,0.25,-4.05,0.1,4.05123437979093
3.723806142807007,0.27,zoom,drone,dropout,0,0,,,399.5,299.5,,,,,0.0,0.0,0.0,0.0,world_xy,0,0.0,0.0,1.5,-3.9749999999999996,0.1,0.25,-3.9749999999999996,0.1,3.9762576626773063
3.8291947841644287,0.28,zoom,drone,dropout,0,0,,,399.5,299.5,,,,,0.0,0.0,0.0,0.0,world_xy,0,0.0,0.0,1.5,-3.9,0.1,0.25,-3.9,0.1,3.9012818406262317
3.9048163890838623,0.29,zoom,drone,dropout,0,0,,,399.5,299.5,,,,,0.0,0.0,0.0,0.0,world_xy,0,0.0,0.0,1.5,-3.825,0.1,0.25,-3.825,0.1,3.826306966253492
3.981616258621216,0.3,zoom,drone,dropout,0,0,,,399.5,299.5,,,,,0.0,0.0,0.0,0.0,world_xy,0,0.0,0.0,1.5,-3.7500000000000004,0.1,0.25,-3.7500000000000004,0.1,3.7513330963805394
4.058149099349976,0.31,zoom,drone,dropout,0,0,,,399.5,299.5,,,,,0.0,0.0,0.0,0.0,world_xy,0,0.0,0.0,1.5,-3.6750000000000003,0.1,0.25,-3.6750000000000003,0.1,3.676360292463186
4.132152318954468,0.32,zoom,drone,dropout,0,0,,,399.5,299.5,,,,,0.0,0.0,0.0,0.0,world_xy,0,0.0,0.0,1.5,-3.6,0.1,0.25,-3.6,0.1,3.6013886210738213
4.216628074645996,0.33,zoom,drone,dropout,1,0,2.5721868365180467,287.45222929936307,399.5,299.5,,,,,0.0,0.0,0.0,0.0,world_xy,0,0.0,0.0,1.5,-3.5250000000000004,0.1,0.25,-3.5250000000000004,0.1,3.5264181544451025
4.306724309921265,0.34,zoom,drone,dropout,1,0,6.241293532338308,287.4618573797678,399.5,299.5,,,,,0.0,0.0,0.0,0.0,world_xy,0,0.0,0.0,1.5,-3.45,0.1,0.25,-3.45,0.1,3.4514489710844636
4.390082597732544,0.35000000000000003,zoom,drone,dropout,1,0,10.087308470656259,287.449696444059,399.5,299.5,,,,,0.0,0.0,0.0,0.0,world_xy,0,0.0,0.0,1.5,-3.375,0.1,0.25,-3.375,0.1,3.376481156470446
4.4741904735565186,0.36,zoom,drone,dropout,1,0,14.168470007593013,287.4464692482916,399.5,299.5,,,,,0.0,0.0,0.0,0.0,world_xy,0,0.0,0.0,1.5,-3.3000000000000003,0.1,0.25,-3.3000000000000003,0.1,3.301514803843836
4.5596864223480225,0.37,zoom,drone,dropout,1,0,18.45286088125044,287.3847513968456,399.5,299.5,,,,,0.0,0.0,0.0,0.0,world_xy,0,0.0,0.0,1.5,-3.225,0.1,0.25,-3.225,0.1,3.226550015109017
4.622144937515259,0.38,zoom,drone,dropout,1,0,23.098399085191538,287.4022298456261,399.5,299.5,,,,,0.0,0.0,0.0,0.0,world_xy,0,0.0,0.0,1.5,-3.1500000000000004,0.1,0.25,-3.1500000000000004,0.1,3.1515869018638853
4.672985553741455,0.39,zoom,drone,dropout,1,0,28.399980223474735,287.3935034114506,399.5,299.5,,,,,0.0,0.0,0.0,0.0,world_xy,0,0.0,0.0,1.5,-3.075,0.1,0.25,-3.075,0.1,3.0766255865802066
4.724280595779419,0.4,zoom,drone,dropout,1,0,35.39697980359459,287.38340744858255,399.5,299.5,,,,,0.0,0.0,0.0,0.0,world_xy,0,0.0,0.0,1.5,-3.0,0.1,0.25,-3.0,0.1,3.0016662039607267
4.7774741649627686,0.41000000000000003,zoom,drone,dropout,1,0,45.16440422322775,287.3904128959276,399.5,299.5,,,,,0.0,0.0,0.0,0.0,world_xy,0,0.0,0.0,1.5,-2.9250000000000003,0.1,0.25,-2.9250000000000003,0.1,2.9267089025046547
4.830316781997681,0.42,zoom,drone,dropout,1,0,54.2438725490196,287.40738122171945,399.5,299.5,,,,,0.0,0.0,0.0,0.0,world_xy,0,0.0,0.0,1.5,-2.8500000000000005,0.1,0.25,-2.8500000000000005,0.1,2.85175384631984
4.882434606552124,0.43,zoom,drone,dropout,1,0,63.33375664361977,287.3746766379756,399.5,299.5,,,,,0.0,0.0,0.0,0.0,world_xy,0,0.0,0.0,1.5,-2.7750000000000004,0.1,0.25,-2.7750000000000004,0.1,2.776801217228198
4.9349048137664795,0.44,zoom,drone,dropout,1,0,72.45220588235294,287.35289404223226,399.5,299.5,,,,,0.0,0.0,0.0,0.0,world_xy,0,0.0,0.0,1.5,-2.7,0.1,0.25,-2.7,0.1,2.701851217221259
5.00485372543335,0.45,zoom,drone,dropout,1,0,81.5292538157151,287.35000942151873,399.5,299.5,,,,,0.0,0.0,0.0,0.0,world_xy,0,0.0,0.0,1.5,-2.625,0.1,0.25,-2.625,0.1,2.6269040713356855
5.056569337844849,0.46,zoom,drone,dropout,1,0,90.6344678246952,287.391940874641,399.5,299.5,,,,,0.0,0.0,0.0,0.0,world_xy,0,0.0,0.0,1.5,-2.5500000000000003,0.1,0.25,-2.5500000000000003,0.1,2.551960031034969
5.117105722427368,0.47000000000000003,zoom,drone,dropout,1,0,99.72388763197586,287.4005938914027,399.5,299.5,,,,,0.0,0.0,0.0,0.0,world_xy,0,0.0,0.0,1.5,-2.4749999999999996,0.1,0.25,-2.4749999999999996,0.1,2.477019378204377
5.167402267456055,0.48,zoom,drone,dropout,1,0,108.8140499764262,287.3954738330976,399.5,299.5,,,,,0.0,0.0,0.0,0.0,world_xy,0,0.0,0.0,1.5,-2.4000000000000004,0.1,0.25,-2.4000000000000004,0.1,2.402082429892863
5.221072196960449,0.49,zoom,drone,dropout,1,0,117.88665534163835,287.41180634201584,399.5,299.5,,,,,0.0,0.0,0.0,0.0,world_xy,0,0.0,0.0,1.5,-2.325,0.1,0.25,-2.325,0.1,2.3271495439700476
5.284939289093018,0.5,zoom,drone,dropout,1,0,126.96087326339665,287.40870428125885,399.5,299.5,,,,,0.0,0.0,0.0,0.0,world_xy,0,0.0,0.0,1.5,-2.25,0.1,0.25,-2.25,0.1,2.2522211259110416
5.36418604850769,0.51,zoom,drone,dropout,1,0,136.00722994045933,287.3915508931103,399.5,299.5,,,,,0.0,0.0,0.0,0.0,world_xy,0,0.0,0.0,1.5,-2.1750000000000003,0.1,0.25,-2.1750000000000003,0.1,2.1772976369803003
5.434941053390503,0.52,zoom,drone,dropout,1,0,145.1038305500519,287.3754599490518,399.5,299.5,,,,,0.0,0.0,0.0,0.0,world_xy,0,0.0,0.0,1.5,-2.0999999999999996,0.1,0.25,-2.0999999999999996,0.1,2.1023796041628633
5.510333776473999,0.53,zoom,drone,dropout,1,0,154.17963591775134,287.38624787775893,399.5,299.5,,,,,0.0,0.0,0.0,0.0,world_xy,0,0.0,0.0,1.5,-2.0250000000000004,0.1,0.25,-2.0250000000000004,0.1,2.0274676322940404
5.735687732696533,0.54,zoom,drone,dropout,1,0,163.2536313903037,287.4073288058857,399.5,299.5,,,,,0.0,0.0,0.0,0.0,world_xy,0,0.0,0.0,1.5,-1.9499999999999993,0.1,0.25,-1.9499999999999993,0.1,1.9525624189766628
6.023288011550903,0.55,zoom,drone,dropout,1,0,172.37428719543803,287.3885668504642,399.5,299.5,,,,,0.0,0.0,0.0,0.0,world_xy,0,0.0,0.0,1.5,-1.875,0.1,0.25,-1.875,0.1,1.87766477306254
6.200939893722534,0.56,zoom,drone,dropout,1,0,181.46433625813756,287.36479856590245,399.5,299.5,,,,,0.0,0.0,0.0,0.0,world_xy,0,0.0,0.0,1.5,-1.7999999999999998,0.1,0.25,-1.7999999999999998,0.1,1.8027756377319943
6.375400543212891,0.5700000000000001,zoom,drone,dropout,1,0,190.54276408949306,287.35056169168314,399.5,299.5,,,,,0.0,0.0,0.0,0.0,world_xy,0,0.0,0.0,1.5,-1.7249999999999996,0.1,0.25,-1.7249999999999996,0.1,1.727896119562747
6.483731508255005,0.58,zoom,drone,dropout,1,0,199.67605168836067,287.40718732314656,399.5,299.5,,,,,0.0,0.0,0.0,0.0,world_xy,0,0.0,0.0,1.5,-1.6500000000000004,0.1,0.25,-1.6500000000000004,0.1,1.6530275254816542
6.5728795528411865,0.59,zoom,drone,dropout,1,0,208.76915817289543,287.38972253680635,399.5,299.5,,,,,0.0,0.0,0.0,0.0,world_xy,0,0.0,0.0,1.5,-1.5750000000000002,0.1,0.25,-1.5750000000000002,0.1,1.5781714102086633
6.651941776275635,0.6,zoom,drone,dropout,1,0,217.8135033050047,287.3919263456091,399.5,299.5,,,,,0.0,0.0,0.0,0.0,world_xy,0,0.0,0.0,1.5,-1.5000000000000009,0.1,0.25,-1.5000000000000009,0.1,1.5033296378372916
6.859716415405273,0.61,zoom,drone,tracking,1,1,226.93003122338916,287.4036332671019,399.5,299.5,3.5875457875457872,265.74285714285713,-396.41245421245424,-34.25714285714287,-1.5,0.6851428571428574,0.0,0.0,world_xy,1,0.0,0.0,1.5,-1.4250000000000007,0.1,0.25,-1.4250000000000007,0.1,1.4285044627161658
7.099634170532227,0.62,zoom,drone,tracking,1,1,235.97560283687943,287.40070921985813,397.0,298.5,16.081717888100865,267.8445232466509,-383.91828211189915,-32.15547675334909,-1.5,0.6620245300011258,0.0,0.0,world_xy,1,-0.015,0.006851428571428574,1.5,-1.3500000000000005,0.1,0.25,-1.3350000000000006,0.09314857142857143,1.3382457384050155
7.351602792739868,0.63,zoom,drone,tracking,1,1,245.02480861922314,287.37453926850014,395.0,297.5,29.158997143763884,270.0086921259565,-370.8410028562361,-29.991307874043514,-1.5,0.6278154251149853,0.0,0.0,world_xy,1,-0.03,0.013471673871439833,1.5,-1.2750000000000004,0.1,0.25,-1.2450000000000003,0.08652832612856018,1.2480032657099145
7.49789571762085,0.64,zoom,drone,tracking,1,1,254.12066685557758,287.3906205724001,392.9923465233675,296.9923465233675,42.92578967537088,272.138873378223,-357.0742103246291,-27.861126621776975,-1.5,0.5889893341412902,0.0,0.0,world_xy,1,-0.045,0.019749828122589685,1.5,-1.2000000000000002,0.1,0.25,-1.1550000000000002,0.08025017187741032,1.1577845611711854
7.643404483795166,0.65,zoom,drone,tracking,1,1,263.1988759799754,287.3937376027203,390.9923465233675,295.9923465233675,57.74189950365288,274.0825465873148,-342.25810049634714,-25.917453412685177,-1.5,0.5501371879031175,0.0,0.0,world_xy,1,-0.06,0.025639721464002587,1.5,-1.125,0.1,0.25,-1.065,0.07436027853599741,1.0675928301669841
7.85774302482605,0.66,zoom,drone,tracking,1,1,272.2546296296296,287.3861961451247,388.5,295.0,74.48668636196876,275.8979126841607,-325.51331363803126,-24.1020873158393,-1.5,0.5126846950306352,0.0,0.0,world_xy,1,-0.075,0.031141093343033763,1.5,-1.0500000000000007,0.1,0.25,-0.9750000000000008,0.06885890665696624,0.9774285390891726
8.047645330429077,0.67,zoom,drone,tracking,1,1,281.3780458954341,287.3973503666903,386.0,294.0,96.24971986368624,277.6523421706232,-303.7502801363138,-22.34765782937677,-1.5,0.4765323488869303,0.0,0.0,world_xy,1,-0.09,0.036267940293340115,1.5,-0.9749999999999996,0.1,0.25,-0.8849999999999997,0.06373205970665989,0.8872918208991069
8.167768955230713,0.68,zoom,drone,tracking,1,1,290.49305752337773,287.33815056201,384.0,293.5,127.25954557325673,279.26858187516325,-272.74045442674327,-20.73141812483675,-1.5,0.4424851563723229,0.0,0.0,world_xy,1,-0.105,0.041033263782209416,1.5,-0.9000000000000004,0.1,0.25,-0.7950000000000004,0.05896673621779059,0.7971838407670963
8.232273578643799,0.6900000000000001,zoom,drone,tracking,1,1,299.54567375886523,287.3500236406619,382.0,293.0,158.0410696231217,280.84372857325474,-241.9589303768783,-19.156271426745263,-1.5,0.4098373060617432,0.0,0.0,world_xy,1,-0.12,0.045458115345932644,1.5,-0.8249999999999993,0.1,0.25,-0.7049999999999993,0.05454188465406736,0.707106651914417
8.300184726715088,0.7000000000000001,zoom,drone,tracking,1,1,308.6580529130579,287.3398173126982,380.0,292.0,188.78377340039117,282.24646665735304,-211.21622659960883,-17.75353334264696,-1.5,0.37971565449690103,0.0,0.0,world_xy,1,-0.135,0.049556488406550074,1.5,-0.75,0.1,0.25,-0.615,0.05044351159344993,0.6170652703417026
8.381628036499023,0.71,zoom,drone,tracking,1,1,317.7929307248842,287.3907003118798,378.07374631268436,291.89314978695506,219.55857272663732,283.5344062347103,-180.44142727336268,-16.465593765289725,-1.5,0.3519935759417925,0.0,0.0,world_xy,1,-0.15000000000000002,0.053353644951519084,1.5,-0.6750000000000007,0.1,0.25,-0.5250000000000007,0.04664635504848092,0.5270681952454631
8.454083681106567,0.72,zoom,drone,tracking,1,1,326.7077872744539,287.397150997151,375.5,291.0,250.37389286359843,284.7131328680299,-149.62610713640157,-15.286867131970098,-1.5,0.32655264762547775,0.0,0.0,world_xy,1,-0.16500000000000004,0.05687358071093701,1.5,-0.6000000000000005,0.1,0.25,-0.4350000000000005,0.043126419289062995,0.4371325749022789
8.532582759857178,0.73,zoom,drone,tracking,1,1,332.6538789428815,287.0785912190963,373.5,290.5,281.2225780671205,285.8123880692789,-118.77742193287952,-14.187611930721118,-1.5,0.30301242266939726,0.0,0.0,world_xy,1,-0.18000000000000005,0.06013910718719179,1.5,-0.5250000000000004,0.1,0.25,-0.3450000000000003,0.03986089281280822,0.34729510617893017
8.624222755432129,0.74,zoom,drone,tracking,1,1,339.312866026686,286.6160719676387,371.5,290.5,312.03152680040614,286.87344349916555,-87.96847319959386,-13.126556500834454,-1.5,0.28074771171040774,0.0,0.0,world_xy,1,-0.19500000000000006,0.06316923141388577,1.5,-0.4500000000000002,0.1,0.25,-0.2550000000000001,0.03683076858611424,0.25764608577396236
8.70626425743103,0.75,zoom,drone,tracking,1,1,346.6422471592914,286.20756581268967,368.5078951934756,289.5078951934756,342.8663981554446,287.8051075504188,-57.133601844555415,-12.194892449581175,-1.5,0.26048028721507643,0.0,0.0,world_xy,1,-0.21000000000000008,0.06597670853098984,1.5,-0.375,0.1,0.25,-0.16499999999999992,0.03402329146901016,0.16847131614130992
8.840915441513062,0.76,zoom,drone,tracking,1,1,363.1028409090909,287.41079545454545,366.5,289.5,373.7554960286196,288.71778396391034,-26.244503971380425,-11.282216036089665,-1.0297415219574964,0.24132050564377067,0.0,0.0,world_xy,1,-0.2250000000000001,0.0685815114031406,1.5,-0.3000000000000007,0.1,0.25,-0.07500000000000062,0.031418488596859404,0.08131495204272753
9.015323638916016,0.77,zoom,drone,tracking,1,1,372.2226958416216,287.351709766032,365.5,289.5,403.0200070077085,289.5352838121934,3.0200070077085,-10.464716187806573,-0.4301636077960798,0.22370610560556914,0.0,0.0,world_xy,1,-0.23529741521957506,0.0709947164595783,1.5,-0.22499999999999964,0.1,0.25,0.010297415219575418,0.0290052835404217,0.0307789413961007
9.115918159484863,0.78,zoom,drone,tracking,1,1,388.5741502192982,286.6844846491228,364.5,288.5,430.2494849211769,290.31008620639335,30.249484921176872,-9.68991379360665,0.1391707106247097,0.20725679925217924,0.0,0.0,world_xy,1,-0.23959905129753586,0.07323177751563399,1.5,-0.15000000000000036,0.1,0.25,0.08959905129753551,0.026768222484366014,0.09351217957245418
9.211012125015259,0.79,zoom,drone,tracking,1,1,396.28535677226387,287.0964414331929,364.5,288.5,455.4928170988087,291.01520672740014,55.4928170988087,-8.984793272599859,0.6730478078680152,0.19209828566207912,0.0,0.0,world_xy,1,-0.23820734419128878,0.07530434550815579,1.5,-0.07499999999999929,0.1,0.25,0.1632073441912895,0.024695654491844216,0.1650651766689588
9.291997194290161,0.8,zoom,drone,tracking,1,1,403.7294130712421,287.16536176356266,365.5,288.5,478.87138496378395,291.68502857009446,78.87138496378395,-8.31497142990554,1.1704567481422303,0.17790891427689656,0.0,0.0,world_xy,1,-0.23147686611260862,0.07722532836477658,1.5,0.0,0.1,0.25,0.23147686611260862,0.022774671635223426,0.23259455112578795
9.346052169799805,0.81,zoom,drone,tracking,1,1,410.8729281767956,287.32259054634744,366.9470068694799,287.9237814851161,500.62229147335677,292.3065062997134,100.62229147335677,-7.693493700286581,1.5,0.16468744212775582,0.0,0.0,world_xy,1,-0.2197722986311863,0.07900441750754554,1.5,0.07499999999999929,0.1,0.25,0.2947722986311856,0.020995582492454465,0.29551907302999975
9.48002552986145,0.8200000000000001,zoom,drone,tracking,1,1,417.92168933428775,287.34650441422093,369.3812703304228,287.7053586714603,521.1727431315235,292.83891387931084,121.17274313152348,-7.161086120689163,1.5,0.1528812962850709,0.0,0.0,world_xy,1,-0.2047722986311863,0.0806512919288231,1.5,0.14999999999999947,0.1,0.25,0.35477229863118576,0.019348708071176904,0.35529953050922947
9.538307666778564,0.8300000000000001,zoom,drone,tracking,1,1,426.8235433219825,287.40068104426786,372.0,287.5,541.6938238775855,293.357259903314,141.6938238775855,-6.642740096685998,1.5,0.1418667243918279,0.0,0.0,world_xy,1,-0.18977229863118628,0.08218010489167381,1.5,0.22500000000000053,0.1,0.25,0.4147722986311868,0.017819895108326197,0.4151549209312954
9.60679316520691,0.84,zoom,drone,tracking,1,1,435.9080965909091,287.3884943181818,373.92848960890194,287.0837833415153,562.2448139793783,293.83769023180446,162.24481397937825,-6.162309768195541,1.5,0.1316254334264735,0.0,0.0,world_xy,1,-0.17477229863118626,0.08359877213559208,1.5,0.29999999999999893,0.1,0.25,0.4747722986311852,0.016401227864407925,0.4750555081493104
9.675098657608032,0.85,zoom,drone,tracking,1,1,444.94089229894854,287.3849104859335,376.0,287.0,582.7322671793527,294.3123889422937,182.73226717935268,-5.687611057706306,1.5,0.12179516667668244,0.0,0.0,world_xy,1,-0.15977229863118625,0.08491502646985681,1.5,0.375,0.1,0.25,0.5347722986311862,0.015084973530143195,0.5349850164347482
9.72668743133545,0.86,zoom,drone,tracking,1,1,454.0072422607214,287.3848338540187,378.00765347663247,286.9923465233675,603.3089303169949,294.70424870828094,203.30893031699486,-5.295751291719057,1.5,0.11306108921341672,0.0,0.0,world_xy,1,-0.14477229863118624,0.08613297813662364,1.5,0.4499999999999993,0.1,0.25,0.5947722986311855,0.013867021863376364,0.5949339303774693
9.89362120628357,0.87,zoom,drone,tracking,1,1,463.0652852682373,287.38617655407324,380.9923465233675,286.9923465233675,623.8003686325128,295.12481175902826,223.8003686325128,-4.875188240971738,1.5,0.10450456079672664,0.0,0.0,world_xy,1,-0.12977229863118622,0.0872635890287578,1.5,0.5249999999999995,0.1,0.25,0.6547722986311857,0.012736410971242201,0.6548961591116526
9.972246646881104,0.88,zoom,drone,tracking,1,1,472.1660520094562,287.39971631205674,382.9923465233675,286.9923465233675,644.3027561845666,295.49025691079584,244.30275618456665,-4.509743089204164,1.5,0.09663422633977281,0.0,0.0,world_xy,1,-0.11477229863118622,0.08830863463672507,1.5,0.5999999999999996,0.1,0.25,0.7147722986311859,0.011691365363274933,0.714867908717804
10.355718612670898,0.89,zoom,drone,tracking,1,1,481.2362647754137,287.40524822695033,385.0,286.0,664.8261119431577,295.819349146088,264.8261119431577,-4.180650853912027,1.5,0.08947256124593006,0.0,0.0,world_xy,1,-0.09977229863118622,0.0892749769001228,1.5,0.6750000000000007,0.1,0.25,0.7747722986311869,0.010725023099877204,0.7748465272857238
10.474042177200317,0.9,zoom,drone,tracking,1,1,490.33087016247447,287.38060726635405,387.00765347663247,286.00765347663247,685.328528403057,296.1811365865264,285.328528403057,-3.8188634134735935,1.5,0.08227015010887805,0.0,0.0,world_xy,1,-0.08477229863118622,0.0901697025125821,1.5,0.75,0.1,0.25,0.8347722986311862,0.0098302974874179,0.8348301775275528
10.526241302490234,0.91,zoom,drone,tracking,1,1,499.4441768206291,287.34565977141773,389.0,286.0,705.797454771144,296.4041623888493,305.797454771144,-3.5958376111507278,1.5,0.07657578127165313,0.0,0.0,world_xy,1,-0.06977229863118622,0.09099240401367088,1.5,0.8249999999999993,0.1,0.25,0.8947722986311855,0.009007595986329123,0.8948176368306496
10.709140539169312,0.92,zoom,drone,tracking,1,1,508.52891976183724,287.3427369813817,391.5,286.0,720.2720118449947,296.6577642572305,320.2720118449947,-3.3422357427695033,1.5,0.07122369474270844,0.0,0.0,world_xy,1,-0.054772298631186225,0.09175816182638741,1.5,0.8999999999999995,0.1,0.25,0.9547722986311857,0.008241838173612598,0.9548078707938881
11.033617734909058,0.93,zoom,drone,tracking,1,1,517.620749988178,287.3630775050834,393.9923465233675,286.00765347663247,732.2431986694339,296.95285715284035,332.2431986694339,-3.0471428471596482,1.5,0.06556923395297493,0.0,0.0,world_xy,1,-0.039772298631186226,0.0924703987738145,1.5,0.9750000000000005,0.1,0.25,1.0147722986311867,0.007529601226185512,1.0148002330330081
11.151203155517578,0.9400000000000001,zoom,drone,tracking,1,1,526.7666194523134,287.39235127478753,396.0,286.0,742.9603281940311,297.17580183768985,342.96032819403115,-2.8241981623101537,1.5,0.06057233506425041,0.0,0.0,world_xy,1,-0.024772298631186226,0.09312609111334424,1.5,1.0500000000000007,0.1,0.25,1.074772298631187,0.006873908886655761,1.0747942800965902
11.250826120376587,0.9500000000000001,zoom,drone,tracking,1,1,535.8177525967894,287.3831444759207,398.0,286.0,752.8752758380944,297.35831242505765,352.87527583809435,-2.6416875749423525,1.5,0.05631611410327857,0.0,0.0,world_xy,1,-0.009772298631186227,0.09373181446398675,1.5,1.125,0.1,0.25,1.1347722986311863,0.006268185536013257,1.1347896104082997
11.327197790145874,0.96,zoom,drone,tracking,1,1,544.8734524147055,287.40232492203006,400.00765347663247,285.9923465233675,762.3182945491002,297.4835628726716,362.3182945491002,-2.516437127328402,1.5,0.05302305974708777,0.0,0.0,world_xy,1,0.0052277013688137725,0.09429497560501954,1.5,1.1999999999999993,0.1,0.25,1.1947722986311855,0.005705024394980468,1.194785919267462
11.407923460006714,0.97,zoom,drone,tracking,1,1,553.9683418512209,287.38770584894945,402.00765347663247,285.9923465233675,771.2798372513562,297.68081298975284,371.2798372513562,-2.3191870102471626,1.5,0.04937143399890829,0.0,0.0,world_xy,1,0.020227701368813772,0.09482520620249041,1.5,1.2749999999999995,0.1,0.25,1.2547722986311858,0.005174793797509597,1.2547829692433017
11.508777141571045,0.98,zoom,drone,tracking,1,1,563.0248086192231,287.37453926850014,404.9923465233675,285.9923465233675,780.0446680458905,297.91740329759887,380.0446680458905,-2.0825967024011334,1.5,0.0451257090259212,0.0,0.0,world_xy,1,0.03522770136881377,0.0953189205424795,1.5,1.3499999999999996,0.1,0.25,1.3147722986311858,0.004681079457520512,1.3147806317986357
11.576590538024902,0.99,zoom,drone,tracking,1,1,572.1108593012276,287.38739376770536,407.0,285.5,788.5194974003466,297.9536395147314,388.5194974003466,-2.0463604852686217,1.5,0.042816534399619376,0.0,0.0,world_xy,1,0.05022770136881377,0.0957701776327387,1.5,1.424999999999999,0.1,0.25,1.3747722986311852,0.004229822367261299,1.3747788056559977
11.630750179290771,1.0,zoom,drone,tracking,1,1,581.1540060468632,287.38364512471657,409.00765347663247,285.00765347663247,796.7064896755162,298.35840707964604,396.7064896755162,-1.6415929203539577,1.5,0.037324962603722256,0.0,0.0,world_xy,1,0.06522770136881377,0.0961983429767349,1.5,1.5,0.1,0.25,1.4347722986311862,0.003801657023265112,1.4347773351693078
11.70221209526062,1.01,zoom,drone,dropout,1,0,590.2500236272564,287.406719591721,411.00765347663247,285.00765347663247,,,,,1.32,0.03284596709127559,0.0,0.0,world_xy,0,0.08022770136881377,0.09657159260277212,1.5,1.5749999999999993,0.1,0.25,1.4947722986311855,0.003428407397227884,1.4947762303209264
11.75698971748352,1.02,zoom,drone,dropout,1,0,599.3382422354384,287.41263098272447,413.00765347663247,285.00765347663247,,,,,1.1616,0.028904451040322517,0.0,0.0,world_xy,0,0.09342770136881377,0.09690005227368488,1.5,1.6499999999999995,0.1,0.25,1.5565722986311856,0.003099947726315125,1.556575385434923
11.807483434677124,1.03,zoom,drone,dropout,1,0,608.4540050948202,287.3287102556845,415.0,285.0,,,,,1.022208,0.025435916915483817,0.0,0.0,world_xy,0,0.10504370136881377,0.0971890967840881,1.5,1.7249999999999996,0.1,0.25,1.619956298631186,0.002810903215911903,1.6199587373299793
11.876766920089722,1.04,zoom,drone,dropout,1,0,617.5140226628895,287.332955618508,416.00765347663247,285.00765347663247,,,,,0.89954304,0.022383606885625757,0.0,0.0,world_xy,0,0.11526578136881377,0.09744345595324294,1.5,1.8000000000000007,0.1,0.25,1.6847342186311869,0.0025565440467570644,1.6847361583774174
11.941069602966309,1.05,zoom,drone,dropout,1,0,626.6667137542967,287.3646466073362,417.9923465233675,285.00765347663247,,,,,0.7915978752,0.019697574059350666,0.0,0.0,world_xy,0,0.12426121176881377,0.0976672920220992,1.5,1.875,0.1,0.25,1.7507387882311862,0.0023327079779008053,1.7507403422962848
12.005878448486328,1.06,zoom,drone,dropout,1,0,635.760658366346,287.40435766836447,419.0,285.0,,,,,0.696606130176,0.017333865172228586,0.0,0.0,world_xy,0,0.13217719052081378,0.0978642677626927,1.5,1.9499999999999993,0.1,0.25,1.8178228094791855,0.0021357322373073,1.8178240640983352
12.07456088066101,1.07,zoom,drone,dropout,1,0,644.8262571940749,287.39527313897537,420.0,285.0,,,,,0.61301339455488,0.015253801351561156,0.0,0.0,world_xy,0,0.13914325182257378,0.09803760641441499,1.5,2.0249999999999986,0.1,0.25,1.8858567481774249,0.0019623935855850178,1.8858577691954705
12.133965015411377,1.08,zoom,drone,dropout,1,0,653.8652793506983,287.38618346545866,420.9923465233675,285.00765347663247,,,,,0.5394517872082945,0.013423345189373817,0.0,0.0,world_xy,0,0.14527338576812257,0.0981901444279306,1.5,2.1000000000000014,0.1,0.25,1.9547266142318789,0.0018098555720694048,1.9547274520923925
12.184216499328613,1.09,zoom,drone,dropout,1,0,663.0144598809186,287.3891409129572,421.00765347663247,285.00765347663247,,,,,0.4747175727432991,0.01181254376664896,0.0,0.0,world_xy,0,0.15066790364020552,0.09832437787982434,1.5,2.1750000000000007,0.1,0.25,2.024332096359795,0.0016756221201756627,2.024332789850012
12.232836246490479,1.1,zoom,drone,dropout,1,0,672.046626984127,287.38222789115645,422.0,285.0,,,,,0.41775146401410324,0.010395038514651084,0.0,0.0,world_xy,0,0.15541507936763851,0.09844250331749083,1.5,2.25,0.1,0.25,2.0945849206323617,0.0015574966825091796,2.0945854996959166
12.291979312896729,1.11,zoom,drone,dropout,1,0,681.1193980564203,287.37121426549675,423.0,285.0,,,,,0.36762128833241087,0.009147633892892955,0.0,0.0,world_xy,0,0.15959259400777956,0.09854645370263734,1.5,2.3249999999999993,0.1,0.25,2.16540740599222,0.0014535462973626623,2.1654078938442045
12.350220918655396,1.12,zoom,drone,dropout,1,0,690.1869930201848,287.3885116015846,423.0,285.0,,,,,0.3235067337325216,0.0080499178257458,0.0,0.0,world_xy,0,0.16326880689110368,0.09863793004156628,1.5,2.4000000000000004,0.1,0.25,2.2367311931088967,0.0013620699584337287,2.236731607828914
12.405014753341675,1.1300000000000001,zoom,drone,dropout,1,0,699.3019624492875,287.4190489668837,424.0,285.0,,,,,0.21027937692613904,0.00523244658673477,0.0,0.0,world_xy,0,0.16650387422842888,0.09871842921982374,1.5,2.4750000000000014,0.1,0.25,2.3084961257715726,0.0012815707801762666,2.308496481506096
12.458406209945679,1.1400000000000001,zoom,drone,dropout,1,0,708.3696952569355,287.36248881352736,424.0,285.0,,,,,0.1366815950019904,0.0034010902813776007,0.0,0.0,world_xy,0,0.16860666799769028,0.09877075368569109,1.5,2.5500000000000007,0.1,0.25,2.3813933320023106,0.0012292463143089155,2.3813936492632983
12.525160551071167,1.1500000000000001,zoom,drone,dropout,1,0,717.4686174724343,287.33017623221184,424.0,285.0,,,,,0.08884303675129376,0.0022107086828954407,0.0,0.0,world_xy,0,0.1699734839477102,0.09880476458850486,1.5,2.625,0.1,0.25,2.45502651605229,0.0011952354114951463,2.455026807003853
12.584561586380005,1.16,zoom,drone,dropout,1,0,726.534058790277,287.3192010552101,424.0,285.0,,,,,0.05774797388834095,0.0014369606438820366,0.0,0.0,world_xy,0,0.17086191431522313,0.09882687167533381,1.5,2.6999999999999993,0.1,0.25,2.5291380856847763,0.0011731283246661922,2.529138357759678
12.647450685501099,1.17,zoom,drone,dropout,1,0,735.6691587906145,287.363144778295,424.50766556029714,285.0074284811127,,,,,0.03753618302742162,0.0009340244185233238,0.0,0.0,world_xy,0,0.17143939405410655,0.09884124128177263,1.5,2.7749999999999986,0.1,0.25,2.603560605945892,0.0011587587182273762,2.60356086380847
12.725900888442993,1.18,zoom,drone,dropout,1,0,744.7766308446455,287.3939479638009,424.9923465233675,285.00765347663247,,,,,0.024398518967824055,0.0006071158720401605,0.0,0.0,world_xy,0,0.17181475588438078,0.09885058152595787,1.5,2.8499999999999996,0.1,0.25,2.678185244115619,0.0011494184740421381,2.67818549076823
12.791456699371338,1.19,zoom,drone,dropout,1,0,753.8265402396452,287.3864987262949,424.9923465233675,285.00765347663247,,,,,0.015859037329085637,0.00039462531682610437,0.0,0.0,world_xy,0,0.17205874107405902,0.09885665268467828,1.5,2.924999999999999,0.1,0.25,2.75294125892594,0.00114334731532173,2.7529414963525514
12.851505279541016,1.2,zoom,drone,dropout,1,0,763.5721544715446,287.38054323725055,424.9923465233675,285.00765347663247,,,,,0.010308374263905665,0.00025650645593696785,0.0,0.0,world_xy,0,0.17221733144734988,0.09886059893784653,1.5,2.9999999999999982,0.1,0.25,2.8277826685526484,0.001139401062153475,2.8277828981025963
12.913466215133667,1.21,zoom,drone,dropout,1,0,770.6055077622862,287.40314446751705,424.9923465233675,285.00765347663247,,,,,0.0067004432715386825,0.00016672919635902912,0.0,0.0,world_xy,0,0.17232041518998895,0.0988631640024059,1.5,3.0749999999999993,0.1,0.25,2.90267958481001,0.0011368359975941073,2.902679807431212
12.963687419891357,1.22,zoom,drone,dropout,1,0,775.9047945989244,287.39684174390663,424.9923465233675,285.00765347663247,,,,,0.004355288126500143,0.00010837397763336893,0.0,0.0,world_xy,0,0.17238741962270435,0.09886483129436949,1.5,3.1499999999999986,0.1,0.25,2.9776125803772944,0.0011351687056305182,2.977612796760035
13.021620988845825,1.23,zoom,drone,dropout,1,0,780.5503004595263,287.3012371862849,424.9923465233675,285.00765347663247,,,,,0.0028309372822250935,7.044308546168981e-05,0.0,0.0,world_xy,0,0.17243097250396935,0.09886591503414582,1.5,3.2249999999999996,0.1,0.25,3.0525690274960304,0.0011340849658541818,3.052569238162629
13.067893505096436,1.24,zoom,drone,dropout,1,0,784.8262067654883,287.3546180159635,424.9923465233675,285.00765347663247,,,,,0.0018401092334463108,4.578800555009838e-05,0.0,0.0,world_xy,0,0.1724592818767916,0.09886661946500044,1.5,3.299999999999999,0.1,0.25,3.1275407181232073,0.0011333805349995618,3.127540923484466
13.137779712677002,1.25,zoom,drone,dropout,1,0,788.8841709994223,287.40727902946276,424.9923465233675,285.00765347663247,,,,,0.0011960710017401021,2.976220360756395e-05,0.0,0.0,world_xy,0,0.17247768296912608,0.09886707734505594,1.5,3.375,0.1,0.25,3.202522317030874,0.0011329226549440657,3.202522517421937
13.187431812286377,1.26,zoom,drone,dropout,1,0,792.7861896838602,287.46339434276206,424.9923465233675,285.00765347663247,,,,,0.0007774461511310664,1.9345432344916567e-05,0.0,0.0,world_xy,0,0.1724896436791435,0.09886737496709201,1.5,3.4499999999999993,0.1,0.25,3.277510356320856,0.001132625032907994,3.277510552024193
13.240671634674072,1.27,zoom,drone,dropout,1,0,796.4337606837606,287.46794871794873,424.9923465233675,285.00765347663247,,,,,0.0005053399982351932,1.2574531024195768e-05,0.0,0.0,world_xy,0,0.1724974181406548,0.09886756842141546,1.5,3.5249999999999986,0.1,0.25,3.3525025818593437,0.0011324315785845446,3.3525027731196353
13.296764135360718,1.28,zoom,drone,dropout,0,0,,,424.9923465233675,285.00765347663247,,,,,0.0003284709988528756,8.17344516572725e-06,0.0,0.0,world_xy,0,0.17250247154063716,0.09886769416672571,1.5,3.5999999999999996,0.1,0.25,3.4274975284593623,0.001132305833274297,3.427497715493263
13.36608624458313,1.29,zoom,drone,dropout,0,0,,,424.9923465233675,285.00765347663247,,,,,0.00021350614925436914,5.3127393577227126e-06,0.0,0.0,world_xy,0,0.1725057562506257,0.09886777590117736,1.5,3.6750000000000007,0.1,0.25,3.502494243749375,0.0011322240988226456,3.5024944267520137
13.575839281082153,1.3,zoom,drone,dropout,0,0,,,424.9923465233675,285.00765347663247,,,,,0.00013877899701533994,3.4532805825197632e-06,0.0,0.0,world_xy,0,0.17250789131211824,0.09886782902857094,1.5,3.75,0.1,0.25,3.5774921086878817,0.001132170971429064,3.5774922878372744
13.64905047416687,1.31,zoom,drone,dropout,0,0,,,424.9923465233675,285.00765347663247,,,,,9.020634805997096e-05,2.2446323786378463e-06,0.0,0.0,world_xy,0,0.1725092791020884,0.09886786356137676,1.5,3.8249999999999993,0.1,0.25,3.652490720897911,0.0011321364386232408,3.652490896358026
13.778341293334961,1.32,zoom,drone,dropout,0,0,,,424.9923465233675,285.00765347663247,,,,,5.863412623898113e-05,1.4590110461146001e-06,0.0,0.0,world_xy,0,0.17251018116556902,0.09886788600770055,1.5,3.8999999999999986,0.1,0.25,3.7274898188344294,0.001132113992299455,3.7274899907573755
13.875560998916626,1.33,zoom,drone,dropout,0,0,,,424.9923465233675,285.00765347663247,,,,,3.8112182055337735e-05,9.483571799744901e-07,0.0,0.0,world_xy,0,0.1725107675068314,0.09886790059781102,1.5,3.9750000000000014,0.1,0.25,3.80248923249317,0.001132099402188988,3.802489401020804
13.98003888130188,1.34,zoom,drone,dropout,0,0,,,424.9923465233675,285.00765347663247,,,,,2.4772918335969527e-05,6.164321669834186e-07,0.0,0.0,world_xy,0,0.17251114862865194,0.09886791008138282,1.5,4.050000000000001,0.1,0.25,3.8774888513713486,0.0011320899186171851,3.877489016636499
14.038541793823242,1.35,zoom,drone,dropout,0,0,,,424.9923465233675,285.00765347663247,,,,,1.6102396918380192e-05,4.0068090853922215e-07,0.0,0.0,world_xy,0,0.1725113963578353,0.09886791624570448,1.5,4.125,0.1,0.25,3.9524886036421645,0.0011320837542955209,3.9524887657695897
14.143072366714478,1.36,zoom,drone,dropout,0,0,,,424.9923465233675,285.00765347663247,,,,,1.0466557996947125e-05,2.604425905504944e-07,0.0,0.0,world_xy,0,0.1725115573818045,0.09886792025251356,1.5,4.199999999999999,0.1,0.25,4.0274884426181945,0.001132079747486442,4.027488601725358
14.238062381744385,1.37,zoom,drone,dropout,0,0,,,424.9923465233675,285.00765347663247,,,,,6.803262698015631e-06,1.6928768385782136e-07,0.0,0.0,world_xy,0,0.17251166204738447,0.09886792285693947,1.5,4.275,0.1,0.25,4.102488337952616,0.0011320771430605309,4.102488494150334
14.39903736114502,1.3800000000000001,zoom,drone,dropout,0,0,,,424.9923465233675,285.00765347663247,,,,,4.42212075371016e-06,1.1003699450758388e-07,0.0,0.0,world_xy,0,0.17251173008001144,0.09886792454981631,1.5,4.350000000000001,0.1,0.25,4.17748826991999,0.0011320754501836922,4.177488423312975
14.58512544631958,1.3900000000000001,zoom,drone,dropout,0,0,,,424.9923465233675,285.00765347663247,,,,,2.874378489911604e-06,7.152404642992953e-08,0.0,0.0,world_xy,0,0.17251177430121897,0.09886792565018626,1.5,4.425000000000001,0.1,0.25,4.252488225698782,0.0011320743498137442,4.252488376386125
14.747048139572144,1.4000000000000001,zoom,drone,dropout,0,0,,,424.9923465233675,285.00765347663247,,,,,1.8683460184425428e-06,4.649063017945419e-08,0.0,0.0,world_xy,0,0.17251180304500388,0.09886792636542673,1.5,4.5,0.1,0.25,4.327488196954996,0.0011320736345732801,4.327488345030581
14.895669937133789,1.41,zoom,drone,dropout,0,0,,,424.9923465233675,285.00765347663247,,,,,1.214424911987653e-06,3.021890961664523e-08,0.0,0.0,world_xy,0,0.17251182172846408,0.09886792683033303,1.5,4.574999999999999,0.1,0.25,4.402488178271535,0.0011320731696669722,4.402488323824413
15.001551389694214,1.42,zoom,drone,dropout,0,0,,,424.9923465233675,285.00765347663247,,,,,7.893761927919745e-07,1.9642291250819398e-08,0.0,0.0,world_xy,0,0.17251183387271318,0.09886792713252213,1.5,4.649999999999999,0.1,0.25,4.477488166127285,0.001132072867477879,4.477488309242008
15.108560562133789,1.43,zoom,drone,dropout,0,0,,,424.9923465233675,285.00765347663247,,,,,5.130945253147834e-07,1.276748931303261e-08,0.0,0.0,world_xy,0,0.1725118417664751,0.09886792732894503,1.5,4.725,0.1,0.25,4.552488158233524,0.0011320726710549733,4.552488298990454
15.223659753799438,1.44,zoom,drone,dropout,0,0,,,424.9923465233675,285.00765347663247,,,,,3.3351144145460927e-07,8.298868053471196e-09,0.0,0.0,world_xy,0,0.17251184689742036,0.09886792745661993,1.5,4.799999999999999,0.1,0.25,4.627488153102578,0.001132072543380075,4.627488291578159
15.315978288650513,1.45,zoom,drone,dropout,0,0,,,424.9923465233675,285.00765347663247,,,,,2.1678243694549604e-07,5.394264234756277e-09,0.0,0.0,world_xy,0,0.17251185023253476,0.09886792753960862,1.5,4.874999999999998,0.1,0.25,4.702488149767463,0.0011320724603913895,4.702488286034477
15.450362205505371,1.46,zoom,drone,dropout,0,0,,,424.9923465233675,285.00765347663247,,,,,1.4090858401457242e-07,3.5062717525915803e-09,0.0,0.0,world_xy,0,0.17251185240035913,0.09886792759355126,1.5,4.949999999999999,0.1,0.25,4.77748814759964,0.0011320724064487475,4.777488281727437
15.54691195487976,1.47,zoom,drone,dropout,0,0,,,424.9923465233675,285.00765347663247,,,,,9.159057960947207e-08,2.279076639184527e-09,0.0,0.0,world_xy,0,0.17251185380944498,0.09886792762861397,1.5,5.024999999999999,0.1,0.25,4.852488146190554,0.001132072371386031,4.852488278245264
15.61780333518982,1.48,zoom,drone,dropout,0,0,,,424.9923465233675,285.00765347663247,,,,,5.953387674615685e-08,1.4813998154699428e-09,0.0,0.0,world_xy,0,0.17251185472535077,0.09886792765140474,1.5,5.1,0.1,0.25,4.927488145274649,0.0011320723485952616,4.9274882753193845
15.709527730941772,1.49,zoom,drone,dropout,0,0,,,424.9923465233675,285.00765347663247,,,,,3.8697019885001955e-08,9.629098800554629e-10,0.0,0.0,world_xy,0,0.17251185532068955,0.09886792766621874,1.5,5.174999999999999,0.1,0.25,5.002488144679309,0.0011320723337812644,5.0024882727743405
15.788575410842896,1.5,zoom,drone,dropout,0,0,,,424.9923465233675,285.00765347663247,,,,,2.5153062925251272e-08,6.258914220360509e-10,0.0,0.0,world_xy,0,0.17251185570765976,0.09886792767584784,1.5,5.25,0.1,0.25,5.0774881442923405,0.0011320723241521613,5.077488270495268
15.872462511062622,1.51,zoom,drone,dropout,0,0,,,424.9923465233675,285.00765347663247,,,,,1.6349490901413326e-08,4.068294243234331e-10,0.0,0.0,world_xy,0,0.17251185595919039,0.09886792768210675,1.5,5.324999999999999,0.1,0.25,5.152488144040809,0.0011320723178932512,5.1524882684067155
15.938401222229004,1.52,zoom,drone,dropout,0,0,,,424.9923465233675,285.00765347663247,,,,,1.0627169085918662e-08,2.644391258102315e-10,0.0,0.0,world_xy,0,0.1725118561226853,0.09886792768617504,1.5,5.399999999999999,0.1,0.25,5.227488143877313,0.0011320723138249639,5.227488266458912
16.004069089889526,1.53,zoom,drone,dropout,0,0,,,424.9923465233675,285.00765347663247,,,,,6.90765990584713e-09,1.718854317766505e-10,0.0,0.0,world_xy,0,0.17251185622895698,0.09886792768881943,1.5,5.475,0.1,0.25,5.3024881437710425,0.0011320723111805792,5.302488264618809
16.064249992370605,1.54,zoom,drone,dropout,0,0,,,424.9923465233675,285.00765347663247,,,,,4.4899789388006345e-09,1.1172553065482283e-10,0.0,0.0,world_xy,0,0.1725118562980336,0.09886792769053829,1.5,5.550000000000001,0.1,0.25,5.377488143701967,0.001132072309461718,5.377488262864266
16.126200675964355,1.55,zoom,drone,dropout,0,0,,,424.9923465233675,285.00765347663247,,,,,2.9184863102204124e-09,7.262159492563483e-11,0.0,0.0,world_xy,0,0.17251185634293337,0.09886792769165555,1.5,5.625,0.1,0.25,5.4524881436570665,0.001132072308344459,5.452488261180266
16.190918684005737,1.56,zoom,drone,dropout,0,0,,,424.9923465233675,285.00765347663247,,,,,1.897016101643268e-09,4.720403670166264e-11,0.0,0.0,world_xy,0,0.17251185637211824,0.09886792769238176,1.5,5.699999999999999,0.1,0.25,5.527488143627881,0.0011320723076182482,5.527488259556461
16.2538001537323,1.57,zoom,drone,dropout,0,0,,,424.9923465233675,285.00765347663247,,,,,1.2330604660681242e-09,3.068262385608072e-11,0.0,0.0,world_xy,0,0.1725118563910884,0.0988679276928538,1.5,5.774999999999999,0.1,0.25,5.60248814360891,0.001132072307146209,5.602488257985564
16.314290046691895,1.58,zoom,drone,dropout,0,0,,,424.9923465233675,285.00765347663247,,,,,8.014893029442808e-10,1.994370550645247e-11,0.0,0.0,world_xy,0,0.172511856403419,0.09886792769316062,1.5,5.850000000000001,0.1,0.25,5.677488143596582,0.001132072306839385,5.677488256462313
16.368709087371826,1.59,zoom,drone,dropout,0,0,,,424.9923465233675,285.00765347663247,,,,,5.209680469137825e-10,1.2963408579194105e-11,0.0,0.0,world_xy,0,0.1725118564114339,0.09886792769336006,1.5,5.925000000000001,0.1,0.25,5.752488143588566,0.0011320723066399474,5.752488254982772
16.443190813064575,1.6,zoom,drone,dropout,0,0,,,424.9923465233675,285.00765347663247,,,,,3.3862923049395864e-10,8.426215576476169e-12,0.0,0.0,world_xy,0,0.1725118564166436,0.09886792769348969,1.5,-6.0,0.1,0.25,-6.1725118564166435,0.001132072306510315,6.172511960230757
16.51516079902649,1.61,zoom,drone,dropout,0,0,,,424.9923465233675,285.00765347663247,,,,,2.2010899982107312e-10,5.47704012470951e-12,0.0,0.0,world_xy,0,0.1725118564200299,0.09886792769357396,1.5,-5.925,0.1,0.25,-6.09751185642003,0.001132072306426049,6.097511961511068
16.669137239456177,1.62,zoom,drone,dropout,0,0,,,424.9923465233675,285.00765347663247,,,,,1.4307084988369754e-10,3.5600760810611818e-12,0.0,0.0,world_xy,0,0.172511856422231,0.09886792769362873,1.5,-5.85,0.1,0.25,-6.022511856422231,0.0011320723063712734,6.022511962821996
16.793721675872803,1.6300000000000001,zoom,drone,dropout,0,0,,,424.9923465233675,285.00765347663247,,,,,9.29960524244034e-11,2.3140494526897683e-12,0.0,0.0,world_xy,0,0.1725118564236617,0.09886792769366433,1.5,-5.7749999999999995,0.1,0.25,-5.947511856423661,0.001132072306335677,5.947511964165161
16.893333435058594,1.6400000000000001,zoom,drone,dropout,0,0,,,424.9923465233675,285.00765347663247,,,,,6.044743407586221e-11,1.5041321442483495e-12,0.0,0.0,world_xy,0,0.17251185642459166,0.09886792769368746,1.5,-5.699999999999999,0.1,0.25,-5.872511856424591,0.0011320723063125426,5.872511965542097
16.990302801132202,1.6500000000000001,zoom,drone,dropout,0,0,,,424.9923465233675,285.00765347663247,,,,,3.929083214931044e-11,9.776858937614271e-13,0.0,0.0,world_xy,0,0.17251185642519612,0.0988679276937025,1.5,-5.625,0.1,0.25,-5.797511856425196,0.0011320723062974991,5.79751196695431
17.083354473114014,1.6600000000000001,zoom,drone,dropout,0,0,,,424.9923465233675,285.00765347663247,,,,,2.5539040897051788e-11,6.354958309449277e-13,0.0,0.0,world_xy,0,0.17251185642558903,0.09886792769371228,1.5,-5.55,0.1,0.25,-5.722511856425589,0.0011320723062877291,5.722511968403312
17.17607307434082,1.67,zoom,drone,dropout,0,0,,,424.9923465233675,285.00765347663247,,,,,1.6600376583083663e-11,4.13072290114203e-13,0.0,0.0,world_xy,0,0.1725118564258444,0.09886792769371863,1.5,-5.475000000000001,0.1,0.25,-5.6475118564258455,0.0011320723062813731,5.647511969890654
17.272568464279175,1.68,zoom,drone,dropout,0,0,,,424.9923465233675,285.00765347663247,,,,,1.079024477900438e-11,2.6849698857423195e-13,0.0,0.0,world_xy,0,0.1725118564260104,0.09886792769372277,1.5,-5.400000000000001,0.1,0.25,-5.572511856426011,0.0011320723062772375,5.572511971417933
17.346153020858765,1.69,zoom,drone,dropout,0,0,,,424.9923465233675,285.00765347663247,,,,,7.013659106352847e-12,1.7452304257325077e-13,0.0,0.0,world_xy,0,0.17251185642611833,0.09886792769372545,1.5,-5.325000000000001,0.1,0.25,-5.49751185642612,0.0011320723062745591,5.497511972986823
17.427669286727905,1.7,zoom,drone,dropout,0,0,,,424.9923465233675,285.00765347663247,,,,,4.558878419129351e-12,1.13439977672613e-13,0.0,0.0,world_xy,0,0.17251185642618846,0.0988679276937272,1.5,-5.250000000000001,0.1,0.25,-5.42251185642619,0.0011320723062728105,5.42251197459907
17.51637578010559,1.71,zoom,drone,dropout,0,0,,,424.9923465233675,285.00765347663247,,,,,2.9632709724340784e-12,7.373598548719846e-14,0.0,0.0,world_xy,0,0.17251185642623407,0.09886792769372833,1.5,-5.175000000000001,0.1,0.25,-5.347511856426235,0.0011320723062716725,5.3475119762565155
17.659587383270264,1.72,zoom,drone,dropout,0,0,,,424.9923465233675,285.00765347663247,,,,,1.926126132082151e-12,4.7928390566679e-14,0.0,0.0,world_xy,0,0.1725118564262637,0.09886792769372907,1.5,-5.1000000000000005,0.1,0.25,-5.272511856426264,0.001132072306270937,5.272511977961097
17.786770820617676,1.73,zoom,drone,dropout,0,0,,,424.9923465233675,285.00765347663247,,,,,1.2519819858533983e-12,3.115345386834135e-14,0.0,0.0,world_xy,0,0.17251185642628297,0.09886792769372955,1.5,-5.025,0.1,0.25,-5.197511856426283,0.0011320723062704513,5.197511979714862
17.905115604400635,1.74,zoom,drone,dropout,0,0,,,424.9923465233675,285.00765347663247,,,,,8.137882908047089e-13,2.024974501442188e-14,0.0,0.0,world_xy,0,0.1725118564262955,0.09886792769372986,1.5,-4.950000000000001,0.1,0.25,-5.122511856426296,0.001132072306270146,5.122511981519974
17.984407901763916,1.75,zoom,drone,dropout,0,0,,,424.9923465233675,285.00765347663247,,,,,5.289623890230608e-13,1.3162334259374222e-14,0.0,0.0,world_xy,0,0.17251185642630362,0.09886792769373007,1.5,-4.875000000000001,0.1,0.25,-5.047511856426304,0.0011320723062699378,5.047511983378724
18.134546756744385,1.76,zoom,drone,dropout,0,0,,,424.9923465233675,285.00765347663247,,,,,3.4382555286498955e-13,8.555517268593244e-15,0.0,0.0,world_xy,0,0.17251185642630892,0.09886792769373019,1.5,-4.800000000000001,0.1,0.25,-4.972511856426309,0.001132072306269813,4.972511985293543
18.316014528274536,1.77,zoom,drone,dropout,0,0,,,424.9923465233675,285.00765347663247,,,,,2.2348660936224322e-13,5.561086224585609e-15,0.0,0.0,world_xy,0,0.17251185642631237,0.09886792769373028,1.5,-4.7250000000000005,0.1,0.25,-4.897511856426313,0.0011320723062697297,4.897511987267006
18.44666838645935,1.78,zoom,drone,dropout,0,0,,,424.9923465233675,285.00765347663247,,,,,1.452662960854581e-13,3.6147060459806455e-15,0.0,0.0,world_xy,0,0.1725118564263146,0.09886792769373033,1.5,-4.65,0.1,0.25,-4.822511856426315,0.0011320723062696741,4.822511989301851
18.58184313774109,1.79,zoom,drone,dropout,0,0,,,424.9923465233675,285.00765347663247,,,,,9.442309245554777e-14,2.3495589298874197e-15,0.0,0.0,world_xy,0,0.17251185642631606,0.09886792769373037,1.5,-4.575,0.1,0.25,-4.747511856426316,0.0011320723062696325,4.747511991400986
18.75745463371277,1.8,zoom,drone,dropout,0,0,,,424.9923465233675,285.00765347663247,,,,,6.137501009610605e-14,1.527213304426823e-15,0.0,0.0,world_xy,0,0.172511856426317,0.0988679276937304,1.5,-4.5,0.1,0.25,-4.672511856426317,0.0011320723062696048,4.672511993567508
18.90540599822998,1.81,zoom,drone,dropout,0,0,,,424.9923465233675,285.00765347663247,,,,,3.989375656246894e-14,9.92688647877435e-16,0.0,0.0,world_xy,0,0.1725118564263176,0.09886792769373041,1.5,-4.425000000000001,0.1,0.25,-4.597511856426318,0.0011320723062695909,4.597511995804718
19.008514165878296,1.82,zoom,drone,dropout,0,0,,,424.9923465233675,285.00765347663247,,,,,2.593094176560481e-14,6.452476211203328e-16,0.0,0.0,world_xy,0,0.172511856426318,0.09886792769373043,1.5,-4.35,0.1,0.25,-4.522511856426318,0.001132072306269577,4.522511998116127
19.099546432495117,1.83,zoom,drone,dropout,0,0,,,424.9923465233675,285.00765347663247,,,,,1.6855112147643128e-14,4.194109537282163e-16,0.0,0.0,world_xy,0,0.17251185642631825,0.09886792769373043,1.5,-4.275,0.1,0.25,-4.447511856426319,0.001132072306269577,4.447512000505495
19.19824719429016,1.84,zoom,drone,dropout,0,0,,,424.9923465233675,285.00765347663247,,,,,1.0955822895968033e-14,2.726171199233406e-16,0.0,0.0,world_xy,0,0.17251185642631842,0.09886792769373043,1.5,-4.2,0.1,0.25,-4.372511856426319,0.001132072306269577,4.372512002976829
19.271233081817627,1.85,zoom,drone,dropout,0,0,,,424.9923465233675,285.00765347663247,,,,,7.121284882379221e-15,1.772011279501714e-16,0.0,0.0,world_xy,0,0.17251185642631853,0.09886792769373043,1.5,-4.125,0.1,0.25,-4.297511856426318,0.001132072306269577,4.297512005534422
19.348086833953857,1.86,zoom,drone,dropout,0,0,,,424.9923465233675,285.00765347663247,,,,,4.628835173546494e-15,1.1518073316761143e-16,0.0,0.0,world_xy,0,0.1725118564263186,0.09886792769373043,1.5,-4.05,0.1,0.25,-4.222511856426318,0.001132072306269577,4.22251200818287
19.434701204299927,1.87,zoom,drone,dropout,0,0,,,424.9923465233675,285.00765347663247,,,,,3.0087428628052213e-15,7.486747655894743e-17,0.0,0.0,world_xy,0,0.17251185642631867,0.09886792769373043,1.5,-3.9749999999999996,0.1,0.25,-4.147511856426318,0.001132072306269577,4.1475120109271035
19.49806571006775,1.8800000000000001,zoom,drone,dropout,0,0,,,424.9923465233675,285.00765347663247,,,,,1.955682860823394e-15,4.866385976331583e-17,0.0,0.0,world_xy,0,0.1725118564263187,0.09886792769373043,1.5,-3.9,0.1,0.25,-4.072511856426319,0.001132072306269577,4.072512013772415
19.566699266433716,1.8900000000000001,zoom,drone,dropout,0,0,,,424.9923465233675,285.00765347663247,,,,,1.271193859535206e-15,3.163150884615529e-17,0.0,0.0,world_xy,0,0.17251185642631872,0.09886792769373043,1.5,-3.8249999999999997,0.1,0.25,-3.9975118564263186,0.001132072306269577,3.9975120167244897
19.643922805786133,1.9000000000000001,zoom,drone,dropout,0,0,,,424.9923465233675,285.00765347663247,,,,,8.262760086978839e-16,2.056048075000094e-17,0.0,0.0,world_xy,0,0.17251185642631872,0.09886792769373043,1.5,-3.7499999999999996,0.1,0.25,-3.9225118564263184,0.001132072306269577,3.922512019789455
19.721395015716553,1.9100000000000001,zoom,drone,dropout,0,0,,,424.9923465233675,285.00765347663247,,,,,5.370794056536246e-16,1.3364312487500611e-17,0.0,0.0,world_xy,0,0.17251185642631872,0.09886792769373043,1.5,-3.675,0.1,0.25,-3.8475118564263187,0.001132072306269577,3.847512022973912
19.799152612686157,1.92,zoom,drone,dropout,0,0,,,424.9923465233675,285.00765347663247,,,,,3.4910161367485597e-16,8.686803116875398e-18,0.0,0.0,world_xy,0,0.17251185642631872,0.09886792769373043,1.5,-3.6000000000000014,0.1,0.25,-3.7725118564263203,0.001132072306269577,3.7725120262849883
19.974409341812134,1.93,zoom,drone,dropout,1,0,2.5721868365180467,287.45222929936307,424.9923465233675,285.00765347663247,,,,,2.2691604888865637e-16,5.646422025969009e-18,0.0,0.0,world_xy,0,0.17251185642631872,0.09886792769373043,1.5,-3.5250000000000012,0.1,0.25,-3.69751185642632,0.001132072306269577,3.6975120297303863
20.103508949279785,1.94,zoom,drone,dropout,1,0,6.241293532338308,287.4618573797678,424.9923465233675,285.00765347663247,,,,,1.4749543177762665e-16,3.670174316879856e-18,0.0,0.0,world_xy,0,0.17251185642631872,0.09886792769373043,1.5,-3.450000000000001,0.1,0.25,-3.62251185642632,0.001132072306269577,3.6225120333184497
20.208534717559814,1.95,zoom,drone,dropout,1,0,10.087308470656259,287.449696444059,424.9923465233675,285.00765347663247,,,,,9.587203065545733e-17,2.3856133059719068e-18,0.0,0.0,world_xy,0,0.17251185642631872,0.09886792769373043,1.5,-3.375000000000001,0.1,0.25,-3.5475118564263197,0.001132072306269577,3.5475120370582283
20.305641412734985,1.96,zoom,drone,dropout,1,0,14.168470007593013,287.4464692482916,424.9923465233675,285.00765347663247,,,,,6.231681992604726e-17,1.5506486488817395e-18,0.0,0.0,world_xy,0,0.17251185642631872,0.09886792769373043,1.5,-3.3000000000000007,0.1,0.25,-3.4725118564263195,0.001132072306269577,3.472512040959552
20.379225492477417,1.97,zoom,drone,dropout,1,0,18.45286088125044,287.3847513968456,424.9923465233675,285.00765347663247,,,,,4.0505932951930724e-17,1.0079216217731307e-18,0.0,0.0,world_xy,0,0.17251185642631872,0.09886792769373043,1.5,-3.225000000000001,0.1,0.25,-3.39751185642632,0.001132072306269577,3.397512045033119
20.455467700958252,1.98,zoom,drone,dropout,1,0,23.098399085191538,287.4022298456261,424.9923465233675,285.00765347663247,,,,,2.632885641875497e-17,6.55149054152535e-19,0.0,0.0,world_xy,0,0.17251185642631872,0.09886792769373043,1.5,-3.150000000000001,0.1,0.25,-3.3225118564263196,0.001132072306269577,3.322512049290593
20.53851318359375,1.99,zoom,drone,dropout,1,0,28.399980223474735,287.3935034114506,424.9923465233675,285.00765347663247,,,,,1.711375667219073e-17,4.2584688519914775e-19,0.0,0.0,world_xy,0,0.17251185642631872,0.09886792769373043,1.5,-3.0750000000000006,0.1,0.25,-3.2475118564263195,0.001132072306269577,3.2475120537447166
20.649749755859375,2.0,zoom,drone,dropout,1,0,35.39697980359459,287.38340744858255,424.9923465233675,285.00765347663247,,,,,1.1123941836923975e-17,2.7680047537944603e-19,0.0,0.0,world_xy,0,0.17251185642631872,0.09886792769373043,1.5,-3.000000000000001,0.1,0.25,-3.1725118564263197,0.001132072306269577,3.1725120584094366
20.760143280029297,2.0100000000000002,zoom,drone,dropout,1,0,45.16440422322775,287.3904128959276,424.9923465233675,285.00765347663247,,,,,7.230562194000583e-18,1.7992030899663993e-19,0.0,0.0,world_xy,0,0.17251185642631872,0.09886792769373043,1.5,-2.924999999999999,0.1,0.25,-3.0975118564263178,0.001132072306269577,3.097512063300048
20.842726707458496,2.02,zoom,drone,dropout,1,0,54.2438725490196,287.40738122171945,424.9923465233675,285.00765347663247,,,,,4.699865426100379e-18,1.1694820084781596e-19,0.0,0.0,world_xy,0,0.17251185642631872,0.09886792769373043,1.5,-2.8500000000000005,0.1,0.25,-3.0225118564263194,0.001132072306269577,3.022512068433372
21.08258581161499,2.0300000000000002,zoom,drone,dropout,1,0,63.33375664361977,287.3746766379756,424.9923465233675,285.00765347663247,,,,,3.0549125269652466e-18,7.601633055108038e-20,0.0,0.0,world_xy,0,0.17251185642631872,0.09886792769373043,1.5,-2.7749999999999986,0.1,0.25,-2.9475118564263174,0.001132072306269577,2.9475120738279297
21.1588191986084,2.04,zoom,drone,dropout,1,0,72.45220588235294,287.35289404223226,424.9923465233675,285.00765347663247,,,,,1.9856931425274103e-18,4.941061485820225e-20,0.0,0.0,world_xy,0,0.17251185642631872,0.09886792769373043,1.5,-2.7,0.1,0.25,-2.872511856426319,0.001132072306269577,2.87251207950419
21.28869128227234,2.05,zoom,drone,dropout,1,0,81.5292538157151,287.35000942151873,424.9923465233675,285.00765347663247,,,,,1.2907005426428168e-18,3.2116899657831465e-20,0.0,0.0,world_xy,0,0.17251185642631872,0.09886792769373043,1.5,-2.6250000000000018,0.1,0.25,-2.7975118564263206,0.001132072306269577,2.7975120854848052
21.432056188583374,2.06,zoom,drone,dropout,1,0,90.6344678246952,287.391940874641,424.9923465233675,285.00765347663247,,,,,8.38955352717831e-19,2.0875984777590454e-20,0.0,0.0,world_xy,0,0.17251185642631872,0.09886792769373043,1.5,-2.5500000000000003,0.1,0.25,-2.722511856426319,0.001132072306269577,2.722512091794927
21.573678731918335,2.07,zoom,drone,dropout,1,0,99.72388763197586,287.4005938914027,424.9923465233675,285.00765347663247,,,,,5.453209792665902e-19,1.3569390105433795e-20,0.0,0.0,world_xy,0,0.17251185642631872,0.09886792769373043,1.5,-2.475000000000002,0.1,0.25,-2.6475118564263207,0.001132072306269577,2.647512098462564
21.676685333251953,2.08,zoom,drone,dropout,1,0,108.8140499764262,287.3954738330976,424.9923465233675,285.00765347663247,,,,,3.544586365232836e-19,8.820103568531968e-21,0.0,0.0,world_xy,0,0.17251185642631872,0.09886792769373043,1.5,-2.4000000000000004,0.1,0.25,-2.572511856426319,0.001132072306269577,2.5725121055189795
21.811281204223633,2.09,zoom,drone,dropout,1,0,117.88665534163835,287.41180634201584,424.9923465233675,285.00765347663247,,,,,2.3039811374013435e-19,5.733067319545779e-21,0.0,0.0,world_xy,0,0.17251185642631872,0.09886792769373043,1.5,-2.325000000000002,0.1,0.25,-2.497511856426321,0.001132072306269577,2.497512112999205
21.95436978340149,2.1,zoom,drone,dropout,1,0,126.96087326339665,287.40870428125885,424.9923465233675,285.00765347663247,,,,,1.4975877393108734e-19,3.726493757704757e-21,0.0,0.0,world_xy,0,0.17251185642631872,0.09886792769373043,1.5,-2.25,0.1,0.25,-2.422511856426319,0.001132072306269577,2.422512120942596
22.05199956893921,2.11,zoom,drone,dropout,1,0,136.00722994045933,287.3915508931103,424.9923465233675,285.00765347663247,,,,,9.734320305520678e-20,2.422220942508092e-21,0.0,0.0,world_xy,0,0.17251185642631872,0.09886792769373043,1.5,-2.1750000000000016,0.1,0.25,-2.3475118564263204,0.001132072306269577,2.3475121293935532
22.2656466960907,2.12,zoom,drone,dropout,1,0,145.1038305500519,287.3754599490518,424.9923465233675,285.00765347663247,,,,,6.32730819858844e-20,1.5744436126302598e-21,0.0,0.0,world_xy,0,0.17251185642631872,0.09886792769373043,1.5,-2.0999999999999996,0.1,0.25,-2.2725118564263185,0.001132072306269577,2.272512138402323
22.378787755966187,2.13,zoom,drone,dropout,1,0,154.17963591775134,287.38624787775893,424.9923465233675,285.00765347663247,,,,,4.112750329082486e-20,1.0233883482096689e-21,0.0,0.0,world_xy,0,0.17251185642631872,0.09886792769373043,1.5,-2.0250000000000012,0.1,0.25,-2.19751185642632,0.001132072306269577,2.197512148026026
22.46718168258667,2.14,zoom,drone,dropout,1,0,163.2536313903037,287.4073288058857,424.9923465233675,285.00765347663247,,,,,2.673287713903616e-20,6.652024263362848e-22,0.0,0.0,world_xy,0,0.17251185642631872,0.09886792769373043,1.5,-1.9499999999999993,0.1,0.25,-2.122511856426318,0.001132072306269577,2.122512158329841
22.608444929122925,2.15,zoom,drone,dropout,1,0,172.37428719543803,287.3885668504642,424.9923465233675,285.00765347663247,,,,,1.7376370140373505e-20,4.323815771185852e-22,0.0,0.0,world_xy,0,0.17251185642631872,0.09886792769373043,1.5,-1.8750000000000018,0.1,0.25,-2.0475118564263206,0.001132072306269577,2.047512169388515
22.70116901397705,2.16,zoom,drone,dropout,1,0,181.46433625813756,287.36479856590245,424.9923465233675,285.00765347663247,,,,,1.1294640591242779e-20,2.8104802512708035e-22,0.0,0.0,world_xy,0,0.17251185642631872,0.09886792769373043,1.5,-1.7999999999999998,0.1,0.25,-1.9725118564263187,0.001132072306269577,1.9725121812881432
22.80795907974243,2.17,zoom,drone,dropout,1,0,190.54276408949306,287.35056169168314,424.9923465233675,285.00765347663247,,,,,7.341516384307807e-21,1.8268121633260223e-22,0.0,0.0,world_xy,0,0.17251185642631872,0.09886792769373043,1.5,-1.7250000000000014,0.1,0.25,-1.8975118564263203,0.001132072306269577,1.8975121941284505
22.89669966697693,2.18,zoom,drone,dropout,1,0,199.67605168836067,287.40718732314656,424.9923465233675,285.00765347663247,,,,,4.771985649800074e-21,1.1874279061619146e-22,0.0,0.0,world_xy,0,0.17251185642631872,0.09886792769373043,1.5,-1.6499999999999995,0.1,0.25,-1.8225118564263183,0.001132072306269577,1.8225122080255627
22.981579303741455,2.19,zoom,drone,dropout,1,0,208.76915817289543,287.38972253680635,424.9923465233675,285.00765347663247,,,,,3.1017906723700484e-21,7.718281390052445e-23,0.0,0.0,world_xy,0,0.17251185642631872,0.09886792769373043,1.5,-1.575000000000001,0.1,0.25,-1.74751185642632,0.001132072306269577,1.747512223115555
23.114813327789307,2.2,zoom,drone,dropout,1,0,217.8135033050047,287.3919263456091,424.9923465233675,285.00765347663247,,,,,2.0161639370405315e-21,5.0168829035340896e-23,0.0,0.0,world_xy,0,0.17251185642631872,0.09886792769373043,1.5,-1.4999999999999991,0.1,0.25,-1.672511856426318,0.001132072306269577,1.6725122395588963
23.220717430114746,2.21,zoom,drone,dropout,1,0,226.93003122338916,287.4036332671019,424.9923465233675,285.00765347663247,,,,,1.3105065590763456e-21,3.260973887297158e-23,0.0,0.0,world_xy,0,0.17251185642631872,0.09886792769373043,1.5,-1.4250000000000007,0.1,0.25,-1.5975118564263195,0.001132072306269577,1.5975122575462049
23.609618663787842,2.22,zoom,drone,dropout,1,0,235.97560283687943,287.40070921985813,424.9923465233675,285.00765347663247,,,,,8.518292633996246e-22,2.1196330267431528e-23,0.0,0.0,world_xy,0,0.17251185642631872,0.09886792769373043,1.5,-1.3499999999999996,0.1,0.25,-1.5225118564263185,0.001132072306269577,1.522512277305645
23.96392560005188,2.23,zoom,drone,dropout,1,0,245.02480861922314,287.37453926850014,424.9923465233675,285.00765347663247,,,,,5.53689021209756e-22,1.3777614673830494e-23,0.0,0.0,world_xy,0,0.17251185642631872,0.09886792769373043,1.5,-1.2750000000000004,0.1,0.25,-1.4475118564263192,0.001132072306269577,1.4475122991126796
24.21661376953125,2.24,zoom,drone,tracking,1,1,254.12066685557758,287.3906205724001,424.9923465233675,285.00765347663247,10.779442363712027,299.15224025523645,-389.220557636288,-0.8477597447635503,-0.7732295442775228,0.026121590364074066,0.0,0.0,world_xy,1,0.17251185642631872,0.09886792769373043,1.5,-1.1999999999999993,0.1,0.25,-1.3725118564263181,0.001132072306269577,1.372512323302973
24.34611487388611,2.25,zoom,drone,tracking,1,1,263.1988759799754,287.3937376027203,423.9923465233675,285.00765347663247,22.57041262315727,299.26661234165493,-377.42958737684273,-0.733387658345066,-1.5,0.019821979905629058,0.0,0.0,world_xy,1,0.1647795609835435,0.09912914359737117,1.5,-1.1250000000000009,0.1,0.25,-1.2897795609835443,0.0008708564026288362,1.2897798549837016
24.42065978050232,2.2600000000000002,zoom,drone,tracking,1,1,272.2546296296296,287.3861961451247,421.00765347663247,284.9923465233675,35.96544682462404,299.282740993184,-364.03455317537595,-0.7172590068159934,-1.5,0.016809740032509006,0.0,0.0,world_xy,1,0.1497795609835435,0.09932736339642746,1.5,-1.049999999999999,0.1,0.25,-1.1997795609835424,0.0006726366035725434,1.1997797495348312
24.608558654785156,2.27,zoom,drone,tracking,1,1,281.3780458954341,287.3973503666903,419.0,285.0,50.22911273888858,299.3550696700997,-349.7708872611114,-0.6449303299003191,-1.5,0.014658616643532563,0.0,0.0,world_xy,1,0.1347795609835435,0.09949546079675255,1.5,-0.9750000000000005,0.1,0.25,-1.1097795609835441,0.0005045392032474588,1.1097796756728948
24.684090852737427,2.2800000000000002,zoom,drone,tracking,1,1,290.49305752337773,287.33815056201,417.0,285.0,65.82426621401797,299.3763844684914,-334.17573378598206,-0.6236155315086194,-1.5,0.013456148336184467,0.0,0.0,world_xy,1,0.11977956098354349,0.09964204696318787,1.5,-0.8999999999999986,0.1,0.25,-1.019779560983542,0.00035795303681213086,1.0197796238061252
24.907016038894653,2.29,zoom,drone,tracking,1,1,299.54567375886523,287.3500236406619,415.0,285.0,84.2694740755398,299.43402109454166,-315.7305259244602,-0.5659789054583371,-1.5,0.012281034711324718,0.0,0.0,world_xy,1,0.10477956098354349,0.09977660844654972,1.5,-0.8250000000000002,0.1,0.25,-0.9297795609835436,0.00022339155345028894,0.9297795878198968
25.013420581817627,2.3000000000000003,zoom,drone,tracking,1,1,308.6580529130579,287.3398173126982,413.0,285.0,111.90597189831412,299.45965748894844,-288.09402810168586,-0.5403425110515627,-1.5,0.011470233241663312,0.0,0.0,world_xy,1,0.08977956098354349,0.09989941879366296,1.5,-0.7499999999999982,0.1,0.25,-0.8397795609835417,0.00010058120633704704,0.8397795670068956
25.14180612564087,2.31,zoom,drone,tracking,1,1,317.7929307248842,287.3907003118798,410.00765347663247,284.9923465233675,142.7215833188128,299.50883429168846,-257.2784166811872,-0.4911657083115415,-1.5,0.010564427750175447,0.0,0.0,world_xy,1,0.07477956098354349,0.10001412112607959,1.5,-0.6750000000000007,0.1,0.25,-0.7497795609835443,-1.4121126079583157e-05,0.7497795611165208
25.255779504776,2.32,zoom,drone,tracking,1,1,326.84728132387704,287.39546099290783,408.00765347663247,284.9923465233675,173.53641236729806,299.53547633167057,-226.46358763270194,-0.46452366832943426,-1.5,0.009863752839202728,0.0,0.0,world_xy,1,0.05977956098354349,0.10011976540358135,1.5,-0.6000000000000014,0.1,0.25,-0.659779560983545,-0.0001197654035813428,0.6597795718536542
25.37273383140564,2.33,zoom,drone,tracking,1,1,335.92942345924456,287.39733030389095,406.0,285.0,204.33421798520536,299.5861109656091,-195.66578201479464,-0.413889034390877,-1.5,0.008991468155940876,0.0,0.0,world_xy,1,0.04477956098354349,0.10021840293197337,1.5,-0.5250000000000004,0.1,0.25,-0.5697795609835439,-0.00021840293197336602,0.5697796028416958
25.44745635986328,2.34,zoom,drone,tracking,1,1,344.97756319227494,287.3852598693553,404.00765347663247,284.9923465233675,235.06698614803415,299.605463830978,-164.93301385196585,-0.39453616902198974,-1.5,0.00838605852941528,0.0,0.0,world_xy,1,0.029779560983543493,0.10030831761353277,1.5,-0.45000000000000195,0.1,0.25,-0.47977956098354546,-0.00030831761353276865,0.47977966004960493
25.536360502243042,2.35,zoom,drone,tracking,1,1,353.68088263450124,287.3800976450316,402.0,285.0,265.83525494106874,299.64245265963336,-134.16474505893126,-0.3575473403666365,-1.5,0.007706747082269878,0.0,0.0,world_xy,1,0.014779560983543494,0.10039217819882693,1.5,-0.375,0.1,0.25,-0.3897795609835435,-0.0003921781988269202,0.3897797582792923
25.632307052612305,2.36,zoom,drone,tracking,1,1,359.6240335051546,287.68191580756013,399.60961113941244,284.83409746985905,296.67878628738146,299.6757753464624,-103.32121371261854,-0.32422465353761254,-1.5,0.007034507375935184,0.0,0.0,world_xy,1,-0.00022043901645650565,0.10046924566964963,1.5,-0.3000000000000016,0.1,0.25,-0.2997795609835451,-0.00046924566964962056,0.2997799282390092
25.703303337097168,2.37,zoom,drone,tracking,1,1,366.2016129032258,288.0171065493646,397.6051863300704,284.6565344324231,327.537554248915,299.6529294414112,-72.462445751085,-0.3470705585888254,-1.5,0.006983304463647913,0.0,0.0,world_xy,1,-0.015220439016456505,0.10053959074340897,1.5,-0.22499999999999964,0.1,0.25,-0.20977956098354314,-0.0005395907434089658,0.20978025494459307
25.76682186126709,2.38,zoom,drone,tracking,1,1,374.08232118758434,288.7268982172029,395.5,284.5,358.38878286498,299.7022440106218,-41.61121713502001,-0.2977559893781745,-1.3366307227506444,0.00641780289180148,0.0,0.0,world_xy,1,-0.030220439016456505,0.10060942378804545,1.5,-0.15000000000000124,0.1,0.25,-0.11977956098354474,-0.0006094237880454462,0.11978111131044054
25.822936296463013,2.39,zoom,drone,tracking,1,1,390.40408201922617,287.4076336600843,393.49210480652437,284.5078951934756,388.717924027289,299.7244369743975,-11.282075972711027,-0.27556302560248014,-0.7255866609376114,0.005919204582937947,0.0,0.0,world_xy,1,-0.04358674624396295,0.10067360181696347,1.5,-0.07499999999999929,0.1,0.25,-0.03141325375603634,-0.000673601816963465,0.03142047502742357
25.891104698181152,2.4,zoom,drone,tracking,1,1,399.5809713715995,287.41299909794424,392.49210480652437,284.5078951934756,416.92267189698146,299.73398362024176,16.922671896981456,-0.26601637975824133,-0.14036460655512908,0.005589822239662731,0.0,0.0,world_xy,1,-0.05084261285333906,0.10073279386279285,1.5,-1.7763568394002505e-15,0.1,0.25,0.050842612853337285,-0.0007327938627928465,0.050847893452921775
25.95656418800354,2.41,zoom,drone,tracking,1,1,415.62448812448815,288.5358312858313,391.5,284.5,443.18085783155027,299.74371275658194,43.18085783155027,-0.25628724341805764,0.411825363197245,0.005334579685446863,0.0,0.0,world_xy,1,-0.05224625891889035,0.10078869208518948,1.5,0.07499999999999929,0.1,0.25,0.12724625891888963,-0.0007886920851894741,0.12724870311346337
26.008164644241333,2.42,zoom,drone,tracking,1,1,423.48394746442904,288.07624954396204,392.5,284.5,467.4714350765351,299.80390439828597,67.4714350765351,-0.19609560171403473,0.9275071992806464,0.00455761247730547,0.0,0.0,world_xy,1,-0.0481280052869179,0.10084203788204395,1.5,0.14999999999999858,0.1,0.25,0.1981280052869165,-0.0008420378820439417,0.19812979459628782
26.075842142105103,2.43,zoom,drone,tracking,1,1,431.17339813418243,287.8434165689067,393.5,284.5,490.00654670214254,299.82089926714275,90.00654670214254,-0.17910073285725048,1.407450253399859,0.004021033676217217,0.0,0.0,world_xy,1,-0.038852933294111436,0.100887614006817,1.5,0.22500000000000053,0.1,0.25,0.26385293329411197,-0.0008876140068170002,0.26385442627807515
26.133684396743774,2.44,zoom,drone,tracking,1,1,438.4990932172651,287.58800974143736,395.4274874978444,284.5909639593033,510.8462840104795,299.79833820551863,110.84628401047951,-0.20166179448136745,1.5,0.00402774489359279,0.0,0.0,world_xy,1,-0.024778430760112845,0.10092782434357918,1.5,0.29999999999999893,0.1,0.25,0.32477843076011176,-0.0009278243435791728,0.3247797560578757
26.184043645858765,2.45,zoom,drone,tracking,1,1,445.54779837775203,287.38021436848203,397.87871246059393,284.69902107184333,531.4385350652989,299.8349380857346,131.43853506529888,-0.16506191426537953,1.5,0.00362816625903593,0.0,0.0,world_xy,1,-0.009778430760112845,0.1009681017925151,1.5,0.375,0.1,0.25,0.38477843076011287,-0.0009681017925150942,0.38477964862931047
26.237184047698975,2.46,zoom,drone,tracking,1,1,454.0072422607214,287.3848338540187,399.8872403560831,284.80052753049785,551.9450388708229,299.8356119677844,151.94503887082294,-0.16438803221558373,1.5,0.0034409431709375893,0.0,0.0,world_xy,1,0.005221569239887154,0.10100438345510546,1.5,0.4499999999999984,0.1,0.25,0.44477843076011125,-0.001004383455105451,0.4447795647908658
26.28883457183838,2.47,zoom,drone,tracking,1,1,463.0652852682373,287.38617655407324,401.9361493123772,284.90848068107397,572.51161110237,299.82828388781076,172.51161110237,-0.17171611218924454,1.5,0.003437301661003605,0.0,0.0,world_xy,1,0.020221569239887154,0.10103879288681483,1.5,0.5250000000000004,0.1,0.25,0.5047784307601132,-0.0010387928868148266,0.5047794996345475
26.346379280090332,2.48,zoom,drone,tracking,1,1,472.1660520094562,287.39971631205674,404.9923465233675,284.9923465233675,593.0034222656795,299.85372142291754,193.00342226567955,-0.14627857708245529,1.5,0.0031558500953586307,0.0,0.0,world_xy,1,0.03522156923988715,0.10107316590342487,1.5,0.5999999999999996,0.1,0.25,0.5647784307601125,-0.0010731659034248636,0.5647794503493478
26.40798282623291,2.49,zoom,drone,tracking,1,1,481.2362647754137,287.40524822695033,406.9923465233675,284.9923465233675,613.544274924647,299.82172491242767,213.54427492464697,-0.1782750875723309,1.5,0.0033811585062070238,0.0,0.0,world_xy,1,0.05022156923988715,0.10110472440437845,1.5,0.6750000000000007,0.1,0.25,0.6247784307601135,-0.0011047244043784488,0.6247794074384011
26.467730283737183,2.5,zoom,drone,tracking,1,1,490.33087016247447,287.38060726635405,408.9923465233675,284.9923465233675,634.0703627461241,299.8579602944768,234.07036274612415,-0.1420397055231888,1.5,0.0030839580885482377,0.0,0.0,world_xy,1,0.06522156923988714,0.10113853598944053,1.5,0.7499999999999982,0.1,0.25,0.684778430760111,-0.0011385359894405256,0.6847793772438532
26.523112297058105,2.5100000000000002,zoom,drone,tracking,1,1,499.4441768206291,287.34565977141773,411.00765347663247,284.9923465233675,654.5880828714515,299.9178547774253,254.58808287145155,-0.08214522257469525,1.5,0.0022913785881683545,0.0,0.0,world_xy,1,0.08022156923988714,0.10116937557032601,1.5,0.8250000000000011,0.1,0.25,0.744778430760114,-0.001169375570326009,0.7447793487770202
26.58462381362915,2.52,zoom,drone,tracking,1,1,508.52891976183724,287.3427369813817,413.00765347663247,284.9923465233675,675.0556368280505,299.9118541739231,275.0556368280505,-0.088145826076925,1.5,0.0020007244515219346,0.0,0.0,world_xy,1,0.09522156923988714,0.10119228935620769,1.5,0.8999999999999995,0.1,0.25,0.8047784307601124,-0.0011922893562076875,0.8047793139554581
26.64644193649292,2.5300000000000002,zoom,drone,tracking,1,1,517.620749988178,287.3630775050834,415.9923465233675,284.9923465233675,695.5855271546977,299.9379354315191,295.58552715469773,-0.062064568480877824,1.5,0.0015830362564745266,0.0,0.0,world_xy,1,0.11022156923988714,0.10121229660072291,1.5,0.9750000000000005,0.1,0.25,0.8647784307601134,-0.0012122966007229036,0.8647792804935676
26.712616443634033,2.54,zoom,drone,tracking,1,1,526.7666194523134,287.39235127478753,417.9923465233675,284.9923465233675,713.5181612651144,299.8996999469091,313.5181612651144,-0.10030005309090484,1.5,0.0018156668994134902,0.0,0.0,world_xy,1,0.12522156923988714,0.10122812696328766,1.5,1.049999999999999,0.1,0.25,0.9247784307601118,-0.001228126963287654,0.9247792462501377
26.7694571018219,2.5500000000000003,zoom,drone,tracking,1,1,535.8177525967894,287.3831444759207,419.9923465233675,284.9923465233675,726.4690361856779,299.9268479886641,326.46903618567785,-0.07315201133587834,1.5,0.0016217222294307321,0.0,0.0,world_xy,1,0.14022156923988716,0.10124628363228179,1.5,1.1250000000000018,0.1,0.25,0.9847784307601146,-0.0012462836322817833,0.984779219375209
26.837312936782837,2.56,zoom,drone,tracking,1,1,544.8734524147055,287.40232492203006,422.0,285.0,737.7342822714264,299.92339207712,337.7342822714264,-0.07660792287998675,1.5,0.0015724621549236836,0.0,0.0,world_xy,1,0.15522156923988717,0.1012625008545761,1.5,1.1999999999999993,0.1,0.25,1.044778430760112,-0.0012625008545760902,1.0447791935571697
26.897246599197388,2.57,zoom,drone,tracking,1,1,553.9683418512209,287.38770584894945,424.00765347663247,284.9923465233675,747.9891485055476,299.90410748491087,347.98914850554763,-0.09589251508913321,1.5,0.0017624256356961233,0.0,0.0,world_xy,1,0.17022156923988718,0.10127822547612533,1.5,1.2749999999999986,0.1,0.25,1.1047784307601114,-0.0012782254761253276,1.104779170211469
26.972108364105225,2.58,zoom,drone,tracking,1,1,563.0248086192231,287.37453926850014,426.59926879669365,285.0640597679224,757.6348814624392,299.91226506712366,357.63488146243924,-0.08773493287634437,1.5,0.0017581757977030439,0.0,0.0,world_xy,1,0.1852215692398872,0.10129584973248229,1.5,1.3499999999999996,0.1,0.25,1.1647784307601126,-0.0012958497324822849,1.164779151595065
27.0420503616333,2.59,zoom,drone,tracking,1,1,572.1108593012276,287.38739376770536,428.9923465233675,284.9923465233675,766.8142420148755,299.96153786431887,366.8142420148755,-0.03846213568112944,1.5,0.0012142626014587934,0.0,0.0,world_xy,1,0.2002215692398872,0.10131343149045932,1.5,1.4249999999999972,0.1,0.25,1.22477843076011,-0.0013134314904593158,1.224779135010667
27.10904574394226,2.6,zoom,drone,tracking,1,1,581.1540060468632,287.38364512471657,430.9923465233675,284.9923465233675,775.6859115303686,299.9255029907558,375.68591153036857,-0.07449700924422586,1.5,0.0013658852723429417,0.0,0.0,world_xy,1,0.21522156923988722,0.10132557411647392,1.5,1.5,0.1,0.25,1.2847784307601127,-0.0013255741164739099,1.2847791145925263
27.18935990333557,2.61,zoom,drone,tracking,1,1,590.2500236272564,287.406719591721,433.0,285.0,784.3464017185821,299.9678213390619,384.3464017185821,-0.03217866093808652,1.5,0.0009686136428732755,0.0,0.0,world_xy,1,0.23022156923988724,0.10133923296919735,1.5,1.5749999999999984,0.1,0.25,1.3447784307601112,-0.0013392329691973431,1.3447790976151337
27.242948532104492,2.62,zoom,drone,tracking,1,1,599.3382422354384,287.41263098272447,435.0,285.0,792.7032297379645,299.81901279707495,392.70322973796453,-0.18098720292505277,1.5,0.0024267353714685544,0.0,0.0,world_xy,1,0.24522156923988725,0.10134891910562609,1.5,1.6499999999999995,0.1,0.25,1.4047784307601123,-0.0013489191056260813,1.4047790784004428
27.299642324447632,2.63,zoom,drone,dropout,1,0,608.4540050948202,287.3287102556845,437.1068502130449,285.07374631268436,,,,,1.32,0.0021355271268923277,0.0,0.0,world_xy,0,0.26022156923988726,0.10137318645934078,1.5,1.7249999999999979,0.1,0.25,1.4647784307601106,-0.0013731864593407722,1.4647790744208167
27.373658895492554,2.64,zoom,drone,dropout,1,0,617.5140226628895,287.332955618508,439.0,285.0,,,,,1.1616,0.0018792638716652484,0.0,0.0,world_xy,0,0.27342156923988725,0.1013945417306097,1.5,1.8000000000000007,0.1,0.25,1.5265784307601136,-0.0013945417306096969,1.52657906772255
27.44938611984253,2.65,zoom,drone,dropout,1,0,626.6667137542967,287.3646466073362,441.0,285.0,,,,,1.022208,0.0016537522070654185,0.0,0.0,world_xy,0,0.28503756923988727,0.10141333436932636,1.5,1.8749999999999982,0.1,0.25,1.589962430760111,-0.0014133343693263495,1.5899630589238987
27.531845092773438,2.66,zoom,drone,dropout,1,0,635.760658366346,287.40435766836447,442.5,284.9851500789889,,,,,0.89954304,0.0014553019422175683,0.0,0.0,world_xy,0,0.2952596492398873,0.101429871891397,1.5,1.9499999999999993,0.1,0.25,1.654740350760112,-0.001429871891396997,1.6547409685407939
27.59278130531311,2.67,zoom,drone,dropout,1,0,644.8262571940749,287.39527313897537,443.9923465233675,284.9923465233675,,,,,0.7915978752,0.00128066570915146,0.0,0.0,world_xy,0,0.3042550796398873,0.10144442491081918,1.5,2.0249999999999986,0.1,0.25,1.7207449203601113,-0.0014444249108191698,1.7207455265984126
27.64903688430786,2.68,zoom,drone,dropout,1,0,653.8652793506983,287.38618346545866,445.0,285.0,,,,,0.696606130176,0.0011269858240532849,0.0,0.0,world_xy,0,0.3121710583918873,0.10145723156791069,1.5,2.1000000000000014,0.1,0.25,1.7878289416081141,-0.00145723156791068,1.7878295354914104
27.704657793045044,2.69,zoom,drone,dropout,1,0,663.0144598809186,287.3891409129572,446.0,285.0,,,,,0.61301339455488,0.0009917475251668907,0.0,0.0,world_xy,0,0.3191371196936473,0.10146850142615121,1.5,2.174999999999999,0.1,0.25,1.8558628803063517,-0.0014685014261512086,1.8558634613018887
27.779736280441284,2.7,zoom,drone,dropout,1,0,672.046626984127,287.38222789115645,447.0,285.0,,,,,0.5394517872082945,0.0008727378221468639,0.0,0.0,world_xy,0,0.32526725363919606,0.10147841890140288,1.5,2.25,0.1,0.25,1.924732746360804,-0.0014784189014028781,1.9247333141596659
27.83942699432373,2.71,zoom,drone,dropout,1,0,681.1193980564203,287.37121426549675,447.9923465233675,284.9923465233675,,,,,0.4747175727432991,0.0007680092834892403,0.0,0.0,world_xy,0,0.330661771511279,0.10148714627962435,1.5,2.3249999999999993,0.1,0.25,1.9943382284887203,-0.0014871462796243462,1.9943387829593004
27.899080753326416,2.72,zoom,drone,dropout,1,0,690.1869930201848,287.3885116015846,448.0,285.0,,,,,0.41775146401410324,0.0006758481694705314,0.0,0.0,world_xy,0,0.335408947238712,0.10149482637245924,1.5,2.4000000000000004,0.1,0.25,2.0645910527612883,-0.0014948263724592348,2.064591593910972
27.957191705703735,2.73,zoom,drone,dropout,1,0,699.3019624492875,287.4190489668837,449.0,285.0,,,,,0.36762128833241087,0.0005947463891340677,0.0,0.0,world_xy,0,0.33958646187885305,0.10150158485415395,1.5,2.4749999999999996,0.1,0.25,2.1354135381211465,-0.0015015848541539423,2.1354140660649747
28.013190269470215,2.74,zoom,drone,dropout,1,0,708.3696952569355,287.36248881352736,449.9923465233675,284.9923465233675,,,,,0.3235067337325216,0.0005233768224379796,0.0,0.0,world_xy,0,0.34326267476217714,0.10150753231804528,1.5,2.5500000000000007,0.1,0.25,2.2067373252378237,-0.0015075323180452765,2.2067378401730178
28.105692148208618,2.75,zoom,drone,dropout,1,0,717.4686174724343,287.33017623221184,450.0,285.0,,,,,0.21027937692613904,0.00034019493458468676,0.0,0.0,world_xy,0,0.34649774209950235,0.10151276608626966,1.5,2.6249999999999982,0.1,0.25,2.278502257900496,-0.0015127660862696568,2.278502760085862
28.300475597381592,2.7600000000000002,zoom,drone,dropout,1,0,726.534058790277,287.3192010552101,450.0,285.0,,,,,0.1366815950019904,0.0002211267074800464,0.0,0.0,world_xy,0,0.3486005358687637,0.10151616803561551,1.5,2.700000000000001,0.1,0.25,2.3513994641312372,-0.0015161680356155088,2.3513999529391385
28.366157054901123,2.77,zoom,drone,dropout,1,0,735.6691587906145,287.363144778295,450.49234170219484,284.9925785567661,,,,,0.08884303675129376,0.00014373235986203016,0.0,0.0,world_xy,0,0.34996735181878363,0.10151837930269031,1.5,2.7749999999999986,0.1,0.25,2.425032648181215,-0.0015183793026903036,2.4250331235305844
28.426408052444458,2.7800000000000002,zoom,drone,dropout,1,0,744.7766308446455,287.3939479638009,450.9923465233675,284.9923465233675,,,,,0.05774797388834095,9.34260339103196e-05,0.0,0.0,world_xy,0,0.3508557821862966,0.10151981662628894,1.5,2.8500000000000014,0.1,0.25,2.4991442178137047,-0.0015198166262889307,2.499144679940369
28.485957860946655,2.79,zoom,drone,dropout,1,0,753.8265402396452,287.3864987262949,450.9923465233675,284.9923465233675,,,,,0.03753618302742162,6.072692204170774e-05,0.0,0.0,world_xy,0,0.35143326192518,0.10152075088662804,1.5,2.924999999999999,0.1,0.25,2.573566738074819,-0.0015207508866280361,2.573567187389582
28.578866243362427,2.8000000000000003,zoom,drone,dropout,1,0,763.5721544715446,287.38054323725055,450.9923465233675,284.9923465233675,,,,,0.024398518967824055,3.947249932711003e-05,0.0,0.0,world_xy,0,0.3518086237554542,0.10152135815584847,1.5,3.0000000000000018,0.1,0.25,2.6481913762445477,-0.0015213581558484596,2.6481918132466595
28.66556715965271,2.81,zoom,drone,dropout,1,0,770.6055077622862,287.40314446751705,450.9923465233675,284.9923465233675,,,,,0.015859037329085637,2.565712456262152e-05,0.0,0.0,world_xy,0,0.3520526089451324,0.10152175288084174,1.5,3.0749999999999993,0.1,0.25,2.7229473910548667,-0.001521752880841734,2.7229478162800578
28.757959127426147,2.82,zoom,drone,dropout,1,0,775.9047945989244,287.39684174390663,450.9923465233675,284.9923465233675,,,,,0.010308374263905665,1.667713096570399e-05,0.0,0.0,world_xy,0,0.35221119931842326,0.10152200945208736,1.5,3.1499999999999986,0.1,0.25,2.7977888006815754,-0.0015220094520873584,2.7977892146714733
28.88457727432251,2.83,zoom,drone,dropout,1,0,780.5503004595263,287.3012371862849,450.9923465233675,284.9923465233675,,,,,0.0067004432715386825,1.0840135127707593e-05,0.0,0.0,world_xy,0,0.3523142830610623,0.10152217622339701,1.5,3.2249999999999996,0.1,0.25,2.8726857169389373,-0.0015221762233970093,2.8726861202236194
28.959746837615967,2.84,zoom,drone,dropout,1,0,784.8262067654883,287.3546180159635,450.9923465233675,284.9923465233675,,,,,0.004355288126500143,7.046087833009936e-06,0.0,0.0,world_xy,0,0.35238128749377773,0.10152228462474829,1.5,3.299999999999997,0.1,0.25,2.9476187125062197,-0.0015222846247482796,2.9476191055947685
29.05360984802246,2.85,zoom,drone,dropout,1,0,788.8841709994223,287.40727902946276,450.9923465233675,284.9923465233675,,,,,0.0028309372822250935,4.579957091456459e-06,0.0,0.0,world_xy,0,0.35242484037504274,0.10152235508562661,1.5,3.375,0.1,0.25,3.0225751596249575,-0.001522355085626606,3.0225755430008436
29.166961193084717,2.86,zoom,drone,dropout,1,0,792.7861896838602,287.46339434276206,450.9923465233675,284.9923465233675,,,,,0.0018401092334463108,2.9769721094466985e-06,0.0,0.0,world_xy,0,0.352453149747865,0.10152240088519753,1.5,3.4499999999999993,0.1,0.25,3.0975468502521344,-0.0015224008851975196,3.0975472243714663
29.30860686302185,2.87,zoom,drone,dropout,1,0,796.4337606837606,287.46794871794873,450.9923465233675,284.9923465233675,,,,,0.0011960710017401021,1.935031871140354e-06,0.0,0.0,world_xy,0,0.3524715508401995,0.10152243065491862,1.5,3.5249999999999986,0.1,0.25,3.172528449159799,-0.0015224306549186106,3.172528814451238
29.391419649124146,2.88,zoom,drone,dropout,0,0,,,450.9923465233675,284.9923465233675,,,,,0.0007774461511310664,1.2577707162412302e-06,0.0,0.0,world_xy,0,0.3524835115502169,0.10152245000523732,1.5,3.599999999999998,0.1,0.25,3.247516488449781,-0.001522450005237319,3.247516845315389
29.559088706970215,2.89,zoom,drone,dropout,0,0,,,450.9923465233675,284.9923465233675,,,,,0.0005053399982351932,8.175509655567997e-07,0.0,0.0,world_xy,0,0.3524912860117282,0.10152246258294449,1.5,3.6750000000000007,0.1,0.25,3.3225087139882725,-0.0015224625829444866,3.3225090628048437
29.691102504730225,2.9,zoom,drone,dropout,0,0,,,450.9923465233675,284.9923465233675,,,,,0.0003284709988528756,5.314081276119198e-07,0.0,0.0,world_xy,0,0.35249633941171055,0.10152247075845415,1.5,3.7499999999999982,0.1,0.25,3.3975036605882876,-0.0015224707584541447,3.397504001708905
29.847015142440796,2.91,zoom,drone,dropout,0,0,,,450.9923465233675,284.9923465233675,,,,,0.00021350614925436914,3.4541528294774793e-07,0.0,0.0,world_xy,0,0.35249962412169905,0.10152247607253542,1.5,3.8249999999999993,0.1,0.25,3.4725003758783,-0.001522476072535417,3.472500709633956
29.900944471359253,2.92,zoom,drone,dropout,0,0,,,450.9923465233675,284.9923465233675,,,,,0.00013877899701533994,2.2451993391603617e-07,0.0,0.0,world_xy,0,0.3525017591831916,0.10152247952668825,1.5,3.8999999999999986,0.1,0.25,3.547498240816807,-0.0015224795266882418,3.5474985675179984
29.996245861053467,2.93,zoom,drone,dropout,0,0,,,450.9923465233675,284.9923465233675,,,,,9.020634805997096e-05,1.4593795704542351e-07,0.0,0.0,world_xy,0,0.35250314697316176,0.1015224817718876,1.5,3.9750000000000014,0.1,0.25,3.6224968530268398,-0.0015224817718875877,3.6224971729650943
30.13014507293701,2.94,zoom,drone,dropout,0,0,,,450.9923465233675,284.9923465233675,,,,,5.863412623898113e-05,9.485967207952528e-08,0.0,0.0,world_xy,0,0.35250404903664234,0.10152248323126717,1.5,4.049999999999999,0.1,0.25,3.6974959509633565,-0.0015224832312671632,3.697496264412664
30.222764492034912,2.95,zoom,drone,dropout,0,0,,,450.9923465233675,284.9923465233675,,,,,3.8112182055337735e-05,6.165878685169143e-08,0.0,0.0,world_xy,0,0.3525046353779047,0.10152248417986388,1.5,4.125,0.1,0.25,3.7724953646220953,-0.0015224841798638783,3.7724956718402307
30.308348178863525,2.96,zoom,drone,dropout,0,0,,,450.9923465233675,284.9923465233675,,,,,2.4772918335969527e-05,4.007821145359943e-08,0.0,0.0,world_xy,0,0.35250501649972527,0.10152248479645175,1.5,4.199999999999999,0.1,0.25,3.847494983500274,-0.0015224847964517424,3.847495284730019
30.390950679779053,2.97,zoom,drone,dropout,0,0,,,450.9923465233675,284.9923465233675,,,,,1.6102396918380192e-05,2.6050837444839632e-08,0.0,0.0,world_xy,0,0.3525052642289086,0.10152248519723386,1.5,4.275,0.1,0.25,3.9224947357710915,-0.0015224851972338582,3.9224950312413527
30.47234606742859,2.98,zoom,drone,dropout,0,0,,,450.9923465233675,284.9923465233675,,,,,1.0466557996947125e-05,1.6933044339145763e-08,0.0,0.0,world_xy,0,0.35250542525287776,0.10152248545774224,1.5,4.35,0.1,0.25,3.997494574747122,-0.001522485457742237,3.997494864673955
30.55243706703186,2.99,zoom,drone,dropout,0,0,,,450.9923465233675,284.9923465233675,,,,,6.803262698015631e-06,1.1006478820444746e-08,0.0,0.0,world_xy,0,0.35250552991845774,0.10152248562707268,1.5,4.425000000000001,0.1,0.25,4.072494470081543,-0.0015224856270726755,4.072494754669088
30.645459175109863,3.0,zoom,drone,dropout,0,0,,,450.9923465233675,284.9923465233675,,,,,4.42212075371016e-06,7.154211233289086e-09,0.0,0.0,world_xy,0,0.3525055979510847,0.10152248573713747,1.5,4.499999999999998,0.1,0.25,4.147494402048913,-0.0015224857371374662,4.147494681490248
30.730305194854736,3.0100000000000002,zoom,drone,dropout,0,0,,,450.9923465233675,284.9923465233675,,,,,2.874378489911604e-06,4.650237301637906e-09,0.0,0.0,world_xy,0,0.35250564217229224,0.10152248580867958,1.5,4.575000000000001,0.1,0.25,4.222494357827709,-0.0015224858086795717,4.222494632305632
30.82303261756897,3.02,zoom,drone,dropout,0,0,,,450.9923465233675,284.9923465233675,,,,,1.8683460184425428e-06,3.022654246064639e-09,0.0,0.0,world_xy,0,0.35250567091607715,0.10152248585518195,1.5,4.649999999999999,0.1,0.25,4.297494329083921,-0.0015224858551819431,4.297494598771666
30.899818420410156,3.0300000000000002,zoom,drone,dropout,0,0,,,450.9923465233675,284.9923465233675,,,,,1.214424911987653e-06,1.964725259942015e-09,0.0,0.0,world_xy,0,0.3525056895995373,0.10152248588540849,1.5,4.725000000000001,0.1,0.25,4.372494310400464,-0.0015224858854084866,4.372494575462353
30.971400260925293,3.04,zoom,drone,dropout,0,0,,,450.9923465233675,284.9923465233675,,,,,7.893761927919745e-07,1.27707141896231e-09,0.0,0.0,world_xy,0,0.3525057017437864,0.10152248590505575,1.5,4.799999999999999,0.1,0.25,4.4474942982562125,-0.0015224859050557427,4.447494558848257
31.046995401382446,3.0500000000000003,zoom,drone,dropout,0,0,,,450.9923465233675,284.9923465233675,,,,,5.130945253147834e-07,8.300964223255015e-10,0.0,0.0,world_xy,0,0.35250570963754835,0.10152248591782646,1.5,4.875000000000002,0.1,0.25,4.522494290362453,-0.0015224859178264577,4.522494546632904
31.113121271133423,3.06,zoom,drone,dropout,0,0,,,450.9923465233675,284.9923465233675,,,,,3.3351144145460927e-07,5.39562674511576e-10,0.0,0.0,world_xy,0,0.3525057147684936,0.10152248592612743,1.5,4.949999999999999,0.1,0.25,4.597494285231505,-0.0015224859261274287,4.59749453732136
31.17313528060913,3.0700000000000003,zoom,drone,dropout,0,0,,,450.9923465233675,284.9923465233675,,,,,2.1678243694549604e-07,3.507157384325244e-10,0.0,0.0,world_xy,0,0.35250571810360803,0.10152248593152306,1.5,5.025,0.1,0.25,4.672494281896392,-0.0015224859315230571,4.672494529939858
31.225740671157837,3.08,zoom,drone,dropout,0,0,,,450.9923465233675,284.9923465233675,,,,,1.4090858401457242e-07,2.2796522998114087e-10,0.0,0.0,world_xy,0,0.3525057202714324,0.10152248593503022,1.5,5.1,0.1,0.25,4.747494279728567,-0.00152248593503021,4.747494523853492
31.28727960586548,3.09,zoom,drone,dropout,0,0,,,450.9923465233675,284.9923465233675,,,,,9.159057960947207e-08,1.4817739948774157e-10,0.0,0.0,world_xy,0,0.35250572168051825,0.10152248593730986,1.5,5.174999999999997,0.1,0.25,4.822494278319479,-0.0015224859373098587,4.822494518647745
31.34973931312561,3.1,zoom,drone,dropout,0,0,,,450.9923465233675,284.9923465233675,,,,,5.953387674615685e-08,9.631530966703202e-11,0.0,0.0,world_xy,0,0.35250572259642404,0.10152248593879164,1.5,5.25,0.1,0.25,4.897494277403576,-0.0015224859387916317,4.897494514051466
31.400676727294922,3.11,zoom,drone,dropout,0,0,,,450.9923465233675,284.9923465233675,,,,,3.8697019885001955e-08,6.260495128357082e-11,0.0,0.0,world_xy,0,0.3525057231917628,0.10152248593975478,1.5,5.324999999999999,0.1,0.25,4.972494276808236,-0.001522485939754778,4.972494509886773
31.45118522644043,3.12,zoom,drone,dropout,0,0,,,450.9923465233675,284.9923465233675,,,,,2.5153062925251272e-08,4.069321833432103e-11,0.0,0.0,world_xy,0,0.352505723578733,0.10152248594038084,1.5,5.399999999999999,0.1,0.25,5.047494276421266,-0.0015224859403808327,5.047494506036522
31.505747079849243,3.13,zoom,drone,dropout,0,0,,,450.9923465233675,284.9923465233675,,,,,1.6349490901413326e-08,2.6450591917308672e-11,0.0,0.0,world_xy,0,0.35250572383026363,0.10152248594078778,1.5,5.474999999999998,0.1,0.25,5.122494276169734,-0.001522485940787771,5.122494502423123
31.558602809906006,3.14,zoom,drone,dropout,0,0,,,450.9923465233675,284.9923465233675,,,,,1.0627169085918662e-08,1.7192884746250636e-11,0.0,0.0,world_xy,0,0.3525057239937585,0.10152248594105229,1.5,5.550000000000001,0.1,0.25,5.197494276006243,-0.0015224859410522817,5.197494498994789
31.62020516395569,3.15,zoom,drone,dropout,0,0,,,450.9923465233675,284.9923465233675,,,,,6.90765990584713e-09,1.1175375085062914e-11,0.0,0.0,world_xy,0,0.3525057241000302,0.10152248594122422,1.5,5.624999999999998,0.1,0.25,5.272494275899968,-0.0015224859412242137,5.272494495716555
31.702377319335938,3.16,zoom,drone,dropout,0,0,,,450.9923465233675,284.9923465233675,,,,,4.4899789388006345e-09,7.2639938052908946e-12,0.0,0.0,world_xy,0,0.3525057241691068,0.10152248594133598,1.5,5.699999999999999,0.1,0.25,5.3474942758308925,-0.0015224859413359715,5.347494492564495
31.770914554595947,3.17,zoom,drone,dropout,0,0,,,450.9923465233675,284.9923465233675,,,,,2.9184863102204124e-09,4.721595973439082e-12,0.0,0.0,world_xy,0,0.3525057242140066,0.10152248594140861,1.5,5.774999999999999,0.1,0.25,5.422494275785992,-0.0015224859414086078,5.422494489521893
31.82526922225952,3.18,zoom,drone,dropout,0,0,,,450.9923465233675,284.9923465233675,,,,,1.897016101643268e-09,3.069037382735403e-12,0.0,0.0,world_xy,0,0.3525057242431915,0.10152248594145583,1.5,5.850000000000001,0.1,0.25,5.49749427575681,-0.00152248594145582,5.497494486576802
31.901187658309937,3.19,zoom,drone,dropout,0,0,,,450.9923465233675,284.9923465233675,,,,,1.2330604660681242e-09,1.994874298778012e-12,0.0,0.0,world_xy,0,0.35250572426216165,0.10152248594148651,1.5,5.924999999999999,0.1,0.25,5.572494275737837,-0.0015224859414865038,5.57249448372041
31.981160163879395,3.2,zoom,drone,dropout,0,0,,,450.9923465233675,284.9923465233675,,,,,8.014893029442808e-10,1.2966682942057078e-12,0.0,0.0,world_xy,0,0.3525057242744922,0.10152248594150645,1.5,-6.0,0.1,0.25,-6.352505724274492,-0.0015224859415064462,6.352505906719303
32.05505299568176,3.21,zoom,drone,dropout,0,0,,,450.9923465233675,284.9923465233675,,,,,5.209680469137825e-10,8.428343912337101e-13,0.0,0.0,world_xy,0,0.3525057242825071,0.10152248594151941,1.5,-5.925000000000002,0.1,0.25,-6.277505724282508,-0.001522485941519408,6.277505908907064
32.11924171447754,3.22,zoom,drone,dropout,0,0,,,450.9923465233675,284.9923465233675,,,,,3.3862923049395864e-10,5.478423543019116e-13,0.0,0.0,world_xy,0,0.35250572428771676,0.10152248594152784,1.5,-5.85,0.1,0.25,-6.202505724287716,-0.001522485941527832,6.202505911144732
32.17631483078003,3.23,zoom,drone,dropout,0,0,,,450.9923465233675,284.9923465233675,,,,,2.2010899982107312e-10,3.5609753029624253e-13,0.0,0.0,world_xy,0,0.35250572429110305,0.10152248594153332,1.5,-5.775000000000001,0.1,0.25,-6.127505724291105,-0.0015224859415333136,6.127505913435229
32.23052740097046,3.24,zoom,drone,dropout,0,0,,,450.9923465233675,284.9923465233675,,,,,1.4307084988369754e-10,2.3146339469255766e-13,0.0,0.0,world_xy,0,0.3525057242933041,0.10152248594153689,1.5,-5.699999999999999,0.1,0.25,-6.052505724293304,-0.0015224859415368802,6.052505915781219
32.28903889656067,3.25,zoom,drone,dropout,0,0,,,450.9923465233675,284.9923465233675,,,,,9.29960524244034e-11,1.5045120655016248e-13,0.0,0.0,world_xy,0,0.3525057242947348,0.1015224859415392,1.5,-5.625000000000002,0.1,0.25,-5.977505724294737,-0.0015224859415391978,5.977505918185258
32.35187649726868,3.2600000000000002,zoom,drone,dropout,0,0,,,450.9923465233675,284.9923465233675,,,,,6.044743407586221e-11,9.779328425760562e-14,0.0,0.0,world_xy,0,0.3525057242956648,0.1015224859415407,1.5,-5.55,0.1,0.25,-5.902505724295665,-0.0015224859415406966,5.90250592064985
32.442424058914185,3.27,zoom,drone,dropout,0,0,,,450.9923465233675,284.9923465233675,,,,,3.929083214931044e-11,6.356563476744365e-14,0.0,0.0,world_xy,0,0.35250572429626925,0.10152248594154167,1.5,-5.475000000000001,0.1,0.25,-5.8275057242962705,-0.001522485941541668,5.827505923177534
32.503151655197144,3.2800000000000002,zoom,drone,dropout,0,0,,,450.9923465233675,284.9923465233675,,,,,2.5539040897051788e-11,4.131766259883837e-14,0.0,0.0,world_xy,0,0.35250572429666216,0.10152248594154231,1.5,-5.3999999999999995,0.1,0.25,-5.752505724296662,-0.0015224859415423064,5.752505925770898
32.5576548576355,3.29,zoom,drone,dropout,0,0,,,450.9923465233675,284.9923465233675,,,,,1.6600376583083663e-11,2.6856480689244943e-14,0.0,0.0,world_xy,0,0.35250572429691757,0.10152248594154273,1.5,-5.325000000000001,0.1,0.25,-5.6775057242969185,-0.0015224859415427228,5.677505928432635
32.64181041717529,3.3000000000000003,zoom,drone,dropout,0,0,,,450.9923465233675,284.9923465233675,,,,,1.079024477900438e-11,1.7456712448009214e-14,0.0,0.0,world_xy,0,0.35250572429708354,0.10152248594154299,1.5,-5.249999999999999,0.1,0.25,-5.602505724297083,-0.0015224859415429864,5.602505931165537
32.79906392097473,3.31,zoom,drone,dropout,0,0,,,450.9923465233675,284.9923465233675,,,,,7.013659106352847e-12,1.134686309120599e-14,0.0,0.0,world_xy,0,0.35250572429719146,0.10152248594154317,1.5,-5.175000000000001,0.1,0.25,-5.527505724297193,-0.0015224859415431669,5.527505933972543
32.877442598342896,3.3200000000000003,zoom,drone,dropout,0,0,,,450.9923465233675,284.9923465233675,,,,,4.558878419129351e-12,7.375461009283893e-15,0.0,0.0,world_xy,0,0.35250572429726157,0.10152248594154328,1.5,-5.1,0.1,0.25,-5.452505724297261,-0.0015224859415432779,5.452505936856726
32.94907999038696,3.33,zoom,drone,dropout,0,0,,,450.9923465233675,284.9923465233675,,,,,2.9632709724340784e-12,4.794049656034531e-15,0.0,0.0,world_xy,0,0.35250572429730714,0.10152248594154335,1.5,-5.025,0.1,0.25,-5.377505724297308,-0.0015224859415433473,5.3775059398213365
33.021055698394775,3.34,zoom,drone,dropout,0,0,,,450.9923465233675,284.9923465233675,,,,,1.926126132082151e-12,3.116132276422445e-15,0.0,0.0,world_xy,0,0.3525057242973368,0.1015224859415434,1.5,-4.950000000000003,0.1,0.25,-5.3025057242973395,-0.001522485941543389,5.302505942869796
33.13527297973633,3.35,zoom,drone,dropout,0,0,,,450.9923465233675,284.9923465233675,,,,,1.2519819858533983e-12,2.0254859796745894e-15,0.0,0.0,world_xy,0,0.35250572429735605,0.10152248594154342,1.5,-4.875000000000001,0.1,0.25,-5.227505724297357,-0.0015224859415434167,5.227505946005713
33.22182273864746,3.36,zoom,drone,dropout,0,0,,,450.9923465233675,284.9923465233675,,,,,8.137882908047089e-13,1.3165658867884831e-15,0.0,0.0,world_xy,0,0.3525057242973686,0.10152248594154344,1.5,-4.8000000000000025,0.1,0.25,-5.152505724297371,-0.0015224859415434305,5.152505949232919
33.298144578933716,3.37,zoom,drone,dropout,0,0,,,450.9923465233675,284.9923465233675,,,,,5.289623890230608e-13,8.55767826412514e-16,0.0,0.0,world_xy,0,0.35250572429737675,0.10152248594154345,1.5,-4.7250000000000005,0.1,0.25,-5.077505724297377,-0.0015224859415434444,5.0775059525554544
33.36576318740845,3.38,zoom,drone,dropout,0,0,,,450.9923465233675,284.9923465233675,,,,,3.4382555286498955e-13,5.562490871681341e-16,0.0,0.0,world_xy,0,0.35250572429738203,0.10152248594154346,1.5,-4.650000000000002,0.1,0.25,-5.002505724297384,-0.0015224859415434583,5.002505955977617
33.449979305267334,3.39,zoom,drone,dropout,0,0,,,450.9923465233675,284.9923465233675,,,,,2.2348660936224322e-13,3.6156190665928717e-16,0.0,0.0,world_xy,0,0.35250572429738547,0.10152248594154346,1.5,-4.575,0.1,0.25,-4.927505724297386,-0.0015224859415434583,4.92750595950395
33.57590341567993,3.4,zoom,drone,dropout,0,0,,,450.9923465233675,284.9923465233675,,,,,1.452662960854581e-13,2.3501523932853667e-16,0.0,0.0,world_xy,0,0.3525057242973877,0.10152248594154346,1.5,-4.500000000000002,0.1,0.25,-4.852505724297389,-0.0015224859415434583,4.85250596313929
33.64650201797485,3.41,zoom,drone,dropout,0,0,,,450.9923465233675,284.9923465233675,,,,,9.442309245554777e-14,1.5275990556354885e-16,0.0,0.0,world_xy,0,0.35250572429738913,0.10152248594154346,1.5,-4.425000000000001,0.1,0.25,-4.77750572429739,-0.0015224859415434583,4.777505966888767
33.73294138908386,3.42,zoom,drone,dropout,0,0,,,450.9923465233675,284.9923465233675,,,,,6.137501009610605e-14,9.929393861630676e-17,0.0,0.0,world_xy,0,0.3525057242973901,0.10152248594154346,1.5,-4.350000000000001,0.1,0.25,-4.702505724297391,-0.0015224859415434583,4.702505970757844
33.812681913375854,3.43,zoom,drone,dropout,0,0,,,450.9923465233675,284.9923465233675,,,,,3.989375656246894e-14,6.45410601005994e-17,0.0,0.0,world_xy,0,0.3525057242973907,0.10152248594154346,1.5,-4.275,0.1,0.25,-4.627505724297391,-0.0015224859415434583,4.627505974752336
33.90499496459961,3.44,zoom,drone,dropout,0,0,,,450.9923465233675,284.9923465233675,,,,,2.593094176560481e-14,4.1951689065389616e-17,0.0,0.0,world_xy,0,0.3525057242973911,0.10152248594154346,1.5,-4.200000000000002,0.1,0.25,-4.552505724297393,-0.0015224859415434583,4.552505978878443
33.980329751968384,3.45,zoom,drone,dropout,0,0,,,450.9923465233675,284.9923465233675,,,,,1.6855112147643128e-14,2.726859789250325e-17,0.0,0.0,world_xy,0,0.35250572429739135,0.10152248594154346,1.5,-4.125,0.1,0.25,-4.477505724297392,-0.0015224859415434583,4.477505983142776
34.06304311752319,3.46,zoom,drone,dropout,0,0,,,450.9923465233675,284.9923465233675,,,,,1.0955822895968033e-14,1.7724588630127114e-17,0.0,0.0,world_xy,0,0.3525057242973915,0.10152248594154346,1.5,-4.050000000000002,0.1,0.25,-4.402505724297393,-0.0015224859415434583,4.402505987552403
34.11779046058655,3.47,zoom,drone,dropout,0,0,,,450.9923465233675,284.9923465233675,,,,,7.121284882379221e-15,1.1520982609582624e-17,0.0,0.0,world_xy,0,0.35250572429739163,0.10152248594154346,1.5,-3.9749999999999996,0.1,0.25,-4.327505724297391,-0.0015224859415434583,4.327505992114873
34.17966413497925,3.48,zoom,drone,dropout,0,0,,,450.9923465233675,284.9923465233675,,,,,4.628835173546494e-15,7.488638696228706e-18,0.0,0.0,world_xy,0,0.3525057242973917,0.10152248594154346,1.5,-3.9000000000000012,0.1,0.25,-4.252505724297393,-0.0015224859415434583,4.252505996838281
34.25845742225647,3.49,zoom,drone,dropout,0,0,,,450.9923465233675,284.9923465233675,,,,,3.0087428628052213e-15,4.867615152548659e-18,0.0,0.0,world_xy,0,0.35250572429739174,0.10152248594154346,1.5,-3.8249999999999997,0.1,0.25,-4.177505724297392,-0.0015224859415434583,4.177506001731286
34.34690594673157,3.5,zoom,drone,dropout,0,0,,,450.9923465233675,284.9923465233675,,,,,1.955682860823394e-15,3.1639498491566285e-18,0.0,0.0,world_xy,0,0.3525057242973918,0.10152248594154346,1.5,-3.7500000000000013,0.1,0.25,-4.1025057242973935,-0.0015224859415434583,4.102506006803198
34.41577458381653,3.5100000000000002,zoom,drone,dropout,0,0,,,450.9923465233675,284.9923465233675,,,,,1.271193859535206e-15,2.0565674019518086e-18,0.0,0.0,world_xy,0,0.3525057242973918,0.10152248594154346,1.5,-3.675,0.1,0.25,-4.0275057242973915,-0.0015224859415434583,4.027506012064005
34.47035336494446,3.52,zoom,drone,dropout,0,0,,,450.9923465233675,284.9923465233675,,,,,8.262760086978839e-16,1.3367688112686756e-18,0.0,0.0,world_xy,0,0.3525057242973918,0.10152248594154346,1.5,-3.6000000000000014,0.1,0.25,-3.952505724297393,-0.0015224859415434583,3.9525060175244646
34.52357792854309,3.5300000000000002,zoom,drone,dropout,1,0,2.5721868365180467,287.45222929936307,450.9923465233675,284.9923465233675,,,,,5.370794056536246e-16,8.688997273246391e-19,0.0,0.0,world_xy,0,0.3525057242973918,0.10152248594154346,1.5,-3.5249999999999995,0.1,0.25,-3.877505724297391,-0.0015224859415434583,3.8775060231961573
34.57510042190552,3.54,zoom,drone,dropout,1,0,6.241293532338308,287.4618573797678,450.9923465233675,284.9923465233675,,,,,3.4910161367485597e-16,5.647848227610155e-19,0.0,0.0,world_xy,0,0.3525057242973918,0.10152248594154346,1.5,-3.450000000000001,0.1,0.25,-3.8025057242973928,-0.0015224859415434583,3.802506029091589
34.62617039680481,3.5500000000000003,zoom,drone,dropout,1,0,10.087308470656259,287.449696444059,450.9923465233675,284.9923465233675,,,,,2.2691604888865637e-16,3.6711013479466005e-19,0.0,0.0,world_xy,0,0.3525057242973918,0.10152248594154346,1.5,-3.374999999999999,0.1,0.25,-3.727505724297391,-0.0015224859415434583,3.727506035224257
34.68778347969055,3.56,zoom,drone,dropout,1,0,14.168470007593013,287.4464692482916,450.9923465233675,284.9923465233675,,,,,1.4749543177762665e-16,2.38621587616529e-19,0.0,0.0,world_xy,0,0.3525057242973918,0.10152248594154346,1.5,-3.3000000000000007,0.1,0.25,-3.6525057242973924,-0.0015224859415434583,3.652506041608783
34.74081635475159,3.5700000000000003,zoom,drone,dropout,1,0,18.45286088125044,287.3847513968456,450.9923465233675,284.9923465233675,,,,,9.587203065545733e-17,1.5510403195074386e-19,0.0,0.0,world_xy,0,0.3525057242973918,0.10152248594154346,1.5,-3.224999999999999,0.1,0.25,-3.577505724297391,-0.0015224859415434583,3.5775060482610006
34.79160690307617,3.58,zoom,drone,dropout,1,0,23.098399085191538,287.4022298456261,450.9923465233675,284.9923465233675,,,,,6.231681992604726e-17,1.0081762076798351e-19,0.0,0.0,world_xy,0,0.3525057242973918,0.10152248594154346,1.5,-3.150000000000001,0.1,0.25,-3.5025057242973925,-0.0015224859415434583,3.5025060551981126
34.84446597099304,3.59,zoom,drone,dropout,1,0,28.399980223474735,287.3935034114506,450.9923465233675,284.9923465233675,,,,,4.0505932951930724e-17,6.553145349918928e-20,0.0,0.0,world_xy,0,0.3525057242973918,0.10152248594154346,1.5,-3.0750000000000024,0.1,0.25,-3.427505724297394,-0.0015224859415434583,3.4275060624388174
